filename,start,end,content,techniques,persuasion_strategies,Attack_on_Reputation,Justification,Distraction,Simplification,Call,Manipulative_Wording,content_uk
pl_hate_speech_act_19_12_2024_n08.txt,8047,8101,Ciągle pokutuje mit o Polsce jako kraju tolerancyjnym.,"['Appeal_to_Hypocrisy', 'Doubt']",['Attack_on_Reputation'],True,False,False,False,False,False,Постійно існує міф про Польщу як про толерантну країну.
pl_defence_22_05_2024_n01.txt,3160,3187,Rzeczywiście to jest hańba.,"['Exaggeration-Minimisation', 'Loaded_Language']",['Manipulative_Wording'],False,False,False,False,False,True,"Дійсно, це ганьба."
pl_current_affairs_09_01_2025_n02.txt,3965,4288,"Posłowie Joanna Borowiak i Anna Gembicka z Klubu Parlamentarnego Prawo i Sprawiedliwość zadadzą pytania w sprawie decyzji generalnego dyrektora ochrony środowiska z grudnia 2024 r. torpedującej budowę stopnia wodnego w Siarzewie, inwestycji zapewnionej przez rząd PiS i gwarantującej bezpieczeństwo przeciwpowodziowe Kujaw.",['Loaded_Language'],['Manipulative_Wording'],False,False,False,False,False,True,"Народні депутати Йоанна Боров'як та Анна Гембіцька з парламентського клубу «Право і Справедливість» зададуть питання щодо рішення генерального директора з охорони навколишнього середовища від грудня 2024 року, яке заблокувало будівництво шлюзу в Сіаржеві, інвестиції, забезпеченої урядом PiS та гарантуючої протипаводковий захист Куявії."
pl_eu_03_04_2025_n05.txt,1975,2091,"Zachęcam do tego, żeby na posiedzeniach tej komisji było mniej hipokryzji ze strony pana posła, a więcej współpracy.",['Questioning_the_Reputation'],['Attack_on_Reputation'],True,False,False,False,False,False,"Закликаю до того, щоб на засіданнях цієї комісії було менше лицемірства з боку пана депутата, а більше співпраці."
pl_defence_07_03_2025_n08.txt,2405,2485,"Co prawda tam klimatyzacji nie ma, ale przynajmniej żołnierze w środku nie giną.",[],[],False,False,False,False,False,False,"Щоправда, там немає кондиціонування, але принаймні солдати всередині не гинуть."
pl_abortion_11_04_2024_n03.txt,248,316,"Drogie, Szanowne Działaczki Ruchów Kobiecych i Działaczki Aborcyjne!",['Flag_Waving'],['Justification'],False,True,False,False,False,False,"Дорогі, шановні діячки жіночих рухів та діячки аборту!"
pl_defence_07_03_2025_n04.txt,7999,8242,"Dzięki liderstwu ministra obrony narodowej Władysława Kosiniaka-Kamysza tworzona jest nowa europejska polityka bezpieczeństwa, co w praktyce potwierdziła wizyta sekretarza obrony Stanów Zjednoczonych w Polsce. (Poseł Krzysztof Bosak: Litości…)",[],[],False,False,False,False,False,False,"Завдяки лідерству міністра національної оборони Владислава Косіняка-Камиша створюється нова європейська політика безпеки, що на практиці підтвердила візит секретаря оборони Сполучених Штатів до Польщі. (Депутат Кшиштоф Босак: Милосердя…)"
pl_defence_22_05_2024_n03.txt,6270,6399,"Dzisiaj jest w pańskiej ręce jedna decyzja jako szefa PSL-u – o wycofaniu konkurencyjnego projektu uchwały, który został złożony…",[],[],False,False,False,False,False,False,"Сьогодні в ваших руках є одне рішення як голови ПСЛ – відкликати конкурентний проєкт постанови, який було подано…"
pl_abortion_11_04_2024_n04.txt,7653,7724,Witam was serdecznie. (Oklaski) (Poseł Urszula Pasławska: Pozdrawiamy.),[],[],False,False,False,False,False,False,Вітаю вас сердечно. (Оплески) (Депутат Уршуля Паславська: Вітаємо.)
pl_abortion_11_04_2024_n04.txt,455,500,W Polsce jedna kobieta na trzy miała aborcję.,"['Appeal_to_Popularity', 'Repetition']","['Justification', 'Manipulative_Wording']",False,True,False,False,False,True,В Польщі одна жінка з трьох робила аборт.
pl_current_affairs_09_01_2025_n03.txt,594,633,Oczywiście to jest wasza stara śpiewka.,"['Conversation_Killer', 'Loaded_Language', 'Questioning_the_Reputation']","['Attack_on_Reputation', 'Call', 'Manipulative_Wording']",True,False,False,False,True,True,"Звичайно, це ваша стара пісня."
pl_abortion_11_04_2024_n14.txt,3172,3216,Poseł Elżbieta Burkiewicz: Pani Marszałkini!,[],[],False,False,False,False,False,False,Депутат Ельжбета Буркевич: Пані Маршалко!
pl_defence_22_05_2024_n01.txt,416,554,"A więc, panie ministrze, znaczy się, jest dobrze czy wręcz przeciwnie – używając cytatu z pewnego filmu z klasyki polskiej kinematografii.",[],[],False,False,False,False,False,False,"Отже, пане міністре, тобто, все добре чи навпаки – використовуючи цитату з певного фільму з класики польської кінематографії."
pl_hate_speech_act_19_12_2024_n04.txt,6560,6641,"Zapraszam pana posła Michała Pyrzyka, Polskie Stronnictwo Ludowe – Trzecia Droga.",[],[],False,False,False,False,False,False,"Запрошую пана посла Міхала Пижика, Польська селянська партія – Третя дорога."
pl_eu_03_04_2025_n05.txt,8321,8454,"Przyjęty został również plan działań na rzecz bezpieczeństwa i obrony, który został zaproponowany przez Europejski Bank Inwestycyjny.",[],[],False,False,False,False,False,False,"Також було прийнято план дій щодо безпеки та оборони, який запропонував Європейський інвестиційний банк."
pl_abortion_11_04_2024_n01.txt,3909,3974,Lewica składa ustawę dotyczącą dekryminalizacji pomocy w aborcji.,['False_Dilemma-No_Choice'],['Simplification'],False,False,False,True,False,False,Лівиця подає законопроєкт про декриміналізацію допомоги в аборті.
pl_hate_speech_act_19_12_2024_n09.txt,2825,2894,A tu chodzi o zapewnienie ochrony osobom pokrzywdzonym dyskryminacją.,['Appeal_to_Pity'],['Distraction'],False,False,True,False,False,False,"І тут йдеться про забезпечення захисту осіб, які постраждали від дискримінації."
pl_eu_03_04_2025_n01.txt,1298,1438,Przedstawiam sprawozdanie Rady Ministrów dla Sejmu i Senatu o aktywności Polski w czasie prezydencji węgierskiej w Radzie Unii Europejskiej.,[],[],False,False,False,False,False,False,Представляю звіт Ради Міністрів перед Сеймом і Сенатом про діяльність Польщі під час угорського головування в Раді Європейського Союзу.
pl_abortion_11_04_2024_n05.txt,4140,4211,Bo przecież kobiety w Polsce wciąż są w bardzo niebezpiecznym momencie.,"['Exaggeration-Minimisation', 'Appeal_to_Pity']","['Distraction', 'Manipulative_Wording']",False,False,True,False,False,True,Бо ж жінки в Польщі досі перебувають у дуже небезпечному становищі.
pl_abortion_11_04_2024_n03.txt,9280,9325,Zakaz aborcji zabija i nie likwiduje aborcji.,"['Consequential_Oversimplification', 'Loaded_Language', 'Doubt', 'Appeal_to_Fear-Prejudice']","['Attack_on_Reputation', 'Justification', 'Simplification', 'Manipulative_Wording']",True,True,False,True,False,True,Заборона абортів не вбиває і не ліквідує аборти.
pl_defence_07_03_2025_n05.txt,2854,2972,"Łączy to ze sobą, mówi, że NATO to jest sojusz, dzięki któremu Ameryka powinna osiągać określone korzyści gospodarcze.","['Questioning_the_Reputation', 'Repetition']","['Attack_on_Reputation', 'Manipulative_Wording']",True,False,False,False,False,True,"Це пов'язує їх разом, каже він, що НАТО – це союз, завдяки якому Америка повинна отримувати певні економічні вигоди."
pl_abortion_11_04_2024_n10.txt,1367,1521,"Koniec z zasłanianiem się światopoglądem, koniec z zasłanianiem się referendum, koniec z powtarzaniem nieprawdziwych stereotypów na temat terminacji ciąż.","['Conversation_Killer', 'Appeal_to_Time', 'Repetition']","['Call', 'Manipulative_Wording']",False,False,False,False,True,True,"Кінець приховуванню за світоглядом, кінець приховуванню за референдумом, кінець повторенню неправдивих стереотипів про переривання вагітності."
pl_eu_03_04_2025_n01.txt,7332,7414,To jest ważny kierunek z punktu widzenia polskiego i europejskiego bezpieczeństwa.,['Flag_Waving'],['Justification'],False,True,False,False,False,False,Це важливий напрямок з точки зору польської та європейської безпеки.
pl_eu_03_04_2025_n05.txt,1072,1280,"Ówczesna pani wojewoda Leniart przecinała wstęgi, otwierała centra integracji cudzoziemców, a dzisiaj już pani posłanka Leniart robi konferencje prasowe i protestuje przeciwko centrom integracji cudzoziemców.",['Appeal_to_Hypocrisy'],['Attack_on_Reputation'],True,False,False,False,False,False,"Тодішня пані воєвода Ленярт перерізала стрічки, відкривала центри інтеграції іноземців, а сьогодні пані депутатка Ленярт проводить прес-конференції та протестує проти центрів інтеграції іноземців."
pl_hate_speech_act_19_12_2024_n02.txt,4757,4865,"To były siniaki na ciele młodych osób, które w 2019 r. chciały uczestniczyć w marszu równości w Białymstoku.",[],[],False,False,False,False,False,False,"Це були синці на тілах молодих людей, які у 2019 році хотіли взяти участь у марші рівності в Білостоці."
pl_defence_07_03_2025_n06.txt,1802,1977,"Nie można już ślepo wierzyć Trumpowi, nie można go chwalić za wszystko, nie można tłumaczyć każdego jednego jego słowa, że się przejęzyczył, że ma specyficzny sposób mówienia.","['Conversation_Killer', 'Loaded_Language', 'Doubt', 'Repetition']","['Attack_on_Reputation', 'Call', 'Manipulative_Wording']",True,False,False,False,True,True,"Більше не можна сліпо вірити Трампу, не можна його хвалити за все, не можна пояснювати кожне його слово, що він помилився, що у нього специфічний спосіб говорити."
pl_statements_20_02_2025_n03.txt,5502,5529,"Proszę bardzo, panią poseł.",[],[],False,False,False,False,False,False,"Будь ласка, пані депутатко."
pl_eu_03_04_2025_n07.txt,5545,5563,Kryzys migracyjny.,[],[],False,False,False,False,False,False,Міграційна криза.
pl_defence_22_05_2024_n04.txt,8382,8453,10 mld na zabezpieczenie wschodniej granicy to bardzo dobra informacja.,[],[],False,False,False,False,False,False,10 млрд на захист східного кордону – дуже хороша новина.
pl_eu_03_04_2025_n01.txt,2880,3009,"Odwiedził on Moskwę, a potem Pekin, określając ten wyjazd jako reprezentowanie całej Unii Europejskiej ze względu na prezydencję.","['Appeal_to_Hypocrisy', 'Doubt']",['Attack_on_Reputation'],True,False,False,False,False,False,"Він відвідав Москву, а потім Пекін, назвавши цю поїздку представництвом усієї Європи через головування."
pl_defence_22_05_2024_n02.txt,3104,3174,Zaledwie 4% Polaków ma szansę na znalezienie bezpiecznego schronienia.,['Doubt'],['Attack_on_Reputation'],True,False,False,False,False,False,Лише 4% поляків мають шанс знайти безпечне укриття.
pl_abortion_11_04_2024_n13.txt,5875,5922,Poseł Żaneta Cwalina-Śliwowska: Pani Marszałek!,[],[],False,False,False,False,False,False,Депутат Жанета Цваліна-Слівовська: Пані Маршалку!
pl_abortion_11_04_2024_n05.txt,2619,2783,"Ale prawda jest taka, że mam nieodparte wrażenie, że lewicy chodzi tylko o dyskusję, tak samo jak prawicy, a problemy kobiet do tej pory są nierozwiązane. (Oklaski)",['Straw_Man'],['Distraction'],False,False,True,False,False,False,"Але правда полягає в тому, що у мене є непереборне відчуття, що ліві хочуть лише дискутувати, так само як і праві, а проблеми жінок досі не вирішені. (Оплески)"
pl_eu_03_04_2025_n02.txt,2607,2646,Wskazywałem na samym początku dlaczego.,[],[],False,False,False,False,False,False,"Я вказував на початку, чому."
pl_eu_12_06_2024_n02.txt,5963,6011,Poseł Janusz Kowalski: Szanowny Panie Marszałku!,[],[],False,False,False,False,False,False,Шановний пане Маршалку!
pl_current_affairs_09_01_2025_n02.txt,4659,4794,"Tego, jak ważne jest bezpieczeństwo przeciwpowodziowe, boleśnie doświadczyli mieszkańcy Dolnego Śląska i Opolszczyzny we wrześniu ub.r.",[],[],False,False,False,False,False,False,"Цього, наскільки важливим є протипаводковий захист, на власному досвіді відчули мешканці Нижньої Сілезії та Опольщини у вересні минулого року."
pl_current_affairs_09_01_2025_n01.txt,8175,8317,"To jest nowy program, nowe świadczenie i po to są weryfikacje i postępowania ręczne, by każdy rodzic miał szansę te dane poprawić i uzupełnić.",[],[],False,False,False,False,False,False,"Це нова програма, нова виплата, і саме для цього існують перевірки та ручні процедури, щоб кожен батько мав можливість виправити та доповнити ці дані."
pl_eu_12_06_2024_n04.txt,4535,4721,Z perspektywy bezpieczeństwa prezydencji kluczowe znaczenie mają przepisy dotyczące opracowania planów zapewnienia bezpieczeństwa i porządku publicznego dla centralnych obiektów spotkań.,[],[],False,False,False,False,False,False,"З точки зору безпеки президентства, вирішальне значення мають положення щодо розробки планів забезпечення безпеки та громадського порядку для центральних об'єктів зустрічей."
pl_abortion_11_04_2024_n13.txt,822,890,"Skoro zatem kobiety chcą wyboru, to mamy obowiązek dać im ten wybór.","['Conversation_Killer', 'Causal_Oversimplification', 'Appeal_to_Popularity']","['Justification', 'Simplification', 'Call']",False,True,False,True,True,False,"Якщо жінки хочуть вибору, ми зобов'язані дати їм цей вибір."
pl_defence_22_05_2024_n02.txt,3919,3983,"Niestety nie dały rady, ponieważ przegrały z polską biurokracją.","['Causal_Oversimplification', 'Questioning_the_Reputation']","['Attack_on_Reputation', 'Simplification']",True,False,False,True,False,False,"На жаль, вони не змогли цього зробити, оскільки програли польській бюрократії."
pl_defence_07_03_2025_n01.txt,6858,7016,"Jeżeli Unia Europejska nagle się obudziła, po czasie, znowu, tak jak Donald Tusk, jeśli chodzi o budowę własnego potencjału, to my jesteśmy tego entuzjastami.","['Loaded_Language', 'Questioning_the_Reputation']","['Attack_on_Reputation', 'Manipulative_Wording']",True,False,False,False,False,True,"Якщо Європейський Союз раптом прокинувся, після певного часу, знову, як Дональд Туск, щодо побудови власного потенціалу, то ми є його ентузіастами."
pl_defence_22_05_2024_n04.txt,8948,9028,Chciałem zapytać o przygotowanie Sił Zbrojnych w Polsce do walki elektronicznej.,[],[],False,False,False,False,False,False,Хотів запитати про підготовку Збройних сил Польщі до ведення електронної війни.
pl_abortion_11_04_2024_n09.txt,5983,6044,Poseł Jarosław Sachajko: …jego wrażliwość i odpowiedzialność.,[],[],False,False,False,False,False,False,Депутат Ярослав Сахайко: …його чутливість і відповідальність.
pl_abortion_11_04_2024_n08.txt,5974,6132,"Rozmawiam z nimi, pytam, czy zmieniliście zdanie, czy jesteście teraz przeciw życiu, czy jesteście przeciw temu, żeby małe, bezbronne dzieci mogły się rodzić.",[],[],False,False,False,False,False,False,"Розмовляю з ними, питаю, чи змінили ви свою думку, чи ви тепер проти життя, чи ви проти того, щоб маленькі, беззахисні діти могли народжуватися."
pl_defence_22_05_2024_n01.txt,4043,4103,(Głos z sali: Dokładnie tak.) A co wy robiliście po napaści?,['Appeal_to_Hypocrisy'],['Attack_on_Reputation'],True,False,False,False,False,False,(Голос з залу: Саме так.) А що ви зробили після нападу?
pl_current_affairs_09_01_2025_n03.txt,5050,5306,Posłowie Marcin Bosacki i Andrzej Szewiński z Klubu Parlamentarnego Koalicja Obywatelska zadadzą pytanie w sprawie braku zakupu umundurowania dla żołnierzy Wojska Polskiego w okresie pełnienia funkcji ministra obrony narodowej przez Antoniego Macierewicza.,[],[],False,False,False,False,False,False,"Народні депутати Марцін Босацький та Анджей Шевінскі з Парламентського клубу Громадянська коаліція зададуть питання щодо відсутності закупівлі обмундирування для солдатів Війська Польського в період, коли Антоні Мацеревич обіймав посаду міністра національної оборони."
pl_eu_03_04_2025_n05.txt,2749,3110,"Gdyby był pan takim dobrym ministrem za czasów rządów PiS-u… (Poseł Szymon Szynkowski vel Sęk: Ale już nie jestem ministrem.) …jak dobrze umie pan przez 10 minut mówić o niczym, to na pewno Polska miałaby za waszych czasów dużo lepszą sytuację w Unii Europejskiej. (Oklaski) (Poseł Szymon Szynkowski vel Sęk: Gdy mówię o pracy Adama Szłapki, to mówię o niczym?)","['Questioning_the_Reputation', 'Doubt']",['Attack_on_Reputation'],True,False,False,False,False,False,"Якби ви були таким хорошим міністром за часів правління PiS… (Депутат Шимон Шиньковський вель Сек: Але я вже не міністр.) …як добре вмієте говорити про нічого протягом 10 хвилин, то, напевно, Польща мала б за вашого часу набагато кращу ситуацію в Європейському Союзі. (Оплески) (Депутат Шимон Шиньковський вель Сек: Коли я говорю про роботу Адама Шлапки, я говорю про нічого?)"
pl_abortion_11_04_2024_n11.txt,1009,1105,"To cytat z Janusza Korczaka, polskiego bohatera, który kochał dzieci i poświęcił im swoje życie.",['Appeal_to_Authority'],['Justification'],False,True,False,False,False,False,"Це цитата з Януша Корчака, польського героя, який любив дітей і присвятив їм своє життя."
pl_eu_03_04_2025_n01.txt,1765,1794,To był na pewno trudny okres.,[],[],False,False,False,False,False,False,"Це був, напевно, складний період."
pl_abortion_11_04_2024_n05.txt,5496,5553,"Tylko hipokryci zamykają oczy i udają, że aborcji nie ma.","['Conversation_Killer', 'Repetition']","['Call', 'Manipulative_Wording']",False,False,False,False,True,True,"Тільки лицеміри закривають очі і роблять вигляд, що абортів не існує."
pl_abortion_11_04_2024_n09.txt,1901,1933,Coś się aktywistom nie zgadzało.,['False_Equivalence'],['Simplification'],False,False,False,True,False,False,Щось не подобалося активістам.
pl_defence_07_03_2025_n05.txt,2652,2709,Jako żywo trudno uznać te państwa za naszych sojuszników.,['False_Dilemma-No_Choice'],['Simplification'],False,False,False,True,False,False,"Як живі, важко вважати ці країни нашими союзниками."
pl_eu_03_04_2025_n04.txt,1286,1416,"Pani przewodnicząca się stara, a pan minister cały czas sukcesów na arenie europejskiej nie odnotowuje. (Głos z sali: Ha, ha, ha!)",['Doubt'],['Attack_on_Reputation'],True,False,False,False,False,False,"Пані головуюча старається, а пан міністр весь час успіхів на арені європейській не відзначає. (Голос з зали: Ха, ха, ха!)"
pl_defence_07_03_2025_n02.txt,7445,7802,"Dzisiaj każda polityczna wypowiedź musi zaczynać się od przypomnienia wszystkim raz jeszcze – chodzi też o to, żebyśmy mieli odwagę wypowiedzieć to także na forum międzynarodowym – że to Putin, że to Rosja napadła Ukrainę, że to jest część rosyjskiej polityki imperialnej, od kilkuset lat wymierzonej w nasze państwo i inne państwa i narody Europy Środkowej.","['Loaded_Language', 'Flag_Waving', 'Questioning_the_Reputation', 'Name_Calling-Labeling']","['Attack_on_Reputation', 'Justification', 'Manipulative_Wording']",True,True,False,False,False,True,"Сьогодні кожна політична заява має починатися з нагадування всім ще раз – йдеться також про те, щоб ми мали мужність сказати це також на міжнародній арені – що саме Путін, саме Росія напала на Україну, що це частина російської імперської політики, яка вже кілька століть спрямована проти нашої держави та інших держав і народів Центральної Європи."
pl_abortion_11_04_2024_n01.txt,2316,2518,"Dla kochającego męża, partnera, dla matki, dla siostry, dla przyjaciółki, która chce służyć radą, która chce służyć pomocą i kupuje tabletki, którymi teraz, współcześnie najpowszechniej usuwa się ciążę.","['Appeal_to_Pity', 'Appeal_to_Popularity']","['Justification', 'Distraction']",False,True,True,False,False,False,"Для коханого чоловіка, партнера, для матері, для сестри, для подруги, яка хоче дати пораду, яка хоче допомогти і купує таблетки, якими зараз, у наш час, найчастіше переривають вагітність."
pl_defence_07_03_2025_n01.txt,4349,4655,"Pan premier mówi o jedności narodowej, a na tym posiedzeniu była procedowana ustawa o Radzie Ministrów, która przewiduje wykreślenie przedstawiciela prezydenta Rzeczypospolitej z listy uczestników tych posiedzeń Rady Ministrów, które będą poświęcone bezpieczeństwu państwa. (Poseł Barbara Bartuś: Skandal!)","['Appeal_to_Hypocrisy', 'Loaded_Language']","['Attack_on_Reputation', 'Manipulative_Wording']",True,False,False,False,False,True,"Пан прем'єр-міністр говорить про національну єдність, а на цьому засіданні було розглянуто законопроект про Раду міністрів, який передбачає виключення представника президента Республіки Польща зі списку учасників засідань Ради міністрів, які будуть присвячені безпеці держави. (Депутат Барбара Бартусь: Скандал!)"
pl_eu_03_04_2025_n07.txt,866,888,Kilka miesięcy minęło.,['Doubt'],['Attack_on_Reputation'],True,False,False,False,False,False,Минуло кілька місяців.
pl_eu_12_06_2024_n03.txt,2892,3045,"Natomiast odnośnie do tego, co najbardziej mnie również bulwersuje, czyli wyjęcia spod zamówień publicznych szeregu inwestycji: Jakie to będą inwestycje?","['Loaded_Language', 'Repetition']",['Manipulative_Wording'],False,False,False,False,False,True,"Щодо того, що мене також найбільше обурює, тобто вилучення низки інвестицій з публічних замовлень: Які це будуть інвестиції?"
pl_abortion_11_04_2024_n01.txt,4031,4229,"Kiedyś były dokonywane różnymi dziwnymi narzędziami, niebezpiecznymi, takimi jak wieszak, który stał się symbolem protestów kobiet w poprzednich kadencjach Sejmu, kiedy to prawo w Polsce zaostrzono.",['Appeal_to_Fear-Prejudice'],['Justification'],False,True,False,False,False,False,"Колись це робилося різними дивними інструментами, небезпечними, такими як вішалка, яка стала символом протестів жінок у попередніх скликаннях Сейму, коли право в Польщі було посилено."
pl_eu_03_04_2025_n05.txt,4770,4826,"Ważne jest oczywiście też to, o czym mówił pan minister.",[],[],False,False,False,False,False,False,"Важливо, звісно, також те, про що говорив пан міністр."
pl_abortion_11_04_2024_n08.txt,2475,2522,"Proszę państwa, można by jeszcze mówić i mówić.",['Conversation_Killer'],['Call'],False,False,False,False,True,False,"Шановні пані та панове, можна було б ще говорити і говорити."
pl_abortion_11_04_2024_n02.txt,1423,1809,"Posłanka Żukowska mówiła o partnerze, który stanął przed sądem za to, że pomógł swojej partnerce w przerwaniu ciąży – panu Grzegorzu z Pińczowa; o matce, która pomogła 16-letniej córce przerwać ciążę; o Justynie Wydrzyńskiej z Aborcji bez Granic, która została skazana za to, że dostarczyła tabletki do aborcji farmakologicznej kobiecie, która była ofiarą przemocy i błagała ją o pomoc.",[],[],False,False,False,False,False,False,"Народна депутатка Жуковська говорила про партнера, який постав перед судом за те, що допоміг своїй партнерці перервати вагітність – пана Гжегожа з Пінчова; про матір, яка допомогла 16-річній доньці перервати вагітність; про Юстину Видринську з Aborcja bez Granic, яку засудили за те, що вона надала таблетки для фармакологічного аборту жінці, яка була жертвою насильства і благала її про допомогу."
pl_defence_07_03_2025_n03.txt,588,666,Niech pan z tego nie żartuje. (Poseł Piotr Gliński: Za waszą odpowiedzialność.,['Repetition'],['Manipulative_Wording'],False,False,False,False,False,True,Не жартуйте з цього. (Депутат Пйотр Ґлінські: За вашу відповідальність.
pl_statements_20_02_2025_n02.txt,1564,1744,"W trakcie poprzedniego posiedzenia Sejmu punkt: oświadczenia poselskie w ostatniej fazie został zdominowany przez wypowiedzi dotyczące Centralnego Portu Komunikacyjnego, czyli CPK.",[],[],False,False,False,False,False,False,"Під час попереднього засідання Сейму пункт: депутатські заяви на останній стадії був домінуючий висловлюваннями щодо Центрального транспортного порту, тобто CPK."
pl_abortion_11_04_2024_n02.txt,6116,6157,Dziękuję. (Oklaski) (Głos z sali: Brawo!),[],[],False,False,False,False,False,False,Дякую. (Оплески) (Голос із залу: Браво!)
pl_eu_12_06_2024_n04.txt,8473,8567,Ochrona danych osobowych to jest standard postępowania we wszystkich poprzednich specustawach.,[],[],False,False,False,False,False,False,Захист персональних даних є стандартом поведінки у всіх попередніх спеціальних законах.
pl_abortion_11_04_2024_n13.txt,5232,5296,Prawo do aborcji to prawo do decyzji i świadomego rodzicielstwa.,['Obfuscation-Vagueness-Confusion'],['Manipulative_Wording'],False,False,False,False,False,True,Право на аборт – це право на прийняття рішень та свідоме батьківство.
pl_abortion_11_04_2024_n02.txt,311,354,"Jest to kobieta po czterdziestce, z jaskrą.",[],[],False,False,False,False,False,False,"Це жінка за сорок, з веснянками."
pl_defence_22_05_2024_n02.txt,807,993,"Ustawa o ochronie Ojczyzny obowiązuje już od ponad 2 lat, a do tej pory nie ma do niej wydanych 12 niezbędnych rozporządzeń, w wyniku czego Wojsko Polskie nawet nie może się mobilizować.",[],[],False,False,False,False,False,False,"Закон про захист Вітчизни діє вже понад 2 роки, але досі не видано 12 необхідних постанов, через що польські війська навіть не можуть мобілізуватися."
pl_abortion_11_04_2024_n08.txt,3060,3092,Dlaczego tak nie lubicie dzieci?,['Whataboutism'],['Distraction'],False,False,True,False,False,False,Чому ви так не любите дітей?
pl_hate_speech_act_19_12_2024_n07.txt,456,691,"Nikt nie może być dyskryminowany, prześladowany, padać ofiarą przemocy, przestępstwa ze względu na jakąkolwiek cechę, w tym ze względu na te cechy, o które projekt rozszerza ochronę, takie jak orientacja, płeć, wiek, niepełnosprawność.",['Appeal_to_Values'],['Justification'],False,True,False,False,False,False,"Ніхто не може бути дискримінований, переслідуваний, зазнавати насильства, злочину через будь-яку ознаку, зокрема через ті ознаки, які проєкт розширює захист, такі як орієнтація, стать, вік, інвалідність."
pl_abortion_11_04_2024_n08.txt,7269,7441,"Jesteśmy za tym, żeby dzieci się rodziły, żeby pomagać kobietom, które są w trudnej sytuacji, parom, które są w trudnej sytuacji, wspierać je, by wspierać pomoc prenatalną.",['Appeal_to_Values'],['Justification'],False,True,False,False,False,False,"Ми за те, щоб діти народжувалися, щоб допомагати жінкам, які перебувають у скрутному становищі, парам, які перебувають у скрутному становищі, підтримувати їх, щоб підтримувати допологову допомогу."
pl_abortion_11_04_2024_n02.txt,829,905,"Ania zamówiła tabletki, ale boi się, że w czasie pandemii nie dotrą na czas.",[],[],False,False,False,False,False,False,"Аня замовила таблетки, але боїться, що під час пандемії вони не прибудуть вчасно."
pl_abortion_11_04_2024_n13.txt,7639,7888,"Pani Karino, to nie jest żadne poświęcenie, to był pani wybór, że pani urodziła trójkę dzieci. (Gwar na sali, dzwonek) To był pani wybór, że pani przychodziła na salę sejmową i karmiła tutaj dziecko. (Poseł Przemysław Wipler: Niech pani nie kłamie.)","['Exaggeration-Minimisation', 'Questioning_the_Reputation']","['Attack_on_Reputation', 'Manipulative_Wording']",True,False,False,False,False,True,"Пані Каріно, це не є жодною жертвою, це був ваш вибір, що ви народили трьох дітей. (Гучний сміх у залі, дзвінок) Це був ваш вибір, що ви приходили до сесійної зали і годували тут дитину. (Депутат Пшемислав Віплер: Не брешіть.)"
pl_abortion_11_04_2024_n10.txt,3782,3981,"Ja, proszę państwa, nie chcę nikogo stawiać przed takim dylematem i wnioskuję, aby mieć z tyłu głowy te dramatyczne historie… (Gwar na sali) (Poseł Jarosław Sachajko: Ładnie, ładnie, pani marszałek.)","['Loaded_Language', 'Appeal_to_Pity']","['Distraction', 'Manipulative_Wording']",False,False,True,False,False,True,"Я, прошу пані та панове, не хочу ставити нікого перед таким дилемою і пропоную, щоб у вас за спиною були ці драматичні історії… (Гучний сміх у залі) (Депутат Ярослав Сахайко: Гарно, гарно, пані маршалку.)"
pl_defence_07_03_2025_n03.txt,5270,5479,Ale w tej podróży Polska 2050 Szymona Hołowni wraz z Polskim Stronnictwem Ludowym w ramach koalicji Trzeciej Drogi wzięła na siebie współodpowiedzialność za stabilizację sytuacji oraz budowanie bezpieczeństwa.,[],[],False,False,False,False,False,False,Але в цій подорожі Польща 2050 Шимона Головні разом з Польською селянською партією в рамках коаліції Третьої дороги взяла на себе спільну відповідальність за стабілізацію ситуації та зміцнення безпеки.
pl_abortion_11_04_2024_n05.txt,1945,2066,"Skoro klasa polityczna – tak jak słusznie zwróciłyście na to uwagę – przez 30 lat zawiodła kobiety, oddajmy głos Polakom.","['Flag_Waving', 'Doubt']","['Attack_on_Reputation', 'Justification']",True,True,False,False,False,False,"Оскільки політичний клас – як ви слушно зауважили – протягом 30 років не виправдав очікувань жінок, давайте дамо слово полякам."
pl_statements_20_02_2025_n03.txt,6634,6686,Poczta Polska przestanie być operatorem wyznaczonym.,['Appeal_to_Fear-Prejudice'],['Justification'],False,True,False,False,False,False,Укрпошта перестане бути призначеним оператором.
pl_defence_07_03_2025_n04.txt,422,490,"Przede wszystkim trzeba je wydawać mądrze, w europejskich fabrykach.",['Flag_Waving'],['Justification'],False,True,False,False,False,False,"Насамперед їх потрібно витрачати розумно, на європейських фабриках."
pl_current_affairs_09_01_2025_n01.txt,5808,5961,"Jak wskazuje sama nazwa ustawy – „Aktywny rodzic”, wspiera ona rodziców w aktywności zawodowej, pomagając powrócić na rynek pracy po narodzinach dziecka.",[],[],False,False,False,False,False,False,"Як свідчить сама назва закону – «Активний батько», він підтримує батьків у професійній діяльності, допомагаючи повернутися на ринок праці після народження дитини."
pl_hate_speech_act_19_12_2024_n07.txt,5160,5196,Poseł Ryszard Wilk: Panie Marszałku!,[],[],False,False,False,False,False,False,Депутат Ришард Вілк: Пане Маршалку!
pl_abortion_11_04_2024_n02.txt,1348,1389,Niektóre z tych imion nie są przypadkowe.,[],[],False,False,False,False,False,False,Деякі з цих імен не є випадковими.
pl_current_affairs_09_01_2025_n02.txt,1382,1497,"Sekretarz Stanu w Ministerstwie Rodziny, Pracy i Polityki Społecznej Aleksandra Gajewska: Szanowny Panie Marszałku!",[],[],False,False,False,False,False,False,"Державний секретар Міністерства сім'ї, праці та соціальної політики Олександра Гаєвська: Шановний пане Маршалку!"
pl_abortion_11_04_2024_n09.txt,171,286,"Debatujemy dzisiaj o bardzo ważnej i – ośmielę się powiedzieć – kluczowej dla nas sprawie, sprawie życia i śmierci.",['False_Dilemma-No_Choice'],['Simplification'],False,False,False,True,False,False,"Сьогодні ми обговорюємо дуже важливу і – дозволю собі сказати – ключову для нас справу, справу життя і смерті."
pl_statements_20_02_2025_n04.txt,6782,6884,Przez uwłaszczenie PKW doszło do finansowej walki Dawida z Goliatem na szczeblu wyborów prezydenckich.,['Loaded_Language'],['Manipulative_Wording'],False,False,False,False,False,True,Через ушляхетнення PKW відбулася фінансова боротьба Давида з Голіафом на рівні президентських виборів.
pl_defence_07_03_2025_n07.txt,4813,4934,"Tego świata, w którym wystarczyło odpowiednio często powtarzać zaklęcia o niewzruszonych sojuszach, po prostu już nie ma.","['Conversation_Killer', 'Loaded_Language', 'Repetition']","['Call', 'Manipulative_Wording']",False,False,False,False,True,True,"Цього світу, в якому достатньо було часто повторювати заклинання про непорушні союзи, просто вже немає."
pl_defence_07_03_2025_n03.txt,4717,4774,W takim wilczym świecie Polska nigdy się nie odnajdywała.,['Loaded_Language'],['Manipulative_Wording'],False,False,False,False,False,True,У такому вовчому світі Польща ніколи не знаходила себе.
pl_abortion_11_04_2024_n11.txt,884,1008,"To uwłaszczona miłość matki i ojca, u których będzie rosnąć nie nasze, własne dziecko, ale dusza przekazana na przechowanie.","['Loaded_Language', 'Appeal_to_Values']","['Justification', 'Manipulative_Wording']",False,True,False,False,False,True,"Це любов матері та батька, у яких буде рости не наша, власна дитина, а душа, передана на збереження."
pl_defence_07_03_2025_n05.txt,6738,6765,One są absolutnie kluczowe.,"['Conversation_Killer', 'Loaded_Language']","['Call', 'Manipulative_Wording']",False,False,False,False,True,True,Це абсолютно ключові.
pl_defence_22_05_2024_n03.txt,191,462,"Dzisiejsza debata na temat obronności Rzeczypospolitej, bezpieczeństwa Polaków, narodu tak doświadczonego historycznie, ma miejsce w polskim Sejmie w chwili, kiedy wróg jest definiowany i Biuro Bezpieczeństwa Narodowego określa ewentualny zasięg bezpieczeństwa na 3 lata.",['Appeal_to_Fear-Prejudice'],['Justification'],False,True,False,False,False,False,"Сьогоднішня дискусія про оборону Речі Посполитої, безпеку поляків, народу, який історично зазнав багато, відбувається в польському Сеймі в момент, коли ворог визначається, а Бюро національної безпеки визначає можливий обсяг безпеки на 3 роки."
pl_eu_12_06_2024_n04.txt,2501,2726,15 minutami podzielą się sekretarz stanu w Ministerstwie Spraw Wewnętrznych i Administracji pan minister Czesław Mroczek oraz podsekretarz stanu w Kancelarii Prezesa Rady Ministrów pani minister Magdalena Sobkowiak-Czarnecka.,[],[],False,False,False,False,False,False,15 хвилин поділяться державний секретар у Міністерстві внутрішніх справ та адміністрації пан міністр Чеслав Мрочек та державний секретар у Канцелярії голови Ради міністрів пані міністр Магдалена Собков'як-Чарнецька.
pl_eu_03_04_2025_n04.txt,6019,6057,Na szczęście do tego nie dopuściliśmy.,[],[],False,False,False,False,False,False,"На щастя, до цього не дійшло."
pl_abortion_11_04_2024_n05.txt,9215,9276,"Chcemy mieć takie sama prawa, jak niemal wszystkie Europejki.","['Appeal_to_Values', 'Appeal_to_Popularity', 'Repetition']","['Justification', 'Manipulative_Wording']",False,True,False,False,False,True,"Ми хочемо мати такі ж права, як майже всі європейки."
pl_abortion_11_04_2024_n06.txt,3082,3129,"Panie pośle, na podstawie… (Poruszenie na sali)",[],[],False,False,False,False,False,False,"Пане посланцю, на підставі… (Шум у залі)"
pl_eu_03_04_2025_n02.txt,0,181,Pomimo deklarowanego zaangażowania prezydencji w kwestie związane z powstrzymaniem nielegalnej migracji podejmowane działania prezydencji węgierskiej nie przyniosły żadnych efektów.,['Doubt'],['Attack_on_Reputation'],True,False,False,False,False,False,"Незважаючи на заявлену зацікавленість головування у питаннях, пов'язаних із стримуванням нелегальної міграції, дії угорського головування не принесли жодних результатів."
pl_defence_07_03_2025_n05.txt,4190,4242,"Bardzo bym chciała, żeby za oceanem o tym pamiętano.",[],[],False,False,False,False,False,False,"Я дуже хотіла б, щоб за океаном про це пам'ятали."
pl_current_affairs_09_01_2025_n03.txt,3045,3168,"Już wyszedł, bo nie chce się z tego tutaj wytłumaczyć. (Poseł Anna Gembicka: Marszałek Wielichowska organizowała protesty…)",['Questioning_the_Reputation'],['Attack_on_Reputation'],True,False,False,False,False,False,"Вже пішов, бо не хоче тут цього пояснювати. (Депутат Анна Гембіцька: Маршалок Веліховська організовувала протести…)"
pl_statements_20_02_2025_n04.txt,7280,7328,Dziękuję bardzo. (Oklaski) (Głos z sali: Brawo!),[],[],False,False,False,False,False,False,Дякую дуже. (Оплески) (Голос із залу: Браво!)
pl_hate_speech_act_19_12_2024_n10.txt,3648,3699,"Pani poseł Agata Wojtyszek, Prawo i Sprawiedliwość.",[],[],False,False,False,False,False,False,"Пані посол Агата Войтишек, Право і Справедливість."
pl_hate_speech_act_19_12_2024_n09.txt,6001,6074,Bardzo dziękuję Ministerstwu Sprawiedliwości za przygotowanie tej ustawy.,[],[],False,False,False,False,False,False,Дуже дякую Міністерству юстиції за підготовку цього закону.
pl_eu_12_06_2024_n01.txt,3878,3899,Zapraszam pana posła.,[],[],False,False,False,False,False,False,Запрошую пана посла.
pl_defence_22_05_2024_n04.txt,9447,9637,"Polska każdego dnia pomaga naszym przyjaciołom z Ukrainy w utrzymywaniu infrastruktury telekomunikacyjnej, Polska zapewnia tak naprawdę całą łączność Ukrainy z Internetem w świecie cywilnym.",[],[],False,False,False,False,False,False,"Польща щодня допомагає нашим друзям з України підтримувати телекомунікаційну інфраструктуру, Польща забезпечує фактично весь зв'язок України з Інтернетом у цивільному світі."
pl_defence_07_03_2025_n01.txt,1120,1249,"Tyle mieliście do powiedzenia, kiedy Lech Kaczyński przestrzegał nas wszystkich przed konsekwencjami imperialnej Rosji. (Oklaski)","['Name_Calling-Labeling', 'Doubt']",['Attack_on_Reputation'],True,False,False,False,False,False,"Ось що ви мали сказати, коли Лех Качинський попереджав нас усіх про наслідки імперської Росії. (Оплески)"
pl_defence_07_03_2025_n05.txt,3930,4055,"Przypomnę, że jedyny raz, kiedy art. 5 został użyty, to był ten raz, kiedy to Ameryka potrzebowała pomocy swoich sojuszników.",[],[],False,False,False,False,False,False,"Нагадаю, що єдиний раз, коли статтю 5 було застосовано, це був той випадок, коли Америці потрібна була допомога своїх союзників."
pl_abortion_11_04_2024_n12.txt,4203,4318,"Te organizacje na co dzień słyszą historie kobiet, które walczą o to, by skorzystać również z tej legalnej aborcji.","['Exaggeration-Minimisation', 'Loaded_Language', 'Appeal_to_Pity']","['Distraction', 'Manipulative_Wording']",False,False,True,False,False,True,"Ці організації щодня чують історії жінок, які борються за те, щоб скористатися також цим законним абортом."
pl_abortion_11_04_2024_n09.txt,5643,5684,Poseł Jarosław Sachajko: Panie Premierze!,[],[],False,False,False,False,False,False,Депутат Ярослав Сахайко: Пане Прем'єр-міністре!
pl_abortion_11_04_2024_n09.txt,7451,7576,"Po drugie, nie godzę się na takie poprawki, jakie tu padają ze strony pani marszałek, że nie możemy o sobie mówić per: poseł.",['False_Dilemma-No_Choice'],['Simplification'],False,False,False,True,False,False,"По-друге, я не згоден з такими поправками, які тут звучать з боку пані маршалка, що ми не можемо говорити про себе як про депутатів."
pl_defence_22_05_2024_n04.txt,5230,5320,Minister obrony narodowej rządu PO– PSL–Lewica wychodzi i mówi: murem za polskim mundurem.,"['Flag_Waving', 'Slogans']","['Justification', 'Call']",False,True,False,False,True,False,Міністр оборони народного уряду PO-PSL-Лівиця виходить і каже: муром за польським мундиром.
pl_abortion_11_04_2024_n12.txt,4319,4390,"Muszą walczyć nawet w przypadkach, gdy polskie prawo dopuszcza aborcję.","['Exaggeration-Minimisation', 'Loaded_Language', 'Appeal_to_Pity']","['Distraction', 'Manipulative_Wording']",False,False,True,False,False,True,"Вони повинні боротися навіть у випадках, коли польське законодавство дозволяє аборт."
pl_eu_03_04_2025_n05.txt,6830,6873,Ma także ogromny wpływ na agendę tych prac.,[],[],False,False,False,False,False,False,Це також має величезний вплив на порядок денний цих робіт.
pl_abortion_11_04_2024_n07.txt,4223,4403,"W dyskusji o aborcji następuje przemilczanie całych obszarów medycznych, tego, że np. dział medycyny prenatalnej rozwija się bardzo szybko i powinien mieć po co rozwijać się dalej.",[],[],False,False,False,False,False,False,"У дискусії про аборт відбувається замовчування цілих медичних сфер, того, що, наприклад, галузь пренатальної медицини розвивається дуже швидко і має розвиватися далі."
pl_eu_03_04_2025_n06.txt,4340,4452,"Ani Parlament Europejski, ani prezydencja nie skonsultowali się, przynajmniej lakonicznie, z rządem na Węgrzech.",['Doubt'],['Attack_on_Reputation'],True,False,False,False,False,False,"Ні Європейський парламент, ні президентство не проконсультувалися, принаймні лаконічно, з урядом в Угорщині."
pl_eu_03_04_2025_n01.txt,3010,3211,"Stało to wyraźnie w sprzeczności z zasadami prowadzenia prezydencji, było niezgodne z traktatami, ale przede wszystkim było w sposób fundamentalny niezgodne z interesem Unii Europejskiej, także Polski.",['Appeal_to_Hypocrisy'],['Attack_on_Reputation'],True,False,False,False,False,False,"Це чітко суперечило принципам головування, було несумісним з договорами, але насамперед було фундаментально несумісним з інтересами Європейського Союзу, а також Польщі."
pl_eu_03_04_2025_n04.txt,767,846,"Tak to właśnie wyglądało, czy się to państwu podoba, szanowni państwo, czy nie.",[],[],False,False,False,False,False,False,"Ось так це виглядало, подобається вам це, шановні, чи ні."
pl_statements_20_02_2025_n03.txt,8517,8690,"Z zespołem zaśpiewał pan Marcin Pokusa (Dzwonek), który wykonał również utwór „Księże Jerzy, dopomóż nam”, do którego muzykę oraz słowa napisał wspólnie z panią Anną Futymą.",[],[],False,False,False,False,False,False,"Разом із гуртом заспівав пан Марцін Покуса (Дзвоник), який також виконав пісню «Ксьондзе Jerzy, допоможи нам», музику та слова до якої він написав спільно з пані Анною Футимою."
pl_eu_03_04_2025_n08.txt,1780,1995,"Ale tak naprawdę, w realu główne cele Węgier – przecież wszyscy wiemy, jaki jest cel Orbána – to chaos i destabilizacja sytuacji i jedności europejskiej, w której żyjemy, dla której została powołana Unia Europejska.","['Conversation_Killer', 'Loaded_Language', 'Flag_Waving', 'Questioning_the_Reputation']","['Attack_on_Reputation', 'Justification', 'Call', 'Manipulative_Wording']",True,True,False,False,True,True,"Але насправді, в реальності, основні цілі Угорщини – адже всі знають, якою є мета Орбана – це хаос і дестабілізація ситуації та єдності європейської, в якій ми живемо, для якої була створена Європейська Унія."
pl_eu_12_06_2024_n02.txt,7022,7124,"Apeluję do rządu, apeluję (Dzwonek) również do Lewicy, PSL i Polski 2050 o wspólny głos w tej sprawie.",['Repetition'],['Manipulative_Wording'],False,False,False,False,False,True,"Звертаюся до уряду, звертаюся (Дзвінок) також до Лівиці, PSL та Польщі 2050 з проханням спільного голосу в цьому питанні."
pl_abortion_11_04_2024_n07.txt,991,1106,"Czy wiecie, jaka jest najczęstsza odpowiedź kobiet, które miały aborcje, na pytanie dlaczego się na to zdecydowały?",[],[],False,False,False,False,False,False,"Чи знаєте ви, яка найчастіша відповідь жінок, які зробили аборт, на запитання, чому вони на це наважилися?"
pl_abortion_11_04_2024_n02.txt,5684,5783,"Usłyszcie nas, kobiety, szczególnie kobiety w wieku reprodukcyjnym, to nas to prawo realnie dotyka.",['Repetition'],['Manipulative_Wording'],False,False,False,False,False,True,"Почуйте нас, жінки, особливо жінки репродуктивного віку, адже це право реально стосується нас."
pl_eu_03_04_2025_n06.txt,131,267,Oczekuje bowiem szybkich i zdecydowanych postępów w pracach nad wszystkimi aspektami nowego ładu na rzecz europejskiej konkurencyjności.,[],[],False,False,False,False,False,False,"Очікує, що будуть досягнуті швидкі та рішучі успіхи в роботі над усіма аспектами нового порядку для європейської конкурентоспроможності."
pl_defence_07_03_2025_n04.txt,4409,4481,"Na naszych oczach tworzy się nowy porządek Europy, nowy porządek świata.",['Repetition'],['Manipulative_Wording'],False,False,False,False,False,True,"На наших очах формується новий порядок Європи, новий порядок світу."
pl_statements_20_02_2025_n04.txt,1840,1877,Poseł Łukasz Ściebiorowski: Dziękuję.,[],[],False,False,False,False,False,False,Депутат Лукаш Щєбйоровський: Дякую.
pl_abortion_11_04_2024_n02.txt,3711,4073,"Nie, powrót do zakazu z 1993 r. nie rozwiązuje problemu, bo dopisanie trzeciej przesłanki, trzeciego wyjątku od zakazu nie zdejmie z zabiegu aborcji tego odium przestępstwa, nie doprowadzi do tego, że lekarze będą mieli większą wiedzę, jak ten zabieg przeprowadzać, nie pozbawi ich lęku o to, czy zabieg nie zostanie uznany za nielegalny i nie staną przed sądem.","['Conversation_Killer', 'Loaded_Language']","['Call', 'Manipulative_Wording']",False,False,False,False,True,True,"Ні, повернення до заборони 1993 року не вирішує проблему, бо додавання третьої передумови, третього винятку з заборони не зніме з аборту цього ореолу злочину, не призведе до того, що лікарі матимуть більше знань, як проводити цю процедуру, не позбавить їх страху, що процедура буде визнана незаконною і вони постануть перед судом."
pl_eu_03_04_2025_n03.txt,6467,6755,"Niezależnie od tego, czy teraz oceniamy niektóre elementy tej polityki krytycznie – ja również krytycznie oceniam wizytę premiera Orbána w Moskwie i Pekinie – z punktu widzenia węgierskiego interesu narodowego one te swoje pięć minut na arenie europejskiej, panie ministrze, wykorzystały.",[],[],False,False,False,False,False,False,"Незалежно від того, чи зараз ми оцінюємо деякі елементи цієї політики критично – я також критично оцінюю візит прем’єр-міністра Орбана до Москви та Пекіна – з точки зору угорського національного інтересу вони використали свої п’ять хвилин на європейській арені, пане міністре."
pl_hate_speech_act_19_12_2024_n08.txt,4952,4991,Poseł Bartłomiej Pejo: Panie Marszałku!,[],[],False,False,False,False,False,False,Пане Маршалку!
pl_abortion_11_04_2024_n08.txt,117,148,Gdzie jest Straż Marszałkowska?,[],[],False,False,False,False,False,False,Де знаходиться Маршалковська варта?
pl_hate_speech_act_19_12_2024_n02.txt,3148,3164,Drodzy Posłowie!,[],[],False,False,False,False,False,False,Шановні депутати!
pl_abortion_11_04_2024_n07.txt,5591,5645,"Zapraszam pana posła Romana Fritza, klub Konfederacja.",[],[],False,False,False,False,False,False,"Запрошую пана посла Романа Фріца, клуб Конфедерація."
pl_hate_speech_act_19_12_2024_n04.txt,4511,4563,"Wiek, płeć, orientacja seksualna, niepełnosprawność.",['Appeal_to_Hypocrisy'],['Attack_on_Reputation'],True,False,False,False,False,False,"Вік, стать, сексуальна орієнтація, інвалідність."
pl_defence_07_03_2025_n01.txt,3931,4125,"Pan premier mówi o jedności, a jeszcze niedawno z tej samej mównicy pomówił polskiego ambasadora przy NATO Tomasza Szatkowskiego, w czasie kiedy ten był faworytem wyścigu o fotel wiceszefa NATO.",['Appeal_to_Hypocrisy'],['Attack_on_Reputation'],True,False,False,False,False,False,"Прем'єр-міністр говорить про єдність, а ще недавно з тієї ж трибуни виступив польський посол при НАТО Томаш Шатковскі, коли він був фаворитом перегонів за крісло заступника голови НАТО."
pl_abortion_11_04_2024_n12.txt,2558,2746,"Więc to kompletnie jest bez znaczenia, że mężczyźni i kobiety, starsi i młodsi, wierzący i niewierzący uzurpują sobie prawo do decydowania o ludzkim życiu i o prawach do czyjegoś sumienia.","['Conversation_Killer', 'Loaded_Language', 'Red_Herring']","['Distraction', 'Call', 'Manipulative_Wording']",False,False,True,False,True,True,"Отже, зовсім не має значення, що чоловіки і жінки, старі і молоді, віруючі і невіруючі узурпують право вирішувати долю людського життя і права на чиюсь совість."
pl_abortion_11_04_2024_n09.txt,7577,7633,"Posłanka to we dworach łóżka ścieliła, ja jestem posłem.",['Questioning_the_Reputation'],['Attack_on_Reputation'],True,False,False,False,False,False,"Послиця то в палацах ліжка стелила, я є послом."
pl_defence_07_03_2025_n01.txt,6030,6117,"Nie ma decyzji po polskiej stronie, nie amerykańskiej, jeśli chodzi o zakupy HIMARS-ów.",[],[],False,False,False,False,False,False,"Немає рішення з польського боку, не американського, коли мова йде про закупівлю HIMARS."
pl_eu_03_04_2025_n07.txt,725,865,Czy wasze zaangażowanie w tę sprawę jest podobne do tempa publikacji w Monitorze Polskim uchwał Rady Ministrów w sprawie umowy z Mercosurem?,['Doubt'],['Attack_on_Reputation'],True,False,False,False,False,False,Чи ваше залучення до цієї справи подібне до темпу публікації в Monitorze Polskim рішень Ради Міністрів щодо угоди з Mercosurem?
pl_defence_22_05_2024_n02.txt,8048,8068,Te zapowiedzi znamy.,['Repetition'],['Manipulative_Wording'],False,False,False,False,False,True,Ми знаємо ці оголошення.
pl_defence_22_05_2024_n01.txt,1500,1697,"(Głos z sali: Tak jest!) (Głos z sali: Wygrali na kłamstwie.) Ale zacznijmy od tego, skąd program Prawa i Sprawiedliwości pochodzi, skąd te wszystkie działania, które podjęliśmy, kiedy rządziliśmy.",['Questioning_the_Reputation'],['Attack_on_Reputation'],True,False,False,False,False,False,"(Голос з залу: Так є!) (Голос з залу: Виграли на брехні.) Але почнемо з того, звідки походить програма Права і Справедливості, звідки всі ці дії, які ми здійснили, коли керували."
pl_abortion_11_04_2024_n07.txt,2974,3016,"Miałam iść na studia, miałam iść do pracy.",[],[],False,False,False,False,False,False,"Мені потрібно було йти на навчання, мені потрібно було йти на роботу."
pl_defence_07_03_2025_n02.txt,2196,2245,"Panie pośle, to był jeden z ojców niepodległości.",['Appeal_to_Authority'],['Justification'],False,True,False,False,False,False,"Пане посланцю, це був один з батьків незалежності."
pl_eu_03_04_2025_n02.txt,1866,2126,"Współpracowaliśmy z Węgrami w zakresie konkluzji dotyczących wspólnej polityki rolnej, w zakresie tego, co jest ważne z punktu widzenia Polski, tj. uproszczenia procedur w ramach WPR i zagwarantowania odpowiedniego finansowania dla rolnictwa na czas po 2027 r.",[],[],False,False,False,False,False,False,"Ми співпрацювали з Угорщиною щодо висновків щодо спільної сільськогосподарської політики, щодо того, що важливо з точки зору Польщі, тобто спрощення процедур у рамках САП та забезпечення належного фінансування сільського господарства після 2027 року."
pl_defence_22_05_2024_n04.txt,6185,6257,"Pan poseł Krzysztof Ciecióra, Klub Parlamentarny Prawo i Sprawiedliwość.",[],[],False,False,False,False,False,False,"Пане депутате Krzysztof Ciecióra, Парламентський клуб Право і Справедливість."
pl_defence_07_03_2025_n06.txt,1643,1801,"Chodzi o to, żeby przetarli oczy, bo Ameryka już nie jest tą Ameryką, którą była jeszcze nawet za pierwszej kadencji Trumpa, nie mówiąc o kadencji Joe Bidena.","['Loaded_Language', 'Obfuscation-Vagueness-Confusion', 'Repetition']",['Manipulative_Wording'],False,False,False,False,False,True,"Йдеться про те, щоб прояснити ситуацію, адже Америка вже не та, якою була навіть за першої каденції Трампа, не кажучи вже про каденцію Джо Байдена."
pl_abortion_11_04_2024_n13.txt,7388,7637,"Pani Karina Bosak kilka minut temu (Gwar na sali, dzwonek) powiedziała tutaj z mównicy, że jest matką trójki dzieci i to jest wielkie poświęcenie, że ona tu przychodzi i musi karmić dziecko. (Poseł Tadeusz Woźniak: Ustawa o życiu i prawach dziecka.)",[],[],False,False,False,False,False,False,"Пані Каріна Босак кілька хвилин тому (Гучний сміх у залі, дзвінок) сказала тут з трибуни, що вона мати трьох дітей і це велике пожертвування, що вона тут приходить і повинна годувати дитину. (Депутат Тадеуш Возняк: Закон про життя та права дитини.)"
pl_defence_07_03_2025_n02.txt,196,276,"Natomiast nawet jeżeli to się nie uda, to Polska powinna pielęgnować te relacje.",['Repetition'],['Manipulative_Wording'],False,False,False,False,False,True,"Проте, навіть якщо це не вдасться, Польща повинна підтримувати ці відносини."
pl_statements_20_02_2025_n01.txt,1003,1095,Listę posłów zgłoszonych do wygłoszenia oświadczeń dzisiaj uważam definitywnie za zamkniętą.,[],[],False,False,False,False,False,False,"Список депутатів, які подали заяви на виступ сьогодні, вважаю остаточно закритим."
pl_eu_03_04_2025_n03.txt,1675,1822,Podobnie nie osiągnięto postępów w zakresie kolejnych pakietów sankcji czy uruchomienia aktywów rosyjskich na rzecz Ukrainy czy obronności Ukrainy.,[],[],False,False,False,False,False,False,Аналогічно не досягнуто прогресу в питанні наступних пакетів санкцій чи запуску російських активів на користь України чи оборони України.
pl_hate_speech_act_19_12_2024_n01.txt,6702,6768,Nie ma także dyskryminacji z uwagi na płeć czy orientację płciową.,['Obfuscation-Vagueness-Confusion'],['Manipulative_Wording'],False,False,False,False,False,True,Немає також дискримінації за ознакою статі чи сексуальної орієнтації.
pl_abortion_11_04_2024_n13.txt,562,628,"A niektórzy, mam wrażenie, używają argumentów z kazań kościelnych.","['Exaggeration-Minimisation', 'Questioning_the_Reputation', 'Guilt_by_Association']","['Attack_on_Reputation', 'Manipulative_Wording']",True,False,False,False,False,True,"А деякі, маю враження, використовують аргументи з церковних проповідей."
pl_eu_03_04_2025_n07.txt,4726,4850,"Oczywiście to nie jest wina tylko państwa, które sprawowało prezydencję w tym czasie, natomiast nie wykorzystało tej szansy.",[],[],False,False,False,False,False,False,"Звісно, це не вина лише країни, яка здійснювала головування в той час, але вона не використала цієї можливості."
pl_abortion_11_04_2024_n07.txt,2912,2928,Jestem za stara.,[],[],False,False,False,False,False,False,Я занадто стара.
pl_current_affairs_09_01_2025_n02.txt,6874,7220,"Decyzją z dnia 23 grudnia 2024 r. generalny dyrektor ochrony środowiska uchylił w całości decyzję regionalnego dyrektora ochrony środowiska w Bydgoszczy z grudnia 2017 r. oraz odmówił określenia środowiskowych uwarunkowań realizacji przedsięwzięcia pn. „Budowa stopnia wodnego na Wiśle poniżej Włocławka”, w skrócie nazywanego zaporą w Siarzewie.",[],[],False,False,False,False,False,False,"Рішенням від 23 грудня 2024 року генеральний директор з охорони навколишнього середовища скасував повністю рішення регіонального директора з охорони навколишнього середовища в Бидгощі від грудня 2017 року та відмовив у визначенні екологічних умов реалізації проєкту під назвою «Будівництво шлюзу на Віслі нижче Влоцлавека», коротко званого шлюзом у Сіаржеві."
pl_eu_03_04_2025_n01.txt,774,1076,Przystępujemy do rozpatrzenia punktu 13. porządku dziennego: Informacja dla Sejmu i Senatu RP o udziale Rzeczypospolitej Polskiej w pracach Unii Europejskiej w okresie lipiec– grudzień 2024 r. (przewodnictwo Węgier w Radzie Unii Europejskiej) wraz z komisyjnym projektem uchwały (druki nr 1085 i 1124).,[],[],False,False,False,False,False,False,Переходимо до розгляду пункту 13 порядку денного: Інформація для Сейму та Сенату РП про участь Республіки Польща в роботі Європейського Союзу в період липень–грудень 2024 р. (головування Угорщини в Раді Європейського Союзу) разом з комісійним проєктом постанови (друки № 1085 та 1124).
pl_abortion_11_04_2024_n06.txt,2260,2314,"Pani posłanko, jakby była pani uprzejma zająć miejsce.",[],[],False,False,False,False,False,False,"Пані депутатко, якби ви були ласкаві зайняти місце."
pl_eu_03_04_2025_n01.txt,6085,6252,"Na te propozycje niestety w dalszym ciągu nie ma zgody ze strony Węgier, co jest, wydaje się, absolutnie sprzeczne z interesem Polski, ale też całej Unii Europejskiej.",['Appeal_to_Hypocrisy'],['Attack_on_Reputation'],True,False,False,False,False,False,"На ці пропозиції, на жаль, досі немає згоди з боку Угорщини, що, здається, абсолютно суперечить інтересам Польщі, але й усього Європейського Союзу."
pl_abortion_11_04_2024_n07.txt,6370,6418,Powinien być odrzucony już w pierwszym czytaniu.,[],[],False,False,False,False,False,False,Його слід відхилити вже на першому читанні.
pl_statements_20_02_2025_n03.txt,3584,3798,"Chciałbym dzisiaj powiedzieć o historii grupy ludzi, grupy ludzi, którzy mieli odwagę w 1999 r. rozpocząć razem działanie i stworzyć wyjątkowe dzieło, które zlokalizowane jest w moim rodzinnym mieście, Nowym Sączu.",[],[],False,False,False,False,False,False,"Сьогодні я хотів би розповісти про історію групи людей, групи людей, які мали мужність у 1999 році розпочати спільну діяльність і створити унікальний твір, розташований у моєму рідному місті, Новому Санчі."
pl_defence_07_03_2025_n05.txt,379,581,"Jednocześnie jesteśmy przekonani, że rozejm, a następnie pokój między Rosją a Ukrainą nie zostaną osiągnięte bez bliskiej współpracy ze Stanami Zjednoczonymi, co komunikujemy również naszym sojusznikom.","['Conversation_Killer', 'False_Dilemma-No_Choice']","['Simplification', 'Call']",False,False,False,True,True,False,"Водночас ми переконані, що перемир'я, а потім мир між Росією та Україною не будуть досягнуті без тісної співпраці зі Сполученими Штатами, про що ми також повідомляємо нашим союзникам."
pl_abortion_11_04_2024_n08.txt,4197,4250,"I jesteście z tego dumni, chcecie do tego dna równać.",['Guilt_by_Association'],['Attack_on_Reputation'],True,False,False,False,False,False,"І ви цим пишаєтеся, хочете до цього дна зрівнятися."
pl_eu_12_06_2024_n02.txt,878,1004,"Myślę, że mimo że ta ustawa dotyczy nieco innego zakresu spraw, trzeba powiedzieć, co chcecie zrobić w czasie tej prezydencji.",[],[],False,False,False,False,False,False,"Думаю, що незважаючи на те, що цей закон стосується дещо іншого кола питань, потрібно сказати, що ви хочете зробити під час цього президентства."
pl_defence_22_05_2024_n03.txt,1183,1366,"Kieruję te słowa do pana, odbyło się bowiem posiedzenie Komisji Obrony Narodowej w Poznaniu, w WZM, przybyli pracownicy Cegielskiego, przybyli też przedstawiciele związków zawodowych.",[],[],False,False,False,False,False,False,"Звертаюся до вас з цими словами, адже в Познані відбулося засідання Комісії національної оборони у WZM, прибули працівники Цегельського, а також представники профспілок."
pl_hate_speech_act_19_12_2024_n07.txt,3789,3858,"Wam nie zależy na tym, żeby… (Oklaski) (Poseł Jan Kanthak: Tak jest!)",[],[],False,False,False,False,False,False,"Вам не залежить на тому, щоб… (Оплески) (Депутат Ян Кантак: Так є!)"
pl_eu_12_06_2024_n03.txt,6690,6769,Według wstępnych szacunków powinny one zamknąć się w przedziale 500–600 mln zł.,[],[],False,False,False,False,False,False,"Згідно з попередніми оцінками, вони повинні бути в межах 500–600 млн злотих."
pl_eu_03_04_2025_n05.txt,5443,5497,Unia Europejska musi być jeszcze bardziej zjednoczona.,"['Flag_Waving', 'Slogans', 'Repetition']","['Justification', 'Call', 'Manipulative_Wording']",False,True,False,False,True,True,Європейський Союз має бути ще більш об'єднаним.
pl_defence_07_03_2025_n04.txt,2142,2186,Ameryka dziś mówi: business before pleasure.,['Slogans'],['Call'],False,False,False,False,True,False,Америка сьогодні каже: бізнес перед задоволенням.
pl_hate_speech_act_19_12_2024_n01.txt,6253,6453,"Czy ktokolwiek na sali wyobraża sobie, że można kogoś dyskryminować z uwagi na wiek lub z uwagi na niepełnosprawność? (Poseł Konrad Berkowicz: Albo niebycie autorytetem.) (Poruszenie na sali, dzwonek)",['Obfuscation-Vagueness-Confusion'],['Manipulative_Wording'],False,False,False,False,False,True,"Чи хтось у залі уявляє, що можна когось дискримінувати через вік або через інвалідність? (Депутат Конрад Беркович: Або відсутність авторитету.) (Шум у залі, дзвінок)"
pl_current_affairs_09_01_2025_n01.txt,278,368,Prawo do postawienia pytania dodatkowego przysługuje wyłącznie posłowi zadającemu pytanie.,[],[],False,False,False,False,False,False,"Право поставити додаткове питання має лише депутат, який ставить питання."
pl_eu_03_04_2025_n03.txt,7030,7229,"W czasie węgierskiej prezydencji niestety było podobnie. 10 lipca pański kolega z rządu, pan minister Radosław Sikorski powiedział, że prezydencja węgierska się skończyła, zanim się na dobre zaczęła.",[],[],False,False,False,False,False,False,"Під час угорського головування, на жаль, було так само. 10 липня ваш колега з уряду, пан міністр Радослав Сікорський, сказав, що угорське головування закінчилося, перш ніж воно добре почалося."
pl_eu_03_04_2025_n03.txt,8935,9080,"Wygląda na to, że tam rzeczywiście – że tak powiem – popracowaliśmy, włączyliśmy się w pracę węgierskiej prezydencji i przyniosło to jakiś efekt.",[],[],False,False,False,False,False,False,"Здається, там дійсно – так би мовити – ми попрацювали, долучилися до роботи угорського головування, і це принесло якийсь результат."
pl_abortion_11_04_2024_n03.txt,10962,11150,"Jeśli projekt przejdzie, to osoba w niechcianej ciąży z Polski będzie mogła odbyć konsultacje on-line z holenderskim lekarzem i na podstawie wywiadu medycznego otrzymać tabletki aborcyjne.",['Appeal_to_Authority'],['Justification'],False,True,False,False,False,False,"Якщо проєкт буде реалізовано, то жінка з небажаною вагітністю з Польщі зможе провести онлайн-консультацію з голландським лікарем і на основі медичного опитування отримати таблетки для аборту."
pl_abortion_11_04_2024_n05.txt,8188,8458,"Jarosław Kaczyński zapowiedział, że będą dążyli do tego, by nawet przypadki ciąż bardzo trudnych, kiedy dziecko jest skazane na śmierć, mocno zdeformowane, kończyły się jednak porodem, by to dziecko mogło być ochrzczone, pochowane, miało imię i było okrutnym początkiem.","['Loaded_Language', 'Appeal_to_Fear-Prejudice']","['Justification', 'Manipulative_Wording']",False,True,False,False,False,True,"Ярослав Качинський заявив, що вони прагнутимуть до того, щоб навіть у випадках дуже складних вагітностей, коли дитина приречена на смерть, сильно деформована, все одно закінчувалося пологами, щоб дитину можна було охрестити, поховати, дати їй ім'я і вона була б жорстоким початком."
pl_defence_22_05_2024_n02.txt,8528,8693,"Element kontynuacji jest dobry, natomiast chciałbym, żeby minister obrony narodowej po pół roku rządzenia mógł wykazać się nie zapowiedziami, ale efektami rządzenia.",['Appeal_to_Hypocrisy'],['Attack_on_Reputation'],True,False,False,False,False,False,"Елемент продовження хороший, але я хотів би, щоб міністр національної оборони після півроку правління зміг продемонструвати не обіцянки, а результати правління."
pl_statements_20_02_2025_n04.txt,6326,6449,"Jana Pawła II, którego dziedzictwo ujęte jest w eksponatach i przesłaniu prezentowanych w Muzeum Pamięć i Tożsamość im. św.",[],[],False,False,False,False,False,False,"Івана Павла II, спадщина якого відображена в експонатах та посланні, представлених у Музеї Пам'яті та Тотожності ім. св."
pl_abortion_11_04_2024_n13.txt,7047,7151,"Panie pośle Woźniak, pan przed chwilą powiedział: Co wy macie w tych głowach, że chcecie zabijać dzieci?",['Loaded_Language'],['Manipulative_Wording'],False,False,False,False,False,True,"Пане послане Возняк, ви щойно сказали: Що у вас в головах, що ви хочете вбивати дітей?"
pl_defence_22_05_2024_n01.txt,1828,2081,"Wicemarszałek Piotr Zgorzelski: Panie pośle, proszę zachować powagę, bo jest debata. (Głos z sali: No właśnie to jest powaga.) (Głos z sali: Dokumentujemy powagę, panie marszałku.) Jest debata, proszę zachować powagę. (Głos z sali: Gdzie jest Hołownia?)",[],[],False,False,False,False,False,False,"Віцемаршалок Пйотр Згожельський: Пане депутате, будь ласка, зберігайте серйозність, бо триває дискусія. (Голос із залу: Саме тому ми зберігаємо серйозність.) (Голос із залу: Ми документуємо серйозність, пане маршалку.) Триває дискусія, будь ласка, зберігайте серйозність. (Голос із залу: Де Холовня?)"
pl_eu_03_04_2025_n08.txt,849,879,Czy tak postępują przyjaciele?,['Doubt'],['Attack_on_Reputation'],True,False,False,False,False,False,Чи так поводяться друзі?
pl_eu_03_04_2025_n05.txt,4187,4395,"Po pierwsze, nasze działania koncentrowały się na bezpieczeństwie i konieczności wzmocnienia zdolności obronnych Unii w obliczu rosyjskiej agresji na Ukrainę, co też kontynuujemy w trakcie naszej prezydencji.",[],[],False,False,False,False,False,False,"По-перше, наші дії були зосереджені на безпеці та необхідності зміцнення оборонних можливостей Союзу в умовах російської агресії проти України, що ми продовжуємо під час нашого головування."
pl_defence_07_03_2025_n04.txt,2409,2542,"Dalej cenimy sobie pokój, chcemy dobrych relacji ze Stanami Zjednoczonymi, ale także umiemy wziąć odpowiedzialność za bezpieczeństwo.",['Appeal_to_Values'],['Justification'],False,True,False,False,False,False,"Далі ми цінуємо мир, хочемо добрих відносин зі Сполученими Штатами, але також вміємо взяти на себе відповідальність за безпеку."
pl_defence_22_05_2024_n01.txt,3608,3664,Pan wspominał o ABCS – Integrated Battle Command System.,[],[],False,False,False,False,False,False,Ви згадували про ABCS – Integrated Battle Command System.
pl_eu_12_06_2024_n04.txt,7762,7785,CBA było sparaliżowane.,['Loaded_Language'],['Manipulative_Wording'],False,False,False,False,False,True,CBA було паралізоване.
pl_defence_07_03_2025_n08.txt,5408,5444,Nam tego mówić nie trzeba. (Oklaski),[],[],False,False,False,False,False,False,Нам цього не потрібно говорити. (Оплески)
pl_defence_07_03_2025_n06.txt,1123,1299,"To spowoduje większe związanie nas, naszego kraju ze Stanami Zjednoczonymi i być może zwiększy w jakiś sposób potencjał, ochotę do tego, żeby walczono także o nasze terytorium.",['Consequential_Oversimplification'],['Simplification'],False,False,False,True,False,False,"Це призведе до більшого зв’язку нас, нашої країни зі Сполученими Штатами і, можливо, якимось чином збільшить потенціал, бажання боротися також за нашу територію."
pl_abortion_11_04_2024_n06.txt,7367,7469,"To parlament jest miejscem, z którego ma wyjść dobre prawo, które da kobietom poczucie bezpieczeństwa.","['Obfuscation-Vagueness-Confusion', 'Appeal_to_Values']","['Justification', 'Manipulative_Wording']",False,True,False,False,False,True,"Парламент – це місце, де має бути прийнято хороше законодавство, яке дасть жінкам відчуття безпеки."
pl_defence_22_05_2024_n03.txt,3584,3611,I dalej się nic nie dzieje.,['Doubt'],['Attack_on_Reputation'],True,False,False,False,False,False,І далі нічого не відбувається.
pl_eu_12_06_2024_n04.txt,98,135,Poseł Anna Gembicka: Panie Marszałku!,[],[],False,False,False,False,False,False,Пані Маршалку!
pl_defence_07_03_2025_n02.txt,7170,7205,Poseł Paweł Kowal: Panie Marszałku!,[],[],False,False,False,False,False,False,Депутат Павел Коваль: Пане Маршалку!
pl_hate_speech_act_19_12_2024_n02.txt,196,262,Ale następuje zmiana określenia w sferze podmiotowej przestępstwa.,['Obfuscation-Vagueness-Confusion'],['Manipulative_Wording'],False,False,False,False,False,True,Але відбувається зміна визначення в сфері суб'єкта злочину.
pl_hate_speech_act_19_12_2024_n08.txt,6521,6631,"Za to, że ktoś powie, że małżeństwo to związek kobiety i mężczyzny, będzie mógł w myśl tej ustawy być ścigany.","['Appeal_to_Hypocrisy', 'Straw_Man', 'Appeal_to_Fear-Prejudice']","['Attack_on_Reputation', 'Justification', 'Distraction']",True,True,True,False,False,False,"За те, що хтось скаже, що шлюб – це союз жінки та чоловіка, він може бути притягнутий до відповідальності відповідно до цього закону."
pl_abortion_11_04_2024_n06.txt,8186,8244,"Proszę was o to, abyście nam, kobietom, po prostu zaufali.",['Flag_Waving'],['Justification'],False,True,False,False,False,False,"Прошу вас, щоб ви нам, жінкам, просто довіряли."
pl_hate_speech_act_19_12_2024_n10.txt,1683,1878,"I wiemy doskonale, że na mowie nienawiści, na przemocy słownej, na przemocy w Internecie się nie kończy; jeśli nie postawimy tamy mowie nienawiści, to ona zawsze przeradza się w przemoc fizyczną.","['Consequential_Oversimplification', 'Appeal_to_Fear-Prejudice']","['Justification', 'Simplification']",False,True,False,True,False,False,"Ми добре знаємо, що мова ненависті, словесне насильство, насильство в Інтернеті не закінчуються; якщо ми не зупинимо мову ненависті, вона завжди перетворюється на фізичне насильство."
pl_defence_07_03_2025_n07.txt,3299,3466,"Odblokuj gospodarkę, walcz o zmianę polityk europejskich i staraj się o to, żeby Polska miała prawdziwą armię, prawdziwą obronę terytorialną, prawdziwą obronę cywilną.","['Appeal_to_Time', 'Flag_Waving', 'Slogans']","['Justification', 'Call']",False,True,False,False,True,False,"Розблокуйте економіку, боріться за зміну європейської політики та намагайтеся, щоб Польща мала справжню армію, справжню територіальну оборону, справжню цивільну оборону."
pl_eu_12_06_2024_n02.txt,3572,3612,Poseł Mariusz Krystian: Panie Marszałku!,[],[],False,False,False,False,False,False,Пане Маршалку!
pl_hate_speech_act_19_12_2024_n02.txt,7907,8199,"Blisko 2/3 badanych – 64% uważa, że tego typu wypowiedzi najczęściej odnoszą się do orientacji seksualnej, niespełna połowa dostrzega głównie mowę nienawiści o podłożu rasistowskim, a 2/5 – ksenofobicznym. 2/5 respondentów – 41% twierdzi, że odnosi się ona przeważnie do wyznania religijnego.",[],[],False,False,False,False,False,False,"Близько 2/3 опитаних – 64% вважають, що такого роду висловлювання найчастіше стосуються сексуальної орієнтації, трохи менше половини помічають переважно мову ненависті на расовому ґрунті, а 2/5 – ксенофобському. 2/5 респондентів – 41% стверджує, що вона переважно стосується релігійної приналежності."
pl_eu_12_06_2024_n02.txt,2766,2899,"Odpowiem też przy okazji, jaka będzie ta prezydencja i co będzie priorytetem. (Poseł Krzysztof Ciecióra: O to ciebie nikt nie pytał.)",[],[],False,False,False,False,False,False,"Також відповім, якою буде ця президентство і що буде пріоритетом. (Депутат Кшиштоф Цеціора: Вас ніхто про це не питав.)"
pl_hate_speech_act_19_12_2024_n08.txt,4910,4950,"Pan poseł Bartłomiej Pejo, Konfederacja.",[],[],False,False,False,False,False,False,"Пане депутате Бартоломею Пейо, Конфедерація."
pl_abortion_11_04_2024_n14.txt,2077,2085,Panowie!,[],[],False,False,False,False,False,False,Панове!
pl_eu_03_04_2025_n05.txt,594,730,"I jeszcze zdanie, bo myślę, że to jest też dobra okazja, żeby sprostować pewne informacje, które pojawiają się w przestrzeni publicznej.",[],[],False,False,False,False,False,False,"Ще одне речення, бо думаю, що це також добра нагода, щоб виправити певну інформацію, яка з'являється в публічному просторі."
pl_abortion_11_04_2024_n14.txt,2407,2466,"Dzisiaj pan poseł Gontarz mówi, że każde życie jest święte.",['Appeal_to_Values'],['Justification'],False,True,False,False,False,False,"Сьогодні пан депутат Гонтарь каже, що кожне життя є священним."
pl_defence_22_05_2024_n04.txt,1510,1742,Pierwsze z nich brzmi następująco: Czy po dokonanych wewnętrznych audytach i po przeprowadzonej analizie wszystkie zamówienia w ramach zamawianych zbrojeń będą kontynuowane w odniesieniu do umów zawartych przez naszych poprzedników?,[],[],False,False,False,False,False,False,"Перший з них звучить так: Чи після проведених внутрішніх аудитів та проведеного аналізу всі замовлення в рамках замовленого озброєння будуть продовжені щодо угод, укладених нашими попередниками?"
pl_abortion_11_04_2024_n03.txt,3412,3545,"I to kobieta musi mieć możliwość, aby móc sama, zgodnie ze swoim sumieniem zdecydować o tym, czy z tego prawa skorzystać czy też nie.","['Appeal_to_Values', 'False_Dilemma-No_Choice']","['Justification', 'Simplification']",False,True,False,True,False,False,"І ця жінка повинна мати можливість, щоб сама, згідно зі своїм сумлінням, вирішити, чи скористатися цим правом, чи ні."
pl_defence_22_05_2024_n04.txt,2161,2179,Nie ma pana posła?,[],[],False,False,False,False,False,False,Чи немає пана депутата?
pl_statements_20_02_2025_n01.txt,6869,6937,To one z oddaniem i profesjonalizmem dbają o warunki bytowe uczniów.,['Appeal_to_Pity'],['Distraction'],False,False,True,False,False,False,"Це один з прикладів того, як вони піклуються про умови проживання учнів з відданістю та професіоналізмом."
pl_defence_07_03_2025_n08.txt,9401,9670,"Chodzi o to, by w świecie wielobiegunowym, w którym się dzisiaj znaleźliśmy, Europa była nie konglomeratem luźno związanych ze sobą państw (Dzwonek), które są podatne na wpływy z zewnątrz, tylko jednym z biegunów, wobec których orientuje się wolny, demokratyczny świat.",[],[],False,False,False,False,False,False,"Йдеться про те, щоб у багатополярному світі, в якому ми сьогодні опинилися, Європа була не конгломератом вільно пов’язаних між собою держав (Дзвінок), які піддаються впливу ззовні, а одним із полюсів, до яких орієнтується вільний, демократичний світ."
pl_eu_03_04_2025_n06.txt,6199,6247,"Wy naprawdę uważacie, że za to wam płacą Polacy?",[],[],False,False,False,False,False,False,"Ви справді вважаєте, що за це вам платять поляки?"
pl_eu_03_04_2025_n03.txt,5529,5720,"Pan się skupił w zasadzie, i to nie tylko w dzisiejszym przemówieniu, ale także w ostatnich miesiącach, także w trakcie węgierskiej prezydencji, na krytyce premiera Orbána, na krytyce Węgier.","['Exaggeration-Minimisation', 'Questioning_the_Reputation', 'Straw_Man']","['Attack_on_Reputation', 'Distraction', 'Manipulative_Wording']",True,False,True,False,False,True,"Ви в основному зосередилися, і не лише в цій промові, але й в останні місяці, також під час угорського головування, на критиці прем'єр-міністра Орбана, на критиці Угорщини."
pl_eu_12_06_2024_n02.txt,5315,5382,"Sytuacja wojny hybrydowej na granicy polsko-białoruskiej, podobnie.",['Questioning_the_Reputation'],['Attack_on_Reputation'],True,False,False,False,False,False,"Ситуація гібридної війни на польсько-білоруському кордоні, аналогічно."
pl_eu_03_04_2025_n02.txt,4514,4715,"Polska de facto pozytywnie oceniła priorytety prezydencji – mówił o tym pan minister – w zakresie wzmacniania obronności, bezpieczeństwa związanego z migracją, konkurencyjności europejskiej gospodarki.",[],[],False,False,False,False,False,False,"Польща де-факто позитивно оцінила пріоритети головування – сказав пан міністр – щодо зміцнення обороноздатності, безпеки, пов’язаної з міграцією, конкурентоспроможності європейської економіки."
pl_current_affairs_09_01_2025_n03.txt,5308,5375,(Poseł Kazimierz Gwiazdowski: Kiedy to było?) To były czarne czasy.,['Loaded_Language'],['Manipulative_Wording'],False,False,False,False,False,True,(Депутат Казимир Гвяздовський: Коли це було?) Це були чорні часи.
pl_eu_03_04_2025_n07.txt,0,49,Kwestia konkurencyjności i polityki klimatycznej.,[],[],False,False,False,False,False,False,Питання конкурентоспроможності та кліматичної політики.
pl_abortion_11_04_2024_n03.txt,464,585,"Miała wszelką niezbędną dokumentację medyczną, która uprawniała ją do legalnej aborcji na podstawie obowiązującego prawa.",[],[],False,False,False,False,False,False,"Мала всю необхідну медичну документацію, яка давала їй право на легальний аборт на основі чинного законодавства."
pl_eu_03_04_2025_n01.txt,307,639,"Marszałek Sejmu, po zasięgnięciu opinii Prezydium Sejmu, proponuje, aby Sejm skierował rządowy projekt ustawy o zmianie niektórych ustaw w celu deregulacji prawa gospodarczego i administracyjnego oraz doskonalenia zasad opracowywania prawa gospodarczego, zawarty w druku nr 1108, do Komisji do Spraw Deregulacji w celu rozpatrzenia.",['Appeal_to_Authority'],['Justification'],False,True,False,False,False,False,"Маршалок Сейму, після отримання думки Президії Сейму, пропонує, щоб Сейм направив урядовий проект закону про зміну деяких законів з метою дерегуляції господарського та адміністративного права та вдосконалення принципів розробки господарського права, що міститься в друку № 1108, до Комісії з питань дерегуляції для розгляду."
pl_statements_20_02_2025_n02.txt,4508,4553,Poseł Lidia Czechak: Szanowna Pani Marszałek!,[],[],False,False,False,False,False,False,Пані Маршалку!
pl_defence_22_05_2024_n01.txt,1402,1498,To było działanie ewidentne na szkodę interesów Polski i za to należą się przeprosiny. (Oklaski),"['Flag_Waving', 'Questioning_the_Reputation', 'Repetition']","['Attack_on_Reputation', 'Justification', 'Manipulative_Wording']",True,True,False,False,False,True,"Це була дія, яка явно зашкодила інтересам Польщі, і за це потрібні вибачення. (Оплески)"
pl_defence_07_03_2025_n05.txt,6297,6341,Chcę powiedzieć jedną rzecz bardzo wyraźnie.,['Loaded_Language'],['Manipulative_Wording'],False,False,False,False,False,True,Хочу сказати одну річ дуже чітко.
pl_abortion_11_04_2024_n12.txt,7929,8053,"Propozycja przerwania bicia ludzkiego serca do 12. tygodnia ciąży na żądanie to wielkie nieszczęście, ale to także zbrodnia.","['Appeal_to_Pity', 'Appeal_to_Values', 'Appeal_to_Fear-Prejudice']","['Justification', 'Distraction']",False,True,True,False,False,False,"Пропозиція перервати биття людського серця до 12-го тижня вагітності на вимогу – це велике нещастя, але також і злочин."
pl_abortion_11_04_2024_n08.txt,2563,2646,"Można powiedzieć, jak tutaj niektóre czcigodne niewiasty: zakaz aborcji nie działa.",['False_Equivalence'],['Simplification'],False,False,False,True,False,False,"Можна сказати, як тут деякі поважні жінки: заборона абортів не діє."
pl_hate_speech_act_19_12_2024_n03.txt,6466,6467,.,[],[],False,False,False,False,False,False,"Український переклад:
."
pl_eu_03_04_2025_n03.txt,6092,6321,"Ale zachęcam pana, jeżeli pan ten plażowy kontekst lepiej rozumie, żeby nie czekać na leżaku, aż słońce się przesunie i zacznie pana oświetlać, tylko samemu wziąć ten leżak i go przestawić tam, gdzie są lepsze warunki dla Polski.",['Obfuscation-Vagueness-Confusion'],['Manipulative_Wording'],False,False,False,False,False,True,"Але закликаю вас, якщо ви краще розумієте цей пляжний контекст, не чекати на шезлонгу, поки сонце переміститься і почне вас освітлювати, а взяти цей шезлонг і поставити його там, де кращі умови для Польщі."
pl_defence_22_05_2024_n01.txt,6762,6824,"Proszę pana, podejście Niemców do Rosji jest znane w historii.",[],[],False,False,False,False,False,False,"Пане, ставлення німців до Росії відоме в історії."
pl_defence_07_03_2025_n06.txt,2417,2553,"Panowie posłowie, pan poseł Krzysztof Bosak oraz pan poseł Przemysław Wipler, przedstawią stanowisko klubu parlamentarnego Konfederacja.",[],[],False,False,False,False,False,False,"Панове депутати, пан депутат Кшиштоф Босак та пан депутат Пшемислав Віплер, представлять позицію парламентського клубу Конфедерація."
pl_eu_12_06_2024_n01.txt,738,826,Rzeczpospolita Polska przejmuje po raz kolejny przewodnictwo w Radzie Unii Europejskiej.,[],[],False,False,False,False,False,False,Республіка Польща знову бере на себе головування в Раді Європейського Союзу.
pl_hate_speech_act_19_12_2024_n04.txt,4284,4388,"Wtedy jesteś na tyle odważny, w cudzysłowie, że pozwalasz sobie na sianie nienawiści na prawo i na lewo.",['Loaded_Language'],['Manipulative_Wording'],False,False,False,False,False,True,"Тоді ти настільки сміливий, в лапках, що дозволяєш собі сіяти ненависть направо і наліво."
pl_defence_22_05_2024_n01.txt,10004,10017,Wątek unijny.,[],[],False,False,False,False,False,False,Тема ЄС.
pl_hate_speech_act_19_12_2024_n02.txt,783,935,W obecnym bowiem brzmieniu tego przepisu zaatakowanie osoby z uwagi na jej bezwyznaniowość będzie ukierunkowane na osobę posiadającą tę konkretną cechę.,['Obfuscation-Vagueness-Confusion'],['Manipulative_Wording'],False,False,False,False,False,True,"У нинішньому формулюванні цього положення напад на особу через її відсутність віри буде спрямований на особу, яка має цю конкретну ознаку."
pl_abortion_11_04_2024_n11.txt,3031,3278,"Każdy z tych przypadków jest inny, każda z tych kobiet jest inna (Dzwonek), ale z tych wszystkich rozmów, które odbyłem, wyłania się ogólny obraz heroicznej postaci zmuszonej do podjęcia decyzji, często samotnie, bez wsparcia partnera czy rodziny.","['Exaggeration-Minimisation', 'Loaded_Language', 'Appeal_to_Pity', 'Repetition']","['Distraction', 'Manipulative_Wording']",False,False,True,False,False,True,"Кожен з цих випадків є іншим, кожна з цих жінок є іншою (Дзвоник), але з усіх цих розмов, які я провів, вимальовується загальний образ героїчної постаті, змушеної приймати рішення, часто наодинці, без підтримки партнера чи родини."
pl_defence_22_05_2024_n01.txt,6716,6730,Pójdźmy dalej.,[],[],False,False,False,False,False,False,Ходімо далі.
pl_hate_speech_act_19_12_2024_n07.txt,3928,3978,"Pan poseł Marcin Józefaciuk, Koalicja Obywatelska.",[],[],False,False,False,False,False,False,"Пане посол Марчін Йозефак, Громадянська коаліція."
pl_eu_03_04_2025_n08.txt,1532,1615,"Rzeczywiście Węgry na papierze miały dobre cele, które Polska co do zasady popiera.",['Appeal_to_Values'],['Justification'],False,True,False,False,False,False,"Дійсно, Угорщина на папері мала добрі цілі, які Польща в принципі підтримувала."
pl_defence_07_03_2025_n05.txt,2974,3284,"Jeżeli chodzi o korzyści gospodarcze, to zapraszamy do Unii Europejskiej, tylko, panie prezydencie, będzie wtedy trzeba spełnić określone wymogi, które wszystkie państwa Unii Europejskiej muszą spełnić, dotyczące demokracji, dotyczące praw człowieka, jakości żywienia, jakości produktów, a także szereg innych.","['Questioning_the_Reputation', 'Appeal_to_Values', 'Repetition']","['Attack_on_Reputation', 'Justification', 'Manipulative_Wording']",True,True,False,False,False,True,"Якщо говорити про економічні вигоди, то запрошуємо до Європейського Союзу, але, пане президенте, тоді потрібно буде виконати певні вимоги, які повинні виконати всі країни Європейського Союзу, щодо демократії, прав людини, якості харчування, якості продуктів, а також ряд інших."
pl_defence_07_03_2025_n03.txt,8110,8143,Zjednoczona Europa daje nam siłę.,['Flag_Waving'],['Justification'],False,True,False,False,False,False,Об'єднана Європа дає нам силу.
pl_eu_12_06_2024_n03.txt,5554,5585,I czy były wtedy w ustawie tzw.,[],[],False,False,False,False,False,False,Чи були тоді в законі так звані
pl_abortion_11_04_2024_n12.txt,2156,2284,"Tak samo nie mogę pomóc np. w podjęciu tej decyzji mojej pełnoletniej córce, bo musi ją podjąć sama, tak jak każda inna kobieta.",['False_Dilemma-No_Choice'],['Simplification'],False,False,False,True,False,False,"Так само я не можу допомогти, наприклад, у прийнятті цього рішення моїй повнолітній дочці, бо вона повинна прийняти його сама, як і кожна інша жінка."
pl_defence_07_03_2025_n03.txt,7617,7726,"To lotnictwo, marynarka, wojska dronowe, budowanie jednolitej formacji wojsk medycznych, cyberbezpieczeństwo.",[],[],False,False,False,False,False,False,"Це авіація, військово-морські сили, безпілотні війська, створення єдиної структури медичних військ, кібербезпека."
pl_defence_07_03_2025_n07.txt,309,531,"Z tego, że konsekwencje złej polityki finansowej, złej polityki gospodarczej dotykają wszystkich i ponoszą je wszyscy, z tego, że nawet tak bogate supermocarstwo jak Ameryka może zbankrutować, może mieć problemy finansowe.",['Causal_Oversimplification'],['Simplification'],False,False,False,True,False,False,"З того, що наслідки поганої фінансової політики, поганої економічної політики зачіпають усіх і несуть їх усі, з того, що навіть така багата наддержава, як Америка, може збанкрутувати, може мати фінансові проблеми."
pl_eu_12_06_2024_n04.txt,619,826,"Myślę, że jednak bardzo ważne jest to, jakie będą priorytety właśnie w zakresie rolnictwa, biorąc pod uwagę, że 17 czerwca będzie ważne głosowanie w sprawie rozporządzenia o odbudowie zasobów przyrodniczych.",[],[],False,False,False,False,False,False,"Думаю, що дуже важливо, які будуть пріоритети саме в галузі сільського господарства, враховуючи, що 17 червня відбудеться важливе голосування щодо регламенту про відновлення природних ресурсів."
pl_statements_20_02_2025_n03.txt,293,404,To pytanie postawiono młodym Europejczykom we wszystkich 27 krajach i młodzież wskazała trzy główne priorytety.,[],[],False,False,False,False,False,False,"Це питання було поставлено молодим європейцям у всіх 27 країнах, і молодь вказала три основні пріоритети."
pl_defence_07_03_2025_n08.txt,3031,3095,"Bardzo jestem wam wdzięczny, że wreszcie pojęliście naszą naukę.",['Questioning_the_Reputation'],['Attack_on_Reputation'],True,False,False,False,False,False,"Дуже дякую, що нарешті зрозуміли нашу науку."
pl_defence_07_03_2025_n06.txt,7273,7308,Na tych rzeczach chcemy się skupić.,[],[],False,False,False,False,False,False,На цих речах ми хочемо зосередитися.
pl_defence_22_05_2024_n01.txt,4104,4136,A jeszcze chwilę przed napaścią?,['Appeal_to_Hypocrisy'],['Attack_on_Reputation'],True,False,False,False,False,False,А ще за мить до нападу?
pl_defence_07_03_2025_n06.txt,8804,8980,"Premier użył parę sformułowań, które są skrajnie ogólnikowe i pokazują sposób jego myślenia: Jeśli skumulujemy w Europie ludzi i wydatki… Nasza polityka ma być oparta na jeśli?",['Doubt'],['Attack_on_Reputation'],True,False,False,False,False,False,"Прем'єр-міністр використав кілька формулювань, які є надзвичайно загальними та демонструють його спосіб мислення: Якщо ми зберемо людей і витрати в Європі… Наша політика має ґрунтуватися на чому?"
pl_defence_07_03_2025_n06.txt,434,488,Jest to m.in. budowa Centrum Cyberbezpieczeństwa NASK.,[],[],False,False,False,False,False,False,"Це, зокрема, будівництво Центру кібербезпеки NASK."
pl_abortion_11_04_2024_n02.txt,4230,4333,Miejsce aborcji jest w podręczniku medycyny… (Poseł Grzegorz Braun: Sądowej.) …a nie w Kodeksie karnym.,[],[],False,False,False,False,False,False,Місце аборту – у підручнику медицини… (Депутат Гжегож Браун: Судовому.) …а не в Кримінальному кодексі.
pl_abortion_11_04_2024_n08.txt,7957,8067,W imieniu klubu Konfederacja chciałbym wnieść o odrzucenie w pierwszym czytaniu wszystkich czterech projektów.,[],[],False,False,False,False,False,False,Від імені клубу «Конфедерація» я хотів би запропонувати відхилити в першому читанні всі чотири проєкти.
pl_defence_22_05_2024_n01.txt,7173,7207,Dlaczego ze Stanami Zjednoczonymi?,[],[],False,False,False,False,False,False,Чому зі Сполученими Штатами?
pl_eu_12_06_2024_n03.txt,1284,1467,"Ustawa związana z prezydencją, kwestie związane z bezpieczeństwem to są rzeczy ważne, ale zwyczajnie wydaje się, że zepsuliście ten projekt ustawy, ten pomysł z niewiadomych przyczyn.",['Questioning_the_Reputation'],['Attack_on_Reputation'],True,False,False,False,False,False,"Закон, пов'язаний з президентством, питання, пов'язані з безпекою, це важливі речі, але здається, що ви зіпсували цей законопроект, цю ідею з невідомих причин."
pl_hate_speech_act_19_12_2024_n03.txt,3504,3687,"Przypominam, że każdy w Polsce, czy to jest osoba ze środowisk LGBT, czy ze wszystkich innych, jest w Polsce chroniona przed agresją właśnie przez przepisy dotyczące tych przestępstw.",[],[],False,False,False,False,False,False,"Нагадую, що кожен у Польщі, чи то людина з ЛГБТ-спільноти, чи з будь-якої іншої, в Польщі захищена від агресії саме положеннями, що стосуються цих злочинів."
pl_abortion_11_04_2024_n07.txt,4404,4487,Przez cały okres ciąży matka i dziecko nienarodzone są przecież pacjentami – oboje.,[],[],False,False,False,False,False,False,Протягом усього періоду вагітності мати і ненароджена дитина є пацієнтами – обидва.
pl_hate_speech_act_19_12_2024_n04.txt,6091,6138,Tego typu sytuacje często prowadzą do tragedii.,['Appeal_to_Fear-Prejudice'],['Justification'],False,True,False,False,False,False,Цей тип ситуацій часто призводить до трагедії.
pl_defence_07_03_2025_n06.txt,7151,7207,"Kilka typów czołgów, kilka typów warsztatów remontowych.",['Doubt'],['Attack_on_Reputation'],True,False,False,False,False,False,"Кілька типів танків, кілька типів ремонтних майстерень."
pl_eu_03_04_2025_n07.txt,2160,2299,"Być może mogliście postawić Telewizję Polską w stan likwidacji, ale idziecie o krok za daleko: stawiacie polskie państwo w stan likwidacji.","['Exaggeration-Minimisation', 'Flag_Waving', 'Doubt']","['Attack_on_Reputation', 'Justification', 'Manipulative_Wording']",True,True,False,False,False,True,"Можливо, ви могли б поставити Польське телебачення в стан ліквідації, але ви йдете занадто далеко: ви ставите польську державу в стан ліквідації."
pl_eu_12_06_2024_n01.txt,6348,6639,"Jednym z nich jest bezpieczeństwo publiczne, taki wyjątek wdrożono w art. 12 Prawa zamówień publicznych i do tego nie potrzeba żadnej specustawy, natomiast wyłączenie całego Prawa zamówień publicznych w stosunku do jakichkolwiek zamówień związanych z prezydencją nie ma podstaw w dyrektywie.",['Loaded_Language'],['Manipulative_Wording'],False,False,False,False,False,True,"Одним з них є громадська безпека, такий виняток було впроваджено в статті 12 Закону про державні закупівлі, і для цього не потрібен жоден спеціальний закон, однак виключення всього Закону про державні закупівлі щодо будь-яких закупівель, пов’язаних з президентством, не має підстав у директиві."
pl_eu_03_04_2025_n07.txt,6615,6737,"Węgry są potrzebne w Europie, są potrzebne w dobrej współpracy i komitywie z Polską i muszą być częścią Unii Europejskiej.",[],[],False,False,False,False,False,False,"Угорщина потрібна в Європі, потрібна в хорошій співпраці та співдружності з Польщею і має бути частиною Європейського Союзу."
pl_defence_22_05_2024_n04.txt,125,166,Poseł Marcin Skonieczka: Panie Marszałku!,[],[],False,False,False,False,False,False,Депутат Марцін Сконєчка: Пане Маршалку!
pl_abortion_11_04_2024_n11.txt,2509,2546,Koledzy Posłowie z wszystkich klubów!,[],[],False,False,False,False,False,False,Колеги-депутати з усіх клубів!
pl_abortion_11_04_2024_n12.txt,3674,3741,Dlaczego jestem za liberalizacją prawa aborcyjnego do 12. tygodnia?,"['False_Dilemma-No_Choice', 'Straw_Man']","['Distraction', 'Simplification']",False,False,True,True,False,False,Чому я виступаю за лібералізацію законодавства про аборти до 12-го тижня?
pl_hate_speech_act_19_12_2024_n10.txt,1664,1682,To czysta przemoc.,['Exaggeration-Minimisation'],['Manipulative_Wording'],False,False,False,False,False,True,Це чиста сила.
pl_abortion_11_04_2024_n11.txt,7265,7293,Co zrobicie z tym artykułem?,['Appeal_to_Hypocrisy'],['Attack_on_Reputation'],True,False,False,False,False,False,Що ви зробите з цією статтею?
pl_defence_22_05_2024_n02.txt,1035,1112,Oddaliśmy mnóstwo sprzętu na Ukrainę i do tej pory nie został on uzupełniony.,[],[],False,False,False,False,False,False,"Ми передали величезну кількість обладнання в Україну, і воно досі не було поповнене."
pl_abortion_11_04_2024_n05.txt,3006,3146,"Ale po tej dyskusji, po tych ważnych dyskusjach, które się odbędą, proponuję, żeby pójść krok naprzód i zagłosować za ustawą Trzeciej Drogi.",[],[],False,False,False,False,False,False,"Але після цієї дискусії, після цих важливих дискусій, які відбудуться, пропоную зробити крок вперед і проголосувати за законопроект Третьої Дороги."
pl_defence_07_03_2025_n02.txt,3826,3896,To służyło wiarygodności Polski w ramach Paktu Północno-Atlantyckiego?,['Doubt'],['Attack_on_Reputation'],True,False,False,False,False,False,Що сприяло довірі до Польщі в рамках Північноатлантичного альянсу?
pl_defence_22_05_2024_n01.txt,7279,7305,Ruscy boją się Amerykanów.,"['Loaded_Language', 'Appeal_to_Authority']","['Justification', 'Manipulative_Wording']",False,True,False,False,False,True,Росіяни бояться американців.
pl_defence_22_05_2024_n01.txt,11077,11125,Wicemarszałek Piotr Zgorzelski: Dziękuję bardzo.,[],[],False,False,False,False,False,False,Віцемаршалок Пьотр Згожельський: Дуже дякую.
pl_current_affairs_09_01_2025_n02.txt,8858,9097,"Raport nie zawierał również opisu oddziaływania przedsięwzięcia na obszary Natura 2000, na rezerwaty przyrody czy opisu działań mających na celu jakąkolwiek minimalizację, kompensację negatywnych oddziaływań przedsięwzięcia w tym zakresie.",[],[],False,False,False,False,False,False,"Звіт також не містив опису впливу проєкту на території Natura 2000, на заповідники природи або опису заходів, спрямованих на мінімізацію будь-яких негативних наслідків проєкту в цій сфері."
pl_abortion_11_04_2024_n03.txt,7179,7285,"Przez te wszystkie lata kobiety kombinowały, jak przerwać ciążę, a sumienia polityków nadal były spokojne.","['Appeal_to_Hypocrisy', 'Loaded_Language']","['Attack_on_Reputation', 'Manipulative_Wording']",True,False,False,False,False,True,"Протягом усіх цих років жінки шукали способи перервати вагітність, а сумління політиків залишалися спокійними."
pl_abortion_11_04_2024_n03.txt,9743,9832,"Darowizny od Belgii, Francji i Holandii, od prywatnych darczyńców umożliwiają te aborcje.",['Appeal_to_Popularity'],['Justification'],False,True,False,False,False,False,"Пожертви від Бельгії, Франції та Нідерландів, від приватних благодійників дозволяють ці аборти."
pl_eu_03_04_2025_n08.txt,5555,5594,Poseł Jacek Karnowski: Panie Marszałku!,[],[],False,False,False,False,False,False,Депутат Яцек Карновський: Пане Маршалку!
pl_abortion_11_04_2024_n12.txt,60,156,Każde życie jest święte i każde życie państwo powinno chronić od poczęcia do naturalnej śmierci.,"['Slogans', 'Appeal_to_Values']","['Justification', 'Call']",False,True,False,False,True,False,"Кожне життя є священним, і кожна держава повинна захищати життя від зачаття до природної смерті."
pl_eu_12_06_2024_n04.txt,7005,7408,"Dzisiaj oni przychodzą na tę salę i mają czelność – bo tak o tym trzeba powiedzieć – wypowiadać się na temat konkurencyjności, interesu wynikającego z tego, jak ważną wartością są zamówienia publiczne, oni, którzy poniewierali przepisami nie tylko dotyczącymi zamówień publicznych w prowadzeniu ważnych interesów państwa, czego przejawem jest skandaliczne złodziejstwo, korupcja na niewyobrażalną skalę.","['Appeal_to_Hypocrisy', 'Loaded_Language']","['Attack_on_Reputation', 'Manipulative_Wording']",True,False,False,False,False,True,"Сьогодні вони приходять до цієї зали і мають нахабство – бо так про це треба сказати – говорити про конкурентоспроможність, інтерес, що випливає з того, наскільки важливими є державні закупівлі, вони, які порушували правила не лише щодо державних закупівель у веденні важливих державних інтересів, що проявляється у скандальному розкраданні, корупції в немислимих масштабах."
pl_statements_20_02_2025_n02.txt,2865,2908,Poseł Paweł Sałek: Szanowna Pani Marszałek!,[],[],False,False,False,False,False,False,Шановний пане Маршалку!
pl_current_affairs_09_01_2025_n03.txt,6607,6737,"Kto stał za tym, że tego wszystkiego, co zwiększałoby bezpieczeństwo i polepszało wyposażenie polskich żołnierzy, nie wprowadzano?",['Doubt'],['Attack_on_Reputation'],True,False,False,False,False,False,"Хто стояв за тим, щоб не впроваджувати все, що підвищувало б безпеку та покращувало оснащення польських солдатів?"
pl_hate_speech_act_19_12_2024_n04.txt,2246,2337,"Przez ostatnie lata przekonaliśmy się, jak bardzo potrzebujemy nowelizacji Kodeksu karnego.",[],[],False,False,False,False,False,False,"За останні роки ми переконалися, як сильно потребуємо внесення змін до Кримінального кодексу."
pl_hate_speech_act_19_12_2024_n04.txt,2532,2902,"Jak bardzo całe społeczeństwo było bezbronne wobec szczucia, nienawiści, hejtu i przemocy, która przelewała się przez Polskę, która przelewała się przez media, kiedy na marszach równości osoby o orientacji innej, niż sobie państwo wyobrażacie, były poniżane, kiedy osoby nieheteronormatywne spotykały się z nienawiścią w mediach społecznościowych, z przemocą na ulicach.","['Loaded_Language', 'Appeal_to_Pity', 'Repetition']","['Distraction', 'Manipulative_Wording']",False,False,True,False,False,True,"Як сильно все суспільство було беззахисне перед цькуванням, ненавистю, хейтем і насильством, яке розлилося по Польщі, яке розлилося по медіа, коли на маршах рівності люди з орієнтацією, відмінною від тієї, яку ви собі уявляєте, були принижені, коли негетеронормативні люди стикалися з ненавистю в соціальних мережах, з насильством на вулицях."
pl_eu_03_04_2025_n06.txt,7664,7752,"Niczego nie jesteście w stanie załatwić, skazujecie Polaków na zachodnią drogę zamachów.","['Doubt', 'Appeal_to_Fear-Prejudice']","['Attack_on_Reputation', 'Justification']",True,True,False,False,False,False,"Ви нічого не можете вирішити, ви прирікаєте поляків на західний шлях терактів."
pl_abortion_11_04_2024_n04.txt,1599,1666,"Podobno powodem są jakieś limity, limity w otwartości i w uśmiechu.",['Appeal_to_Pity'],['Distraction'],False,False,True,False,False,False,"Кажуть, причиною є якісь обмеження, обмеження у відкритості та посмішці."
pl_statements_20_02_2025_n03.txt,9274,9416,"Mam nadzieję, że konkurs przyczyni się do tego, iż młodzi ludzie jeszcze bardziej zainteresują się historią jego życia i słowem, które głosił.",[],[],False,False,False,False,False,False,"Сподіваюся, що конкурс сприятиме тому, щоб молоді люди ще більше зацікавилися історією його життя та словом, яке він проповідував."
pl_abortion_11_04_2024_n14.txt,7575,7840,"I na koniec – matka Teresa z Kalkuty podczas przyjęcia Pokojowej Nagrody Nobla powiedziała całemu światu: To właśnie aborcja najbardziej niszczy pokój, bo skoro matka może zabić własne dziecko, to co stoi na przeszkodzie, abym ja zabiła ciebie i abyś ty zabił mnie?",['Appeal_to_Authority'],['Justification'],False,True,False,False,False,False,"І насамкінець – мати Тереза з Калькутти під час вручення Нобелівської премії миру сказала всьому світу: Саме аборт найбільше руйнує мир, бо якщо мати може вбити власну дитину, то що заважає мені вбити тебе, а тобі – мене?"
pl_abortion_11_04_2024_n14.txt,2745,2824,"Bo kwestii legalnej, bezpiecznej aborcji nie można rozstrzygnąć tak troszeczkę.","['Loaded_Language', 'Obfuscation-Vagueness-Confusion', 'Repetition']",['Manipulative_Wording'],False,False,False,False,False,True,"Бо питання легального, безпечного аборту не можна вирішити так просто."
pl_abortion_11_04_2024_n06.txt,6180,6241,"Wszędzie tam, gdzie legalna, bezpieczna aborcja jest możliwa.",[],[],False,False,False,False,False,False,"Скрізь, де легальний, безпечний аборт є можливим."
pl_eu_12_06_2024_n03.txt,7001,7064,Dziękuję bardzo. (Oklaski) (Głos z sali: Pytanie wstrząsające.),['Loaded_Language'],['Manipulative_Wording'],False,False,False,False,False,True,"Дякую. (Оплески) (Голос із залу: Питання, яке приголомшує.)"
pl_abortion_11_04_2024_n09.txt,5263,5356,"Poseł Jarosław Sachajko: Pani marszałek, pan marszałek Czarzasty powiedział, że będzie można…",[],[],False,False,False,False,False,False,"Депутат Ярослав Сахайко: Пані маршалку, пан маршалок Чарзастий сказав, що можна буде…"
pl_statements_20_02_2025_n04.txt,6088,6101,Non possumus.,[],[],False,False,False,False,False,False,Не можемо.
pl_hate_speech_act_19_12_2024_n07.txt,2731,2894,"Gdybyście chcieli walczyć z mową nienawiści, walczylibyście z mową nienawiści wobec Kościoła, a uwaliliście naszą ustawę w obronie chrześcijan. (Oklaski) Dlaczego?",['Appeal_to_Hypocrisy'],['Attack_on_Reputation'],True,False,False,False,False,False,"Якби ви хотіли боротися з мовою ненависті, ви б боролися з мовою ненависті до Церкви, і ви б ухвалили наш закон про захист християн. (Оплески) Чому?"
pl_abortion_11_04_2024_n04.txt,3039,3287,"Czas najwyższy, by po ponad 30 latach hipokryzji, zakłamania, dyskryminacji, karania za empatię i poświęcania praw kobiet w imię innych ważnych spraw uchwalić projekt Lewicy liberalizujący aborcję. (Poseł Czesław Hoc: Litości.) (Głos z sali: Czas.)","['Appeal_to_Time', 'Appeal_to_Values']","['Justification', 'Call']",False,True,False,False,True,False,"Настав час після понад 30 років лицемірства, обману, дискримінації, покарання за емпатію та жертвування правами жінок в ім'я інших важливих справ ухвалити проєкт Лівиці, який лібералізує аборти. (Депутат Чеслав Хох: Милосердя.) (Голос із залу: Час.)"
pl_abortion_11_04_2024_n11.txt,5760,6018,"Bo tak to jest, że kiedy standard cywilizacyjny ulega awarii i zapaści, kiedy wedle jakiegoś arbitralnego, rasistowskiego kryterium wydziela się grupę obywateli, którzy zostają wyjęci spod prawa, to bardzo szybko okazuje się, że nikt nie jest już bezpieczny.","['Exaggeration-Minimisation', 'Loaded_Language', 'Name_Calling-Labeling', 'Appeal_to_Fear-Prejudice']","['Attack_on_Reputation', 'Justification', 'Manipulative_Wording']",True,True,False,False,False,True,"Бо так воно є, що коли цивільний стандарт зазнає аварії та занепаду, коли за якимось свавільним, расистським критерієм виділяється група громадян, яких позбавляють права, то дуже швидко виявляється, що ніхто вже не в безпеці."
pl_eu_12_06_2024_n04.txt,4722,4888,"Wiele instytucji państwowych jest zaangażowanych i będzie zaangażowanych w opracowanie tych planów, których celem jest zapewnienie bezpieczeństwa podczas prezydencji.",[],[],False,False,False,False,False,False,"Багато державних установ залучені та будуть залучені до розробки цих планів, метою яких є забезпечення безпеки під час головування."
pl_defence_07_03_2025_n08.txt,5112,5152,Polska takiego kandydata nie potrzebuje.,['Conversation_Killer'],['Call'],False,False,False,False,True,False,Україні такий кандидат не потрібен.
pl_abortion_11_04_2024_n01.txt,2710,2765,"To jest coś, co musimy zmienić już, teraz, natychmiast.",['Appeal_to_Time'],['Call'],False,False,False,False,True,False,"Це те, що ми повинні змінити вже зараз, негайно."
pl_hate_speech_act_19_12_2024_n01.txt,398,425,"Zapraszam, panie ministrze.",[],[],False,False,False,False,False,False,"Ласкаво просимо, пане міністре."
pl_defence_07_03_2025_n02.txt,6445,6561,"Rząd premiera Donalda Tuska odbudował sojusze w ramach Unii Europejskiej, tak zniszczone w okresie 8 lat rządów PiS.",['Questioning_the_Reputation'],['Attack_on_Reputation'],True,False,False,False,False,False,"Уряд прем'єр-міністра Дональда Туска відновив союзи в рамках Європейського Союзу, які були настільки зруйновані протягом 8 років правління PiS."
pl_hate_speech_act_19_12_2024_n01.txt,522,634,Mam ogromną przyjemność i zaszczyt przedstawić uzasadnienie rządowego projektu ustawy zmieniającej Kodeks karny.,[],[],False,False,False,False,False,False,"Маю велику приємність і честь представити обґрунтування урядового проєкту закону, який змінює Кримінальний кодекс."
pl_defence_07_03_2025_n03.txt,2748,2935,"Przecież to jest jakiś cud, że ci, którzy chcieli w dwa tygodnie zacząć rządzić w Kijowie, do dzisiaj posuwają się, jeśli w ogóle się posuwają, po kilka kilometrów na tydzień czy miesiąc.",[],[],False,False,False,False,False,False,"Адже це якесь диво, що ті, хто хотів за два тижні почати правити в Києві, досі просуваються, якщо взагалі просуваються, на кілька кілометрів на тиждень чи місяць."
pl_defence_22_05_2024_n01.txt,8881,8985,"Dlatego że Korea Południowa posiada olbrzymi potencjał produkcyjny, jeśli chodzi o przemysł zbrojeniowy.",[],[],False,False,False,False,False,False,"Тому що Південна Корея має величезний виробничий потенціал, коли мова йде про оборонну промисловість."
pl_abortion_11_04_2024_n04.txt,6152,6398,"Jeżeli ciąża ze względu na zdrowie psychiczne kobiety zagraża zdrowiu lub życiu kobiety, to jest to także zasadny powód do usunięcia ciąży. 72 godziny – maksymalnie tyle czasu może upłynąć od wyrażenia woli o usunięciu ciąży do dokonania zabiegu.",['Appeal_to_Values'],['Justification'],False,True,False,False,False,False,"Якщо вагітність через психічне здоров'я жінки загрожує здоров'ю або життю жінки, це також є вагомою причиною для переривання вагітності. 72 години – максимум часу, який може пройти від вираження волі про переривання вагітності до проведення операції."
pl_hate_speech_act_19_12_2024_n08.txt,797,899,"Dlatego mówię głośne „tak” dla tych zmian i dziękuję, panie ministrze, że będziemy nad tym procedować.",[],[],False,False,False,False,False,False,"Тому я кажу гучне ""так"" цим змінам і дякую, пане міністре, що ми будемо над цим працювати."
pl_abortion_11_04_2024_n12.txt,6358,6627,"Panie pośle… Zanim na mównicę wejdzie pan poseł Mulawa ze swoim pytaniem, serdecznie pozdrawiam seniorki i seniorów z Górska z gminy Zławieś Wielka, która leży w powiecie toruńskim (Oklaski), którzy przebywają tutaj dzisiaj na zaproszenie pani poseł Agnieszki Kłopotek.",[],[],False,False,False,False,False,False,"Пані посол… Перш ніж на трибуну вийде пан посол Мулава зі своїм запитанням, щиро вітаю старших жінок і чоловіків з Ґурська з ґміни Злавесь Велика, яка розташована в торунському повіті (Оплески), які сьогодні тут на запрошення пані посол Агнешки Клопотек."
pl_defence_22_05_2024_n03.txt,6855,6861,Super.,[],[],False,False,False,False,False,False,Супер.
pl_abortion_11_04_2024_n01.txt,3225,3330,"Nie ma czegoś takiego, że można sobie wyjąć płód i on będzie gdzieś indziej, nie będzie dotyczył kobiety.",['Conversation_Killer'],['Call'],False,False,False,False,True,False,"Немає такого, щоб можна було вийняти плід і він буде десь в іншому місці, не буде стосуватися жінки."
pl_hate_speech_act_19_12_2024_n01.txt,5219,5284,"Mowa nienawiści jest, funkcjonuje, jest także problemem w Polsce.",['Conversation_Killer'],['Call'],False,False,False,False,True,False,"Мова ненависті існує, функціонує, є також проблемою в Польщі."
pl_defence_07_03_2025_n03.txt,3393,3426,To są czasy realizmu i strategii.,[],[],False,False,False,False,False,False,Це часи реалізму та стратегії.
pl_defence_22_05_2024_n02.txt,1836,1905,Zanim pośle się żołnierza do wojny... (Poseł Piotr Kaleta: Na wojnę.),[],[],False,False,False,False,False,False,Перш ніж послати солдата на війну... (Посол Петро Калета: На війну.)
pl_abortion_11_04_2024_n05.txt,5199,5265,"Albo kiedy zamkniemy oczy i myślimy, że staliśmy się niewidzialni.",['Straw_Man'],['Distraction'],False,False,True,False,False,False,"Або коли ми закриваємо очі і думаємо, що стали невидимими."
pl_abortion_11_04_2024_n09.txt,7634,7759,"Skoro państwo przyjmujecie bez refleksji, że facet ubrany w sukienkę jest Margot, dlaczego was dziwi, że posłanki są posłami?",['False_Equivalence'],['Simplification'],False,False,False,True,False,False,"Якщо ви без роздумів приймаєте, що чоловік у сукні – це Марго, то чому вас дивує, що депутатки – це депутати?"
pl_statements_20_02_2025_n03.txt,7648,7661,13 lutego br.,[],[],False,False,False,False,False,False,13 лютого цього року.
pl_statements_20_02_2025_n03.txt,5937,5955,Do czego dochodzi?,[],[],False,False,False,False,False,False,До чого це призводить?
pl_eu_03_04_2025_n03.txt,5810,5890,"Pan bardzo często mówił, że ta prezydencja odbywa się w cieniu wizyty w Moskwie.","['Exaggeration-Minimisation', 'Questioning_the_Reputation', 'Straw_Man']","['Attack_on_Reputation', 'Distraction', 'Manipulative_Wording']",True,False,True,False,False,True,"Він дуже часто говорив, що ця президенція відбувається в тіні візиту до Москви."
pl_statements_20_02_2025_n04.txt,1346,1484,Myślę bardziej o odpowiedzialności państwa za zdrowie publiczne i o przestrzeganiu prawa oraz ograniczeniu patologicznej reklamy alkoholu.,['Appeal_to_Values'],['Justification'],False,True,False,False,False,False,"Я більше думаю про відповідальність держави за громадське здоров'я та дотримання закону, а також про обмеження патологічної реклами алкоголю."
pl_abortion_11_04_2024_n06.txt,3905,4158,"Dziś przedstawiamy państwu projekt ustawy, który daje Polkom wolny wybór, który mówi jasno, że każda osoba w ciąży będzie mogła otrzymać świadczenie w postaci przerwania ciąży do 12. tygodnia, zgodnie z najnowszą wiedzą medyczną i zgodnie z własną wolą.",['Appeal_to_Authority'],['Justification'],False,True,False,False,False,False,"Сьогодні ми представляємо вам проєкт закону, який дає полякам вільний вибір, який чітко стверджує, що кожна вагітна жінка зможе отримати допомогу у вигляді переривання вагітності до 12-го тижня, відповідно до найновіших медичних знань та власної волі."
pl_hate_speech_act_19_12_2024_n03.txt,1490,1531,Witamy was serdecznie w Sejmie. (Oklaski),[],[],False,False,False,False,False,False,Вітаємо вас сердечно в Сеймі. (Оплески)
pl_defence_22_05_2024_n02.txt,1702,1747,Armia polska jest mobilizowana na czas wojny.,['Doubt'],['Attack_on_Reputation'],True,False,False,False,False,False,Польська армія мобілізується на час війни.
pl_defence_22_05_2024_n01.txt,7147,7172,Ze Stanami Zjednoczonymi.,[],[],False,False,False,False,False,False,Зі Сполученими Штатами.
pl_hate_speech_act_19_12_2024_n09.txt,5095,5142,"Czy „Chłopi” będą chronieni, czy też atakowani?",[],[],False,False,False,False,False,False,"Чи «Селяни» будуть захищені, чи їх атакуватимуть?"
pl_defence_22_05_2024_n02.txt,9362,9463,"Proszę o wystąpienie, w którym pan minister powie, jakie są efekty rządzenia, a nie jakie są zamiary.",['Appeal_to_Hypocrisy'],['Attack_on_Reputation'],True,False,False,False,False,False,"Прошу виступити, щоб пан міністр розповів, які є результати управління, а не які є наміри."
pl_hate_speech_act_19_12_2024_n01.txt,6455,6624,"Wracam do słów pana posła, który uważa, że mowa nienawiści nie istnieje i formy dyskryminacji są pewnym, jak rozumiem, wymysłem w stosunku do osób z niepełnosprawnością.","['Obfuscation-Vagueness-Confusion', 'Straw_Man']","['Distraction', 'Manipulative_Wording']",False,False,True,False,False,True,"Повертаюся до слів пана депутата, який вважає, що мови ненависті не існує і форми дискримінації є певним, як я розумію, вигадкою щодо людей з інвалідністю."
pl_abortion_11_04_2024_n07.txt,3811,4153,"My, kobiety i mężczyźni broniący prawa do życia chcemy poważnego traktowania kobiet i ich potrzeb, kiedy zachodzą w ciążę, kiedy stają się matkami, lepszej jakości i dostępności opieki zdrowotnej, wsparcia psychologicznego oraz pomocy w zakresie opieki nad dzieckiem, szczególnie gdy okaże się, że może być niepełnosprawne lub poważnie chore.",['Appeal_to_Values'],['Justification'],False,True,False,False,False,False,"Ми, жінки та чоловіки, які захищають право на життя, хочемо серйозного ставлення до жінок та їхніх потреб, коли вони вагітні, коли стають матерями, кращої якості та доступності медичної допомоги, психологічної підтримки та допомоги у догляді за дитиною, особливо коли з’ясовується, що дитина може бути інвалідом або серйозно хворою."
pl_abortion_11_04_2024_n06.txt,8245,8341,"Uwierzcie, że jesteśmy mądre, że możemy podejmować decyzje i że te decyzje są najlepsze dla nas.",['Flag_Waving'],['Justification'],False,True,False,False,False,False,"Повірте, що ми розумні, що можемо приймати рішення і що ці рішення найкращі для нас."
pl_hate_speech_act_19_12_2024_n01.txt,2518,2665,"Wydaje się, że lektura chociażby tych aktów jasno wskazuje, jak powinny być zdefiniowane przepisy także w polskim porządku karnym, a jednak nie są.",['Appeal_to_Hypocrisy'],['Attack_on_Reputation'],True,False,False,False,False,False,"Здається, що читання хоча б цих актів чітко вказує, як повинні бути визначені положення також у польському кримінальному порядку, але вони не є."
pl_abortion_11_04_2024_n13.txt,0,106,"Wicemarszałek Monika Wielichowska: Zapraszam panią poseł Katarzynę Kierzek-Koperską, Koalicja Obywatelska.",[],[],False,False,False,False,False,False,"Віцемаршалок Моніка Веліховська: Запрошую пані депутатку Катажину Кєрзек-Коперську, Громадянська коаліція."
pl_hate_speech_act_19_12_2024_n04.txt,6720,7003,W imieniu Klubu Parlamentarnego Polskie Stronnictwo Ludowe – Trzecia Droga pragnę przedstawić nasze stanowisko w sprawie rządowego projektu ustawy o zmianie ustawy – Kodeks karny w zakresie wzmocnienia ochrony prawnej przed przestępstwami motywowanymi przesłankami dyskryminacyjnymi.,[],[],False,False,False,False,False,False,"Від імені парламентського клубу «Польське селянство – Третя дорога» хочу представити нашу позицію щодо урядового проєкту закону про внесення змін до Закону – Кримінального кодексу щодо посилення правового захисту від злочинів, мотивованих дискримінаційними мотивами."
pl_abortion_11_04_2024_n11.txt,340,545,"Prosiłbym też, aby pani minister poinformowała Wysoką Izbę, jak wyglądają właśnie te oceny, badania OECD w doniesieniu do opieki okołoporodowej w Polsce i w pozostałych państwach, najbardziej rozwiniętych.",[],[],False,False,False,False,False,False,"Просив би також, щоб пані міністр поінформувала Високу Палату, як виглядають ці оцінки, дослідження ОЕСР щодо догляду за породіллями в Польщі та в інших найбільш розвинених країнах."
pl_eu_03_04_2025_n07.txt,5978,6059,"A trzeba oddzielić migrantów od uchodźców, od ludzi, którzy uciekają przed wojną.",[],[],False,False,False,False,False,False,"Потрібно відокремити мігрантів від біженців, від людей, які тікають від війни."
pl_abortion_11_04_2024_n03.txt,6627,6650,Łamanie praw pacjentek?,['Appeal_to_Values'],['Justification'],False,True,False,False,False,False,Порушення прав пацієнток?
pl_abortion_11_04_2024_n06.txt,6242,6281,My potrzebujemy w Polsce dobrego prawa.,['Flag_Waving'],['Justification'],False,True,False,False,False,False,Нам потрібне добре законодавство в Польщі.
pl_defence_07_03_2025_n06.txt,489,753,"Dbamy też o samorządy, bo w ramach projektu „Cyberbezpieczny samorząd” do 2,5 tys. samorządów trafi 1,5 mld zł na działania wzmacniające odporność infrastruktury samorządu na cyberataki. (Poseł Piotr Kaleta: Naprawdę, panie marszałku, z nimi jesteście w koalicji?)",['Questioning_the_Reputation'],['Attack_on_Reputation'],True,False,False,False,False,False,"Ми також дбаємо про органи місцевого самоврядування, адже в рамках проєкту «Кібербезпечне самоврядування» 1,5 млрд злотих буде виділено 2,5 тис. органів місцевого самоврядування на заходи, які зміцнюють стійкість інфраструктури самоврядування до кібератак. (Депутат Пьотр Калета: Справді, пане маршалку, ви в коаліції з ними?)"
pl_current_affairs_09_01_2025_n03.txt,1324,1350,Jeszcze tylko jedna rzecz.,[],[],False,False,False,False,False,False,Ще одна річ.
pl_abortion_11_04_2024_n05.txt,732,838,"I mam żal do koleżanek z Lewicy, że prawa kobiet zostały spłaszczone tylko i wyłącznie do kwestii aborcji.",[],[],False,False,False,False,False,False,"У мене є образа на колежанок з Лівиці, що права жінок були зведені лише до питання абортів."
pl_defence_07_03_2025_n07.txt,4442,4630,"One już nie zadziałają i naprawdę nie mamy czasu na to, żeby w debacie dotyczącej bezpieczeństwa dominowało wyparcie, wyparcie tego, że… nie świat się zmienia, tylko świat już się zmienił.","['Conversation_Killer', 'Appeal_to_Time', 'Repetition']","['Call', 'Manipulative_Wording']",False,False,False,False,True,True,"Це вже не спрацює, і у нас насправді немає часу на те, щоб у дискусії про безпеку домінувало витіснення, витіснення того, що… не світ змінюється, а світ вже змінився."
pl_abortion_11_04_2024_n13.txt,2311,2366,Zapraszamy pana posła Grzegorza Płaczka z Konfederacji.,[],[],False,False,False,False,False,False,Запрошуємо пана посла Ґжеґожа Плáчка з Конфедерації.
pl_hate_speech_act_19_12_2024_n07.txt,5801,5957,"Pan minister sam powiedział przed chwilą z mównicy o dwóch różnych pojęciach: o tożsamości płciowej i o płci, co ta ustawa ma przynajmniej w teorii chronić.",[],[],False,False,False,False,False,False,"Пан міністр щойно сказав з трибуни про два різні поняття: про гендерну ідентичність та стать, які цей закон має принаймні в теорії захищати."
pl_hate_speech_act_19_12_2024_n04.txt,306,341,"To również wasi koledzy, koleżanki.",['Appeal_to_Pity'],['Distraction'],False,False,True,False,False,False,Це також ваші колеги.
pl_hate_speech_act_19_12_2024_n09.txt,7456,7503,Poseł Katarzyna Osos: Szanowny Panie Marszałku!,[],[],False,False,False,False,False,False,Шановний пане Маршалку!
pl_eu_03_04_2025_n03.txt,1574,1674,Ale właśnie weto prezydencji nie pozwoliło na podniesienie dyskusji co najmniej na poziom COREPER-u.,[],[],False,False,False,False,False,False,Але саме вето президентства не дозволило підняти дискусію принаймні до рівня COREPER-у.
pl_abortion_11_04_2024_n06.txt,8065,8185,"Więc proszę was, abyście nie kazali nam być zakładnikami waszej wiary albo jej braku, waszych sumień i waszych poglądów.",['Appeal_to_Pity'],['Distraction'],False,False,True,False,False,False,"Тому просимо вас, щоб ви не змушували нас бути заручниками вашої віри або її відсутності, вашого сумління та ваших поглядів."
pl_abortion_11_04_2024_n08.txt,2523,2562,Damy radę obronić życie nienarodzonych.,['Appeal_to_Values'],['Justification'],False,True,False,False,False,False,Ми зможемо захистити життя ненароджених.
pl_statements_20_02_2025_n02.txt,3959,4059,"Główny konserwator przyrody twierdzi, że posiada analizy, ale z jakichś przyczyn nie przekazuje ich.",['Doubt'],['Attack_on_Reputation'],True,False,False,False,False,False,"Головний охоронець природи стверджує, що має аналізи, але з якихось причин не передає їх."
pl_current_affairs_09_01_2025_n01.txt,3299,3558,"Świadczenie „aktywni rodzice w pracy”, dzięki któremu rodzice mogą pozyskać 1500 zł miesięcznie na dziecko w wieku 1–3 lat na organizację opieki przez babcię, dziadka, siostrę, bliską osobę, nianię – jest skierowane do rodziców, którzy wracają na rynek pracy.",[],[],False,False,False,False,False,False,"Послуга «активні батьки на роботі», завдяки якій батьки можуть отримати 1500 злотих на місяць на дитину віком 1-3 роки для організації догляду бабусею, дідусем, сестрою, близькою людиною, нянею, спрямована на батьків, які повертаються на ринок праці."
pl_abortion_11_04_2024_n02.txt,1855,1969,"A czy naprawdę uważamy, że oni robią coś złego… (Głos z sali: Tak.) …pomagając swoim bliskim, kiedy są w kryzysie?",['Appeal_to_Values'],['Justification'],False,True,False,False,False,False,"Чи справді ми вважаємо, що вони роблять щось погане… (Голос із залу: Так.) …допомагаючи своїм близьким, коли ті перебувають у кризі?"
pl_statements_20_02_2025_n01.txt,5420,5501,"Nie jest ona chwilowym obniżeniem nastroju, ale poważnym zaburzeniem psychicznym.",[],[],False,False,False,False,False,False,"Це не тимчасове зниження настрою, а серйозне психічне порушення."
pl_defence_22_05_2024_n01.txt,10655,10711,…ale posłowie Prawa i Sprawiedliwości będą o tym mówili.,[],[],False,False,False,False,False,False,…але депутати партії «Право і Справедливість» про це говоритимуть.
pl_abortion_11_04_2024_n04.txt,6613,6675,"To jest rozwiązanie, do którego musi zastosować się prezydent.",['Conversation_Killer'],['Call'],False,False,False,False,True,False,"Це рішення, яке має виконати президент."
pl_abortion_11_04_2024_n05.txt,9479,9504,To nasze wspólne zadanie.,[],[],False,False,False,False,False,False,Це наше спільне завдання.
pl_abortion_11_04_2024_n13.txt,6627,6868,"Dlatego postuluję o głosowanie za wszystkimi projektami (Dzwonek) tak, aby była możliwa w tym momencie debata, a jeżeli nie da ona rezultatów, to jedynym rozwiązaniem jest referendum i oddanie głosu każdemu Polakowi i każdej Polce. (Oklaski)",['False_Dilemma-No_Choice'],['Simplification'],False,False,False,True,False,False,"Тому я закликаю голосувати за всі проєкти (Дзвоник), щоб у цей момент була можлива дискусія, а якщо вона не дасть результатів, то єдиним рішенням є референдум і надання голосу кожному поляку та кожній полячці. (Оплески)"
pl_current_affairs_09_01_2025_n01.txt,3935,4017,"Mogą one otrzymać 500 zł od pierwszego dziecka, nie od drugiego jak przy kapitale.",[],[],False,False,False,False,False,False,"Вони можуть отримати 500 злотих за першу дитину, а не за другу, як у випадку з капіталом."
pl_abortion_11_04_2024_n03.txt,6873,7004,"Przedstawicielki federacji uczą, wspierają prawnie i walczą na forum europejskim o przestrzeganie prawa tam, gdzie jest ono łamane.",[],[],False,False,False,False,False,False,"Представниці федерації навчають, надають правову підтримку та борються на європейському форумі за дотримання права там, де його порушують."
pl_eu_03_04_2025_n04.txt,6688,6825,"Myślę, że wyjątkowym przejawem rozbijania jedności europejskiej, jeśli chodzi o pomoc Ukrainie, była też wizyta premiera Orbána u Putina.","['Flag_Waving', 'Guilt_by_Association']","['Attack_on_Reputation', 'Justification']",True,True,False,False,False,False,"Думаю, що винятковим проявом руйнування європейської єдності щодо допомоги Україні була також зустріч прем'єр-міністра Орбана з Путіним."
pl_eu_03_04_2025_n05.txt,6874,7233,"Nie mówię już o tym, że Rada Europejska pod koniec czerwca wyznaczyła też zadania, które były związane z kształtowaniem procesu instytucjonalnego, w szczególności jeżeli chodzi o samą Radę, o Komisję Europejską, również o wysokiego przedstawiciela do spraw polityki zagranicznej i bezpieczeństwa, który nosi te dwa kapelusze, Rady Unii Europejskiej i Komisji.",[],[],False,False,False,False,False,False,"Не кажу вже про те, що Європейська рада наприкінці червня також визначила завдання, пов'язані з формуванням інституційного процесу, особливо щодо самої Ради, Європейської комісії, а також Верховного представника з питань зовнішньої політики та безпеки, який носить два капелюхи – Ради Європейського Союзу та Комісії."
pl_hate_speech_act_19_12_2024_n03.txt,4087,4251,"Propozycja ministra Bodnara ma być domknięciem planów minister Nowackiej, aby mącić dzieciom w głowach, indoktrynować je w zakresie możliwości dowolnej zmiany płci.","['Loaded_Language', 'Straw_Man']","['Distraction', 'Manipulative_Wording']",False,False,True,False,False,True,"Пропозиція міністра Боднара має бути завершенням планів міністра Новак, щоб заплутати дітям голови,indoктринувати їх щодо можливості довільної зміни статі."
pl_defence_07_03_2025_n02.txt,3897,4172,"Sojusz z Orbánem, z partiami proputinowskimi w Unii Europejskiej – to jest dorobek 8 lat waszych rządów. (Gwar na sali, dzwonek) Nawet w sferze gospodarczej posunęliście się do tego, że stacje Lotosu sprzedaliście firmie uzależnionej od bliskiego sojusznika Władimira Putina.","['Name_Calling-Labeling', 'Guilt_by_Association']",['Attack_on_Reputation'],True,False,False,False,False,False,"Союз з Орбаном, з пропутінськими партіями в Європейському Союзі – це досягнення 8 років ваших урядів. (Гучний сміх у залі, дзвінок) Навіть у сфері економіки ви дійшли до того, що продали станції Lotosу компанії, залежній від близького союзника Володимира Путіна."
pl_hate_speech_act_19_12_2024_n02.txt,2545,2652,"Dlatego może ta debata w parlamencie jest potrzebna, żeby zrozumieć to, co jest źródłem całej tej dyskusji.",[],[],False,False,False,False,False,False,"Тому, можливо, ця дискусія в парламенті необхідна, щоб зрозуміти, що є джерелом усієї цієї дискусії."
pl_abortion_11_04_2024_n14.txt,5849,5971,"Chcę na początku podziękować wszystkim kobietom, matkom za przyjęcie każdego nowego życia i wychowanie narodzonych dzieci.",[],[],False,False,False,False,False,False,"Хочу спочатку подякувати всім жінкам, матерям за прийняття кожного нового життя та виховання народжених дітей."
pl_eu_12_06_2024_n03.txt,3473,3512,Poseł Paweł Jabłoński: Panie Marszałku!,[],[],False,False,False,False,False,False,Депутат Павел Яблонський: Пане Маршалку!
pl_statements_20_02_2025_n03.txt,5911,5936,Mówi się o centralizacji.,[],[],False,False,False,False,False,False,Йдеться про централізацію.
pl_abortion_11_04_2024_n07.txt,1998,2015,Jakie to wygodne.,['Appeal_to_Hypocrisy'],['Attack_on_Reputation'],True,False,False,False,False,False,Як це зручно.
pl_eu_12_06_2024_n04.txt,270,377,W związku z tym mam pytanie: Jakie zagadnienia z zakresu rolnictwa będą poruszane przez polską prezydencję?,[],[],False,False,False,False,False,False,"У зв'язку з цим у мене є питання: Які питання, пов'язані з сільським господарством, будуть порушені під час головування Польщі?"
pl_abortion_11_04_2024_n14.txt,5459,5523,"Test na przyzwoitość, test na empatię i test na człowieczeństwo.","['Appeal_to_Values', 'Repetition']","['Justification', 'Manipulative_Wording']",False,True,False,False,False,True,"Тест на порядність, тест на емпатію та тест на людяність."
pl_abortion_11_04_2024_n05.txt,4631,4726,"A przecież wolność to niezależność i świadome rodzicielstwo, przecież ono właśnie jest wyborem.","['False_Equivalence', 'Appeal_to_Values']","['Justification', 'Simplification']",False,True,False,True,False,False,"Адже свобода – це незалежність і свідоме батьківство, адже саме воно є вибором."
pl_current_affairs_09_01_2025_n02.txt,4795,4976,"Aby taka sama sytuacja nie spotkała mieszkańców terenów nadwiślańskich Kujaw, rząd Prawa i Sprawiedliwości podjął kluczową dla regionu decyzję o budowie stopnia wodnego w Siarzewie.",[],[],False,False,False,False,False,False,"Щоб така ж ситуація не спіткала мешканців надвіслянських Куяв, уряд Права і Справедливості прийняв ключове для регіону рішення про будівництво водопропускної споруди в Сіаржеві."
pl_eu_03_04_2025_n05.txt,1733,1897,I nawet podlizywanie się przez pana posła Szynkowskiego vel Sęka w niczym nie pomoże. (Poseł Paweł Jabłoński: Sprzeciwiamy się importowaniu nielegalnych migrantów.),"['Loaded_Language', 'Questioning_the_Reputation']","['Attack_on_Reputation', 'Manipulative_Wording']",True,False,False,False,False,True,І навіть підлизування пана посла Шинковського вель Сенька нічого не допоможе. (Посол Павел Яблонський: Ми проти імпорту нелегальних мігрантів.)
pl_abortion_11_04_2024_n04.txt,573,660,Większość z tych aborcji to aborcje farmakologiczne wykonane właśnie takimi tabletkami.,"['Exaggeration-Minimisation', 'Appeal_to_Popularity']","['Justification', 'Manipulative_Wording']",False,True,False,False,False,True,"Більшість цих абортів – це фармакологічні аборти, які проводяться саме такими таблетками."
pl_abortion_11_04_2024_n07.txt,5921,6109,Rozwiązania zawarte w projekcie przewidują m.in. dopuszczalność późnej aborcji z powodu małej wady rozwojowej dziecka i aborcji nawet w 9. miesiącu ciąży w przypadku najpoważniejszych wad.,[],[],False,False,False,False,False,False,"Рішення, передбачені в проєкті, включають, зокрема, можливість пізнього аборту через незначну ваду розвитку дитини та аборту навіть на 9-му місяці вагітності у разі найсерйозніших вад."
pl_defence_22_05_2024_n01.txt,5896,5973,"Tam na pniu założyliśmy jednostkę wojskową, której centrum jest w Węgorzewie.",['Red_Herring'],['Distraction'],False,False,True,False,False,False,"Там на пні ми заснували військову частину, центр якої знаходиться у Венгожеві."
pl_eu_03_04_2025_n05.txt,2516,2659,"Zapraszam kolejnego mówcę, pana posła Krzysztofa Truskolaskiego, który będzie kontynuował przedstawianie stanowiska klubu Koalicja Obywatelska.",[],[],False,False,False,False,False,False,"Запрошую наступного оратора, пана посла Кшиштофа Трусколяського, який продовжить представлення позиції клубу Koalicja Obywatelska."
pl_defence_22_05_2024_n02.txt,7313,7441,"Dla nowych dywizji nie ma uzbrojenia, nawet dla tych zmobilizowanych na czas wojny, nie mówiąc już o uzupełnieniu strat sprzętu.",['Doubt'],['Attack_on_Reputation'],True,False,False,False,False,False,"Для нових дивізій немає озброєння, навіть для тих, які мобілізовані на час війни, не кажучи вже про поповнення втрат техніки."
pl_abortion_11_04_2024_n13.txt,4302,4334,Dlaczego chcecie zabijać dzieci?,"['Loaded_Language', 'Appeal_to_Fear-Prejudice']","['Justification', 'Manipulative_Wording']",False,True,False,False,False,True,Чому ви хочете вбивати дітей?
pl_abortion_11_04_2024_n04.txt,1083,1244,Miliony osób na świecie przeprowadzają aborcję we wczesnym stadium ciąży i nie zaobserwowano u nich żadnych długoterminowych negatywnych skutków dla ich zdrowia.,['Appeal_to_Popularity'],['Justification'],False,True,False,False,False,False,"Мільйони людей у всьому світі роблять аборт на ранніх термінах вагітності, і у них не було виявлено жодних довгострокових негативних наслідків для здоров'я."
pl_abortion_11_04_2024_n02.txt,292,310,Jest roztrzęsiona.,[],[],False,False,False,False,False,False,Вона розтривожена.
pl_abortion_11_04_2024_n08.txt,4500,4555,Byłem przy wszystkich porodach wszystkich moich dzieci.,[],[],False,False,False,False,False,False,Я був присутній при всіх пологах усіх моїх дітей.
pl_defence_07_03_2025_n07.txt,8910,8978,Wicemarszałek Piotr Zgorzelski: Powiem otwarcie: czas dobiegł końca.,['Appeal_to_Time'],['Call'],False,False,False,False,True,False,Віцемаршалок Пьотр Згожельський: Скажу відверто: час добіг кінця.
pl_abortion_11_04_2024_n02.txt,6025,6115,"Apeluję o przyjęcie dekryminalizacji aborcji, to jest prawdziwy kompromis, proszę państwa.",['Appeal_to_Values'],['Justification'],False,True,False,False,False,False,"Закликаю прийняти декриміналізацію абортів, це справжній компроміс, панове."
pl_eu_03_04_2025_n02.txt,8277,8380,"Wydaje mi się, że to jest ważna konkluzja, bo gdyby nawet Węgry nie istniały, to należałoby je wymyślić.",['Exaggeration-Minimisation'],['Manipulative_Wording'],False,False,False,False,False,True,"Мені здається, що це важливий висновок, бо навіть якби Угорщини не існувало, її варто було б вигадати."
pl_defence_07_03_2025_n02.txt,4525,4733,"Naród ukraiński walczy za wolność naszą i waszą, za wolność Europy. „Za wolność naszą i waszą” to hasło, które obecne było na polach bitew polskiego żołnierza, od powstania listopadowego po II wojnę światową.","['Flag_Waving', 'Slogans', 'Repetition']","['Justification', 'Call', 'Manipulative_Wording']",False,True,False,False,True,True,"Український народ бореться за нашу і вашу свободу, за свободу Європи. «За нашу і вашу свободу» – це гасло, яке було присутнє на полях битв польського солдата, від Листопадового повстання до Другої світової війни."
pl_statements_20_02_2025_n04.txt,4423,4512,Chciałbym dzisiaj przedstawić Wysokiej Izbie kilka istotnych fragmentów tego wystąpienia.,[],[],False,False,False,False,False,False,Сьогодні я хотів би представити Високій Палаті кілька важливих фрагментів цієї промови.
pl_defence_22_05_2024_n01.txt,4183,4286,"Dziś zastępcą szefa SKW jest płk Dusza, ten, który negocjował umowę z FSB, z rosyjską służbą specjalną.","['Appeal_to_Hypocrisy', 'Guilt_by_Association']",['Attack_on_Reputation'],True,False,False,False,False,False,"Сьогодні заступником начальника СКВ є полковник Душа, той, хто вів переговори щодо угоди з ФСБ, з російською спеціальною службою."
pl_eu_03_04_2025_n07.txt,7926,8024,"Siergiej Ławrow zagroził i zaproponował, aby przesunąć rosyjską strefę wpływów w zasadzie do Łaby.",[],[],False,False,False,False,False,False,Сергій Лавров пригрозив і запропонував перенести російську зону впливу в принципі до Лаби.
pl_eu_03_04_2025_n06.txt,1629,1790,"Rada oczekuje sprawozdania od Rady Unii Europejskiej do końca 2025 r. w związku z tymi czterema punktami, więc to jest też zadanie na okres polskiej prezydencji.",[],[],False,False,False,False,False,False,"Рада очікує звіту від Ради Європейського Союзу до кінця 2025 року щодо цих чотирьох пунктів, тому це також завдання на період польського головування."
pl_abortion_11_04_2024_n14.txt,6827,6926,"Przecież możemy sobie wyobrazić Polskę, w której życie każdego człowieka jest skutecznie chronione.",['Appeal_to_Values'],['Justification'],False,True,False,False,False,False,"Адже ми можемо уявити Польщу, де життя кожної людини ефективно захищене."
pl_defence_07_03_2025_n03.txt,7771,7892,"Tak właśnie wygląda bezpieczeństwo wielowymiarowe, soft power, czyli zdolność naszego narodu do pozyskiwania sojuszników.",[],[],False,False,False,False,False,False,"Ось так виглядає багатовимірна безпека, м’яка сила, тобто здатність нашого народу здобувати союзників."
pl_abortion_11_04_2024_n08.txt,5464,5501,Druga liczba dnia to jest 276 głosów.,[],[],False,False,False,False,False,False,Друга цифра дня – 276 голосів.
pl_hate_speech_act_19_12_2024_n10.txt,4060,4424,"Gdy zostanie przyjęte nowe prawo i zostaną wdrożone nowe wytyczne, ludzie pracujący w wymiarze sprawiedliwości: policjanci, prokuratorzy, sędziowie, adwokaci oraz radcy prawni zostaną zobowiązani do uczestnictwa w szkoleniach, podczas których aktywiści LGBT będą wyrabiać w nich przeświadczenie, że mową nienawiści jest wszelka krytyka tzw. postępowych postulatów.","['Consequential_Oversimplification', 'Name_Calling-Labeling', 'Appeal_to_Fear-Prejudice']","['Attack_on_Reputation', 'Justification', 'Simplification']",True,True,False,True,False,False,"Коли буде прийнято новий закон і впроваджено нові рекомендації, люди, які працюють у сфері правосуддя: поліцейські, прокурори, судді, адвокати та юристи, будуть зобов’язані відвідувати тренінги, під час яких активісти ЛГБТ формуватимуть у них переконання, що мовою ненависті є будь-яка критика так званих прогресивних постулатів."
pl_defence_22_05_2024_n01.txt,6694,6714,Wy tego nie robicie.,['Questioning_the_Reputation'],['Attack_on_Reputation'],True,False,False,False,False,False,Ви цього не робите.
pl_defence_07_03_2025_n06.txt,9091,9147,Jest różna percepcja ryzyka i różna percepcja interesów.,[],[],False,False,False,False,False,False,Існує різна оцінка ризику та різна оцінка інтересів.
pl_current_affairs_09_01_2025_n02.txt,6712,6873,"Odpowiadam dzisiaj w zastępstwie za ministra nadzorującego Generalną Dyrekcję Ochrony Środowiska, głównego konserwatora przyrody pana ministra Mikołaja Dorożałę.",[],[],False,False,False,False,False,False,"Сьогодні я відповідаю за міністра, який контролює Генеральну дирекцію охорони навколишнього середовища, головного охоронця природи пана міністра Міколая Дорожаля."
pl_abortion_11_04_2024_n04.txt,1815,1848,"Ogromny dług, który czas spłacić.","['Flag_Waving', 'Appeal_to_Time', 'Repetition']","['Justification', 'Call', 'Manipulative_Wording']",False,True,False,False,True,True,"Величезний борг, який час сплатити."
pl_hate_speech_act_19_12_2024_n09.txt,6496,6518,Pan poseł Paweł Szrot.,[],[],False,False,False,False,False,False,Пан посол Павел Шрот.
pl_abortion_11_04_2024_n03.txt,1290,1307,Kogo on zadowala?,['Doubt'],['Attack_on_Reputation'],True,False,False,False,False,False,Хто його задовольняє?
pl_hate_speech_act_19_12_2024_n03.txt,394,638,"Z raportu „Sytuacja społeczna osób LGBT w Polsce” za lata 2019–2020, z „Kampanii przeciw homofobii” i od stowarzyszenia Lambda Warszawa dowiadywaliśmy się, że 67% osób LGBT w Polsce doświadczyło jakiejś formy przemocy motywowanej uprzedzeniami.",['Appeal_to_Popularity'],['Justification'],False,True,False,False,False,False,"З звіту «Соціальна ситуація осіб ЛГБТ у Польщі» за 2019–2020 роки, від «Кампанії проти гомофобії» та асоціації Lambda Warszawa ми дізналися, що 67% осіб ЛГБТ у Польщі зазнали якоїсь форми насильства, мотивованого упередженнями."
pl_abortion_11_04_2024_n09.txt,287,372,"Debatujemy o zabijaniu Polaków, tych najsłabszych, bezbronnych dzieci w łonach matek.","['Exaggeration-Minimisation', 'Loaded_Language', 'Appeal_to_Fear-Prejudice']","['Justification', 'Manipulative_Wording']",False,True,False,False,False,True,"Обговорюємо вбивство поляків, цих найслабших, беззахисних дітей у лонах матерів."
pl_defence_07_03_2025_n01.txt,2049,2436,"Podręcznikowym przykładem jest tutaj sprawa Pablo Gonzáleza vel Pawła Rubcowa, agenta GRU zatrzymanego przez polskie służby w czasie rządów Zjednoczonej Prawicy, który pod przykrywką hiszpańskiego dziennikarza publikował teksty nie tylko o Ukrainie, ale atakował także rząd Prawicy za antyeuropejskość, brak KPO, zamach na prawa kobiet czy wreszcie budowę zapory na granicy z Białorusią.",['Guilt_by_Association'],['Attack_on_Reputation'],True,False,False,False,False,False,"Підручниковим прикладом тут є справа Пабло Гонсалеса вела Павла Рубцова, агента ГРУ, затриманого польськими службами за часів правління Об'єднаної Правиці, який під прикриттям іспанського журналіста публікував тексти не лише про Україну, але також атакував уряд Правиці за антиєвропейство, відсутність KPO, замах на права жінок чи нарешті будівництво огорожі на кордоні з Білоруссю."
pl_eu_03_04_2025_n03.txt,5924,6091,"Może dlatego, że panu jest bliższa plaża jako sposób funkcjonowania w Kancelarii Prezesa Rady Ministrów niż praca. (Oklaski) Może dlatego pan o tym cieniu ciągle mówi.","['Exaggeration-Minimisation', 'Loaded_Language', 'Questioning_the_Reputation', 'Straw_Man', 'Repetition']","['Attack_on_Reputation', 'Distraction', 'Manipulative_Wording']",True,False,True,False,False,True,"Можливо, тому, що вам ближча пляж як спосіб функціонування в Канцелярії Прем'єр-міністра, ніж робота. (Оплески) Можливо, тому ви постійно говорите про цю тінь."
pl_eu_03_04_2025_n04.txt,2881,3074,"Cieszę się z tego i będę to wspierał. (Poseł Katarzyna Królak: Czas się panu kończy.) Pan cały czas w trakcie nawet polskiej prezydencji, zamiast wziąć się do roboty, z tej okazji nie korzysta.","['Loaded_Language', 'Questioning_the_Reputation']","['Attack_on_Reputation', 'Manipulative_Wording']",True,False,False,False,False,True,"Я радий цьому і буду це підтримувати. (Депутат Катажина Круляк: Ваш час добігає кінця.) Ви весь час, навіть під час польського головування, замість того, щоб взятися за роботу, не користуєтеся цією нагодою."
pl_abortion_11_04_2024_n12.txt,7791,7827,To jest myślenie przeciwko kobietom.,['Appeal_to_Fear-Prejudice'],['Justification'],False,True,False,False,False,False,Це мислення проти жінок.
pl_eu_03_04_2025_n08.txt,6121,6254,"Wydaje się, że mówienie, słowa z waszej strony o tym, że się z tym nie zgadzamy, o małostkowości i kompleksach chyba są za delikatne.",['Appeal_to_Hypocrisy'],['Attack_on_Reputation'],True,False,False,False,False,False,"Здається, що слова з вашого боку про те, що ми з цим не згодні, про дріб'язковість і комплекси, мабуть, занадто делікатні."
pl_defence_22_05_2024_n02.txt,4532,4628,Jedni i drudzy rządziliście Polską od 20 lat i nie przygotowaliście nas do obrony na czas wojny.,"['Questioning_the_Reputation', 'Appeal_to_Fear-Prejudice']","['Attack_on_Reputation', 'Justification']",True,True,False,False,False,False,Одні й другі правили Польщею 20 років і не підготували нас до оборони на час війни.
pl_hate_speech_act_19_12_2024_n08.txt,1030,1167,"Michała Bilewicza z Centrum Badań nad Uprzedzeniami: Mową nienawiści można się zarazić (Dzwonek), a jej konsekwencją jest czyjaś krzywda.",['Appeal_to_Authority'],['Justification'],False,True,False,False,False,False,"Міхала Білевіча з Центру досліджень упереджень: Мовою ненависті можна заразитися (Дзвоник), а її наслідком є чиясь кривда."
pl_statements_20_02_2025_n04.txt,7160,7189,Przywiozę ich jeszcze więcej.,[],[],False,False,False,False,False,False,Привезу їх ще більше.
pl_abortion_11_04_2024_n07.txt,3030,3045,Dlaczego teraz?,[],[],False,False,False,False,False,False,Чому зараз?
pl_defence_22_05_2024_n01.txt,132,415,"Ja bym to nazwał takim spektakularnym fikołkiem logicznym, gdyż pan minister Kosiniak-Kamysz nie przedstawił własnej wizji, jeżeli chodzi o obronność, zapowiedział kontynuację, de facto mówił językiem Prawa i Sprawiedliwości, ale jednocześnie krytykował rząd Prawa i Sprawiedliwości.","['Loaded_Language', 'Appeal_to_Hypocrisy']","['Attack_on_Reputation', 'Manipulative_Wording']",True,False,False,False,False,True,"Я б назвав це таким собі видовищним логічним фіглярством, адже пан міністр Косіняк-Камиш не представив власної візії щодо оборони, пообіцяв продовження, фактично говорив мовою Права і Справедливості, але водночас критикував уряд Права і Справедливості."
pl_hate_speech_act_19_12_2024_n09.txt,3461,3509,"Pan poseł Patryk Wicher, Prawo i Sprawiedliwość.",[],[],False,False,False,False,False,False,"Пане депутате Патріку Віхере, Закон і Справедливість."
pl_statements_20_02_2025_n03.txt,1,60,"Wicemarszałek Krzysztof Bosak: Dziękuję bardzo, pani poseł.",[],[],False,False,False,False,False,False,"Віцемаршалок Кшиштоф Босак: Дуже дякую, пані депутатко."
pl_statements_20_02_2025_n04.txt,4198,4234,Poseł Jan Mosiński: Panie Marszałku!,[],[],False,False,False,False,False,False,Депутат Ян Мосінський: Пане Маршалку!
pl_eu_12_06_2024_n03.txt,2231,2503,"Oczywiście ta ustawa jest zdecydowanie spóźniona. 7 miesięcy to wystarczająco dużo czasu, aby przygotować odpowiednie przepisy, tym bardziej że Polska już prowadziła prezydencję, i to za waszych rządów, więc mieliście de facto wzorce, na bazie których można było pracować.",['Doubt'],['Attack_on_Reputation'],True,False,False,False,False,False,"Звісно, цей закон є однозначно запізнілим. 7 місяців – це достатньо часу, щоб підготувати відповідні правила, тим більше, що Польща вже головувала, і це за вашого уряду, тож ви фактично мали зразки, на основі яких можна було працювати."
pl_defence_22_05_2024_n04.txt,7424,7492,Chciałem bardzo serdecznie powitać uczniów ze Szkoły Podstawowej im.,[],[],False,False,False,False,False,False,Хотів би дуже щиро привітати учнів зі школи імені
pl_defence_07_03_2025_n02.txt,2688,2753,Jakie to szczęście dla Polski. (Poseł Barbara Bartuś: Dla Rosji.),"['Flag_Waving', 'Repetition']","['Justification', 'Manipulative_Wording']",False,True,False,False,False,True,Яке це щастя для Польщі. (Депутат Барбара Бартусь: Для Росії.)
pl_hate_speech_act_19_12_2024_n07.txt,764,954,"Najwyższy czas na tę zmianę, za którą bardzo dziękuję. (Dzwonek) A panowie Berkowicz i Mentzen – będą konsekwencje. (Oklaski) (Głos z sali: Brawo!) (Poseł Konrad Berkowicz: Mowa nienawiści.)",['Appeal_to_Time'],['Call'],False,False,False,False,True,False,"Настав час для цієї зміни, за що я дуже дякую. (Дзвінок) А панове Беркович і Менцен – будуть наслідки. (Оплески) (Голос з залу: Браво!) (Депутат Конрад Беркович: Мова ненависті.)"
pl_abortion_11_04_2024_n03.txt,1449,1581,"Wiele osób, a właściwie wielu mężczyzn mówi, że w sprawie prawa kobiety do przerywania ciąży wypowie się zgodnie ze swoim sumieniem.","['Appeal_to_Hypocrisy', 'Appeal_to_Values']","['Attack_on_Reputation', 'Justification']",True,True,False,False,False,False,"Багато людей, а точніше багато чоловіків, кажуть, що з питання права жінок на переривання вагітності вони висловляться відповідно до свого сумління."
pl_hate_speech_act_19_12_2024_n04.txt,1139,1275,"Po pierwsze, czy te przepisy są potrzebne, a po drugie, czy wcześniejsze przepisy nie są w stanie spełnić zamierzonego celu nowelizacji.",[],[],False,False,False,False,False,False,"По-перше, чи ці правила необхідні, а по-друге, чи попередні правила не можуть досягти мети, яку переслідує новація."
pl_eu_03_04_2025_n01.txt,5697,5777,W wyniku blokady Węgier Polska nie otrzymała należnych z tego funduszu 2 mld zł.,['Doubt'],['Attack_on_Reputation'],True,False,False,False,False,False,Внаслідок блокади Угорщини Польща не отримала належних з цього фонду 2 млрд злотих.
pl_hate_speech_act_19_12_2024_n02.txt,3508,3630,"A przecież badania wyraźnie pokazują: hejt ma wpływ na nasze życie, zdrowie, relacje i naszych bliskich, na naszą rodzinę.","['Appeal_to_Values', 'Appeal_to_Popularity']",['Justification'],False,True,False,False,False,False,"Адже дослідження чітко показують: хейт впливає на наше життя, здоров'я, стосунки та наших близьких, на нашу сім'ю."
pl_defence_07_03_2025_n01.txt,424,575,"Jako pierwszy głos zabierze pan poseł Marcin Ociepa, który przedstawi stanowisko Klubu Parlamentarnego Prawo i Sprawiedliwość. (Oklaski) Bardzo proszę.",[],[],False,False,False,False,False,False,"Першим слово бере пан депутат Марцін Оцепка, який представить позицію Парламентського клубу «Право і Справедливість». (Оплески) Дуже прошу."
pl_defence_22_05_2024_n02.txt,9843,10002,"Dowódcy, z którymi rozmawiam i których pytam, czy są w stanie walczyć z patologicznym piciem na ćwiczeniach rezerwy (Dzwonek), mówią, że nie mają na to wpływu.","['Exaggeration-Minimisation', 'Doubt']","['Attack_on_Reputation', 'Manipulative_Wording']",True,False,False,False,False,True,"Командири, з якими я розмовляю і яких питаю, чи можуть вони боротися з патологічним пияцтвом на навчаннях резерву (Дзвоник), кажуть, що не мають на це впливу."
pl_defence_07_03_2025_n02.txt,3166,3204,I pańska wypowiedź też o tym świadczy.,[],[],False,False,False,False,False,False,Ваша заява також про це свідчить.
pl_hate_speech_act_19_12_2024_n04.txt,1951,2064,"Nie może powiedzieć: ofiaro, radź sobie sama, znajdź sprawcę i dostarcz go przed oblicze wymiaru sprawiedliwości.",['Appeal_to_Pity'],['Distraction'],False,False,True,False,False,False,"Не може сказати: жертво, розбирайся сама, знайди винуватця і достав його перед обличчя правосуддя."
pl_current_affairs_09_01_2025_n02.txt,2185,2289,"Dofinansowanie, które do czasu rozpoczęcia programu „Aktywny rodzic” było przekazywane, wynosiło 400 zł.",[],[],False,False,False,False,False,False,"Дофінансування, яке до початку програми «Активний батько» становило 400 злотих."
pl_abortion_11_04_2024_n05.txt,0,50,Poseł Urszula Pasławska: Szanowny Panie Marszałku!,[],[],False,False,False,False,False,False,Шановний пане Маршалку!
pl_defence_07_03_2025_n04.txt,0,217,"To wielowymiarowe bezpieczeństwo musi stać na kilku bardzo ważnych filarach: filarze europejskim, z uwzględnieniem innych państw, takich jak Kanada, silnym filarze państw wschodniej flanki NATO, ale także filarze USA.",[],[],False,False,False,False,False,False,"Багатогранна безпека повинна спиратися на кілька дуже важливих стовпів: європейський стовп, з урахуванням інших країн, таких як Канада, сильний стовп країн східної фланги НАТО, а також стовп США."
pl_current_affairs_09_01_2025_n01.txt,6234,6368,"Musimy mieć ten zdefiniowany w ustawie wymóg aktywności zawodowej i ZUS musi zweryfikować, czy rodzic w tym okresie pracował, czy nie.",[],[],False,False,False,False,False,False,"Ми повинні мати цю вимогу щодо трудової діяльності, визначену в законі, і ZUS повинен перевірити, чи працював батько в цей період, чи ні."
pl_defence_22_05_2024_n03.txt,2695,2844,"Pytam się pana prezesa Polskiej Grupy Zbrojeniowej: Jeżeli już podpiszecie umowę, to kiedy dokumentacja wykonawcza spłynie do zakładów produkcyjnych?",['Doubt'],['Attack_on_Reputation'],True,False,False,False,False,False,"Звертаюся до пана президента Польської групи озброєнь: Якщо ви вже підписали угоду, то коли виконавча документація надійде до виробничих підприємств?"
pl_hate_speech_act_19_12_2024_n07.txt,4934,5030,Dlaczego nie zachowano spójności z treściami wprowadzanego nowego przedmiotu edukacja zdrowotna?,[],[],False,False,False,False,False,False,"Чому не було збережено узгодженість з вмістом нового предмета, який вводиться, – освіта для здоров’я?"
pl_abortion_11_04_2024_n09.txt,6361,6404,Do pytań zapisało się 87 parlamentarzystów.,[],[],False,False,False,False,False,False,На запитання записалося 87 парламентаріїв.
pl_abortion_11_04_2024_n05.txt,7096,7146,"Zostawcie nas, nasze sumienia i decyzje w spokoju.",['Flag_Waving'],['Justification'],False,True,False,False,False,False,"Залиште нас, наше сумління та рішення в спокої."
pl_eu_03_04_2025_n02.txt,7343,7617,"Po drugie, wspomniana już wizyta premiera Orbána – jeżeli chodzi o Kijów, to nie mam nic do dodania, natomiast jeżeli chodzi o Moskwę, było to odebrane jako misja prezydencji, a w istocie, jak później tłumaczył premier Orbán, było to wyłącznie reprezentowanie swojego kraju.",[],[],False,False,False,False,False,False,"По-друге, згаданий вже візит прем'єр-міністра Орбана – якщо йдеться про Київ, то мені нема чого додати, але якщо йдеться про Москву, то це було сприйнято як місія президентства, а насправді, як пізніше пояснював прем'єр-міністр Орбан, це було лише представництво своєї країни."
pl_defence_07_03_2025_n02.txt,2755,2847,"Bo my rozmawiamy tu o bezpieczeństwie państwa, o bezpieczeństwie Polski, a pan – o wyborach.","['Appeal_to_Hypocrisy', 'Flag_Waving', 'Appeal_to_Values']","['Attack_on_Reputation', 'Justification']",True,True,False,False,False,False,"Бо ми тут говоримо про безпеку держави, про безпеку Польщі, а ви – про вибори."
pl_defence_07_03_2025_n03.txt,1380,1547,"Chodzi o to, że jak mówił Jan Nowak-Jeziorański… Specjalnie poszukałem cytatów, żeby się opozycja nadmiernie, choćby z szacunku dla tych mężów stanu, nie emocjonowała.",['Appeal_to_Authority'],['Justification'],False,True,False,False,False,False,"Йдеться про те, що як казав Ян Новак-Єзьоранський… Спеціально шукав цитати, щоб опозиція надмірно, хоча б з поваги до цих державних діячів, не хвилювалася."
pl_abortion_11_04_2024_n11.txt,2435,2488,Poseł Włodzisław Giziński: Szanowna Pani Marszałkini!,[],[],False,False,False,False,False,False,Депутат Влодзіслав Ґізінський: Шановна пані Маршалко!
pl_defence_07_03_2025_n02.txt,0,90,Oczywiście powinniśmy pielęgnować ekskluzywność polskich relacji ze Stanami Zjednoczonymi.,"['Loaded_Language', 'Repetition']",['Manipulative_Wording'],False,False,False,False,False,True,"Звісно, ми повинні підтримувати ексклюзивність польських відносин зі Сполученими Штатами."
pl_defence_22_05_2024_n01.txt,6595,6622,Dlaczego pana tam nie było?,['Whataboutism'],['Distraction'],False,False,True,False,False,False,Чому вас там не було?
pl_eu_12_06_2024_n03.txt,5351,5442,A jak długo trwało wyłączenie zamówień publicznych w przypadku spraw związanych z COVID-em?,['Appeal_to_Hypocrisy'],['Attack_on_Reputation'],True,False,False,False,False,False,"Як довго тривало призупинення публічних закупівель у справах, пов'язаних з COVID-19?"
pl_hate_speech_act_19_12_2024_n02.txt,5240,5562,"Pamiętajmy, że zakaz dyskryminacji jest jedną z zasad prawa międzynarodowego, w tym prawa Unii Europejskiej – mówił o tym pan minister – jest zasadą konstytucyjną, ale przede wszystkim jest jedną z zasad praw człowieka, a przemoc z nienawiści i mowa nienawiści to najcięższe formy dyskryminacji, które ten zakaz naruszają.","['Appeal_to_Authority', 'Appeal_to_Values']",['Justification'],False,True,False,False,False,False,"Пам'ятаймо, що заборона дискримінації є однією з принципів міжнародного права, зокрема права Європейського Союзу, – сказав пан міністр – це конституційний принцип, але насамперед це один із принципів прав людини, а насильство на ґрунті ненависті та мова ненависті – це найважчі форми дискримінації, які порушують цю заборону."
pl_eu_03_04_2025_n08.txt,4406,4613,"Nie wiem, czy to nie jest pierwszy przypadek, kiedy państwo unijne udziela azylu osobie, która jest podejrzana, oskarżana o pospolite przestępstwa, i czyni to wbrew interesom drugiego państwa członkowskiego.",['Doubt'],['Attack_on_Reputation'],True,False,False,False,False,False,"Не знаю, чи це не перший випадок, коли держава-член ЄС надає притулок особі, яка підозрюється, обвинувачується у звичайних злочинах, і робить це всупереч інтересам іншої держави-члена."
pl_hate_speech_act_19_12_2024_n07.txt,4819,4933,Mam jednak pytanie: Dlaczego zrezygnowano z postulowanej przez niektóre środowiska przesłanki tożsamości płciowej?,[],[],False,False,False,False,False,False,"У мене є питання: Чому було відмовлено в постулаті, який деякі середовища пропонували як основу для гендерної ідентичності?"
pl_eu_12_06_2024_n03.txt,1959,2036,"Czy to jest zgodne z dobrą legislacją, która (Dzwonek) powinna tutaj rządzić?",['Appeal_to_Values'],['Justification'],False,True,False,False,False,False,"Чи це відповідає хорошому законодавству, яке (Дзвоник) має тут керувати?"
pl_abortion_11_04_2024_n11.txt,7479,7561,"Proszę odpowiedzieć na to pytanie, bo oczywiście o artykuły konstytucji nie pytam.",[],[],False,False,False,False,False,False,"Будь ласка, дайте відповідь на це питання, бо я, звісно, не питаю про статті Конституції."
pl_defence_07_03_2025_n01.txt,654,884,"Panie premierze… (Głos z sali: Nieobecny.) …spóźnił się pan ze swoimi diagnozami dotyczącymi sytuacji bezpieczeństwa Rzeczypospolitej przynajmniej o 17 lat (Oklaski), od czasu agresji rosyjskiej na Gruzję, inicjatyw prezydenta śp.","['Loaded_Language', 'Doubt']","['Attack_on_Reputation', 'Manipulative_Wording']",True,False,False,False,False,True,"Пане прем'єр-міністре… (Голос із залу: Відсутній.) …ви запізнилися зі своїми діагнозами щодо ситуації безпеки Республіки принаймні на 17 років (Оплески), з часу російської агресії проти Грузії, ініціатив покійного президента."
pl_eu_03_04_2025_n03.txt,4671,4905,"Dlatego że w warunkach kryzysu wielopoziomowego, a w takich warunkach się mniej więcej teraz znajdujemy – nie będę teraz opisywał, jakie są poziomy tego kryzysu – musimy być szczególnie aktywni, jeżeli chcemy walczyć o polskie sprawy.",['Flag_Waving'],['Justification'],False,True,False,False,False,False,"Тому що в умовах багатоаспектної кризи, а приблизно в таких умовах ми зараз перебуваємо – я не буду зараз описувати, які є рівні цієї кризи – ми повинні бути особливо активними, якщо хочемо боротися за польські справи."
pl_hate_speech_act_19_12_2024_n08.txt,3817,3861,"Pani poseł Renata Rak, Koalicja Obywatelska.",[],[],False,False,False,False,False,False,"Пані посол Рената Рак, Коаліція Громадянська."
pl_defence_07_03_2025_n05.txt,6342,6510,"Słyszę, że będziemy, jak to pan premier przedstawił, przesuwali środki z projektów, które nie są kluczowe, i użyjemy tych pieniędzy na zwiększenie możliwości obronnych.",['Straw_Man'],['Distraction'],False,False,True,False,False,False,"Чую, що ми будемо, як це представив пан прем'єр-міністр, переміщувати кошти з проєктів, які не є ключовими, і використаємо ці гроші для збільшення оборонних можливостей."
pl_statements_20_02_2025_n01.txt,1497,1795,"Absolutnie bezkrytyczna, proszczepionkowa postawa poszczególnych urzędników i lobbystów, brak przedstawienia podstaw naukowych zgodnych z regułami medycyny opartej na dowodach, całkowity brak przedstawienia ryzyk wynikających ze szczepień, brak informacji o niepożądanych odczynach poszczepiennych.","['Loaded_Language', 'Doubt']","['Attack_on_Reputation', 'Manipulative_Wording']",True,False,False,False,False,True,"Абсолютно безкритична, прощепленкова позиція окремих чиновників і лобістів, відсутність представлення наукових основ, що відповідають правилам медицини, заснованої на доказах, повна відсутність інформації про ризики, пов'язані з вакцинацією, відсутність інформації про небажані побічні реакції після вакцинації."
pl_defence_07_03_2025_n03.txt,4881,4932,"O świat, który szanuje niepodległość każdego kraju.",['Appeal_to_Values'],['Justification'],False,True,False,False,False,False,"Про світ, який поважає незалежність кожної країни."
pl_statements_20_02_2025_n04.txt,8061,8092,Powiem tak: karma do was wróci.,[],[],False,False,False,False,False,False,Скажу так: карма до вас повернеться.
pl_current_affairs_09_01_2025_n02.txt,10732,10861,Obecny na tej ceremonii pan minister Marek Gróbarczyk podkreślił znaczenie projektu w procesie odbudowy pozycji polskich stoczni.,[],[],False,False,False,False,False,False,На цій церемонії пан міністр Марек Гробарчик наголосив на важливості проєкту в процесі відновлення позицій польських верфей.
pl_defence_07_03_2025_n01.txt,5221,5280,"Nie, panie premierze, jedność nie jest celem samym w sobie.",[],[],False,False,False,False,False,False,"Ні, пане прем'єр-міністре, єдність не є метою сама по собі."
pl_abortion_11_04_2024_n04.txt,3289,3516,"Poselski projekt ustawy o bezpiecznym przerywaniu ciąży gwarantuje prawo do świadczenia opieki zdrowotnej w postaci przerywania ciąży do końca 12. tygodnia jej trwania, a w określonych przypadkach także po upływie 12. tygodnia.",[],[],False,False,False,False,False,False,"Депутатський проєкт закону про безпечне переривання вагітності гарантує право на отримання медичної допомоги у вигляді переривання вагітності до кінця 12-го тижня її перебігу, а в певних випадках також після закінчення 12-го тижня."
pl_hate_speech_act_19_12_2024_n02.txt,5100,5238,"To wyzwiska w stronę osób z niepełnosprawnością, które bez wstydu padają z ust znanych osób, także polityków prawicy najwyższego szczebla.",['Appeal_to_Fear-Prejudice'],['Justification'],False,True,False,False,False,False,"Це образи на адресу людей з інвалідністю, які без сорому лунають з вуст відомих людей, зокрема політиків правої партії найвищого рівня."
pl_defence_07_03_2025_n08.txt,6437,6495,"Tylko żeby to się wydarzyło, musimy iść w jednym kierunku.","['False_Dilemma-No_Choice', 'Repetition']","['Simplification', 'Manipulative_Wording']",False,False,False,True,False,True,"Тільки щоб це сталося, ми повинні рухатися в одному напрямку."
pl_statements_20_02_2025_n04.txt,4729,4853,Nie do przyjęcia dla mnie jako posła na Sejm RP i katolika są działania podejmowane przez ministerstwo wobec tej instytucji.,[],[],False,False,False,False,False,False,"Для мене як депутата Сейму РП та католика неприйнятні дії, які вживає міністерство щодо цієї інституції."
pl_abortion_11_04_2024_n13.txt,6986,7033,Poseł Joanna Scheuring-Wielgus: Pani Marszałek!,[],[],False,False,False,False,False,False,Депутат Йоанна Шеурінґ-Вєльґус: Пані Маршалку!
pl_current_affairs_09_01_2025_n03.txt,6082,6338,"Mam pytanie do pana ministra: Dlaczego Prawo i Sprawiedliwość zwłaszcza w pierwszych latach swojego rządzenia – przypomnijmy, że objęło władzę 1,5 roku po tym, jak Rosja zaczęła wojnę z Ukrainą poprzez aneksję Krymu i Donbasu – tego wszystkiego nie robiło?",['Doubt'],['Attack_on_Reputation'],True,False,False,False,False,False,"У мене є питання до пана міністра: Чому «Право і Справедливість», особливо в перші роки свого правління – нагадаємо, що вони прийшли до влади через 1,5 роки після того, як Росія розпочала війну з Україною через анексію Криму та Донбасу – не робили всього цього?"
pl_abortion_11_04_2024_n08.txt,4807,4856,"To jest zawsze bieda, nieszczęście i zło moralne.",['Appeal_to_Values'],['Justification'],False,True,False,False,False,False,"Це завжди біда, нещастя та моральне зло."
pl_hate_speech_act_19_12_2024_n07.txt,4143,4210,Mowa nienawiści jest coraz bardziej powszechna oraz wykorzystywana.,"['Appeal_to_Popularity', 'Appeal_to_Fear-Prejudice']",['Justification'],False,True,False,False,False,False,Мова ненависті стає все більш поширеною та використовується.
pl_abortion_11_04_2024_n11.txt,1563,1651,"Aborcja (Dzwonek) jest więc łamaniem podstawowego prawa człowieka, czyli prawa do życia.",['Appeal_to_Values'],['Justification'],False,True,False,False,False,False,"Аборт (Дзвінок) є порушенням основного права людини, тобто права на життя."
pl_hate_speech_act_19_12_2024_n02.txt,7104,7466,"Chronienie osób, które doświadczają dyskryminacji, przemocy, działania na rzecz zwiększenia ich dostępu do wymiaru sprawiedliwości i edukowanie społeczeństwa, ale także zwiększenie dostępu do służb odpowiedzialnych za kontakt z obywatelami i obywatelkami to ważne wyzwania stojące przed naszymi wspólnotami, które powinny być po prostu bezpieczne dla wszystkich.","['Conversation_Killer', 'Obfuscation-Vagueness-Confusion']","['Call', 'Manipulative_Wording']",False,False,False,False,True,True,"Захист осіб, які зазнають дискримінації, насильства, сприяння збільшенню їх доступу до правосуддя та виховання суспільства, а також збільшення доступу до служб, відповідальних за контакт з громадянами, є важливими викликами, які стоять перед нашими спільнотами, які повинні бути просто безпечними для всіх."
pl_abortion_11_04_2024_n05.txt,9505,9619,"Polska powinna dołączyć do wszystkich innych europejskich krajów, w których prawa kobiet są szanowane i chronione.","['Appeal_to_Values', 'Appeal_to_Popularity']",['Justification'],False,True,False,False,False,False,"Польща повинна приєднатися до всіх інших європейських країн, де права жінок поважаються та захищаються."
pl_hate_speech_act_19_12_2024_n04.txt,5860,6090,"Jestem w stanie powiedzieć, że tego dotyczy dziewięćdziesiąt kilka procent złośliwych, nienawistnych komentarzy, które pojawiają się w mediach społecznościowych pod naszymi postami, pod postami Polek i Polaków, pod postami dzieci.",['Appeal_to_Popularity'],['Justification'],False,True,False,False,False,False,"Можу сказати, що це стосується дев'яноста відсотків злих, ненависницьких коментарів, які з'являються в соціальних мережах під нашими постами, під постами поляків і полячок, під постами дітей."
pl_eu_12_06_2024_n04.txt,7641,7739,"Panie pośle, ministrze, pan się boi, że nie będzie organu właściwego do spraw zwalczania korupcji.",[],[],False,False,False,False,False,False,"Пане посланцю, міністре, ви боїтеся, що не буде органу, який би займався боротьбою з корупцією."
pl_defence_07_03_2025_n07.txt,5639,5737,"Za kilka lat możemy obudzić się w sytuacji, w której wojska rosyjskie będą stacjonowały we Lwowie.",['Appeal_to_Fear-Prejudice'],['Justification'],False,True,False,False,False,False,"За кілька років ми можемо прокинутися в ситуації, коли російські війська будуть дислокуватися у Львові."
pl_abortion_11_04_2024_n14.txt,2681,2744,"I mam nadzieję, że w tej kadencji tę sprawę załatwimy do końca.",['Appeal_to_Time'],['Call'],False,False,False,False,True,False,"Сподіваюся, що в цій каденції ми вирішимо це питання остаточно."
pl_defence_22_05_2024_n01.txt,6537,6594,Hańba!) 80. rocznica zwycięskiej bitwy pod Monte Cassino.,"['Loaded_Language', 'Whataboutism']","['Distraction', 'Manipulative_Wording']",False,False,True,False,False,True,Ганьба!) 80-та річниця переможної битви під Монте-Кассіно.
pl_defence_07_03_2025_n04.txt,3095,3227,"Pamiętam słowa Winstona Churchilla, który mówił, że próby utrzymania dobrych stosunków z komunistami są jak pieszczoty z krokodylem.","['Loaded_Language', 'Appeal_to_Authority', 'Questioning_the_Reputation']","['Attack_on_Reputation', 'Justification', 'Manipulative_Wording']",True,True,False,False,False,True,"Пам'ятаю слова Вінстона Черчилля, який казав, що спроби підтримувати добрі стосунки з комуністами схожі на пестощі з крокодилом."
pl_current_affairs_09_01_2025_n03.txt,3026,3044,Chyba psu na budę.,['Loaded_Language'],['Manipulative_Wording'],False,False,False,False,False,True,"Мабуть, собаці на будку."
pl_abortion_11_04_2024_n08.txt,2379,2448,Kto powiedział: każda odmowa aborcji będzie zgłaszana do prokuratury?,['False_Equivalence'],['Simplification'],False,False,False,True,False,False,Хто сказав: кожна відмова від аборту буде повідомлена прокуратурі?
pl_statements_20_02_2025_n04.txt,2791,2842,"PiS, jak widać, zawsze broni kopalń przed wyborami.",['Questioning_the_Reputation'],['Attack_on_Reputation'],True,False,False,False,False,False,"ПіС, як видно, завжди захищає шахти перед виборами."
pl_eu_03_04_2025_n07.txt,303,523,"Piszecie państwo, że Polska wskazuje na potrzebę ewolucji i założeń w zakresie Fit for 55 i mniej więcej w tym samym czasie do wcześniej wspomnianego programu trio wpisujecie pełne wykonanie celu klimatycznego do 2040 r.",['Appeal_to_Hypocrisy'],['Attack_on_Reputation'],True,False,False,False,False,False,"Ви пишете, що Польща вказує на необхідність еволюції та припущень щодо Fit for 55, і приблизно в той же час ви включите до раніше згаданого тріо-програми повне виконання кліматичної мети до 2040 року."
pl_statements_20_02_2025_n04.txt,3863,3921,"Zapraszam panią poseł Magdalenę Filipek-Sobczak, klub PiS.",[],[],False,False,False,False,False,False,"Запрошую пані депутатку Магдалену Філепек-Собчак, клуб PiS."
pl_defence_22_05_2024_n01.txt,2562,2620,Czy te słowa pana prezydenta Kaczyńskiego wzięto do serca?,['Doubt'],['Attack_on_Reputation'],True,False,False,False,False,False,Чи ці слова пана президента Качинського були взяті до серця?
pl_eu_03_04_2025_n07.txt,4910,5099,"Węgry przede wszystkim, jeżeli chodzi o zagadnienie praworządności, podczas swojej prezydencji były oskarżane o zablokowanie debaty tak naprawdę na temat praworządności w Unii Europejskiej.",[],[],False,False,False,False,False,False,"Угорщина насамперед, якщо йдеться про питання верховенства права, під час свого головування була звинувачена в блокуванні дебатів щодо верховенства права в Європейському Союзі."
pl_hate_speech_act_19_12_2024_n03.txt,3866,3967,"Masz opinię o tym, że tylko kobieta może zajść w ciążę, a mówienie inaczej miesza dzieciom w głowach?",[],[],False,False,False,False,False,False,"У вас є думка, що тільки жінка може завагітніти, і що говорити інакше плутає дітей?"
pl_abortion_11_04_2024_n11.txt,4563,4569,XIX w.,"['Exaggeration-Minimisation', 'Guilt_by_Association']","['Attack_on_Reputation', 'Manipulative_Wording']",True,False,False,False,False,True,XIX ст.
pl_abortion_11_04_2024_n09.txt,5425,5455,Jestem marszałek Wielichowska.,[],[],False,False,False,False,False,False,Я маршалок Веліховська.
pl_abortion_11_04_2024_n07.txt,6978,7183,„Szczególną uwagę w projekcie Nowej Lewicy zwraca ponadto przepis dopuszczający późne aborcje aż do końca 24. tygodnia ciąży w sytuacji zdiagnozowania choćby lekkiej nieprawidłowości rozwojowej u dziecka”.,[],[],False,False,False,False,False,False,"Особливу увагу в проєкті Нової Лівиці привертає також положення, яке дозволяє пізні аборти аж до кінця 24-го тижня вагітності в ситуації, коли у дитини виявлено хоча б легку аномалію розвитку."
pl_eu_03_04_2025_n04.txt,3076,3266,"Jestem głęboko przekonany, szanowni państwo, że potrzeba innej polityki europejskiej zarówno w trakcie prezydencji, które nie są nam w pełni sprzyjające, jak i w trakcie własnej prezydencji.",[],[],False,False,False,False,False,False,"Я глибоко переконаний, шановні пані та панове, що нам потрібна інша європейська політика як під час президентства, яке нам не повністю сприяє, так і під час власного президентства."
pl_abortion_11_04_2024_n03.txt,679,789,Ginekolodzy w warszawskim szpitalu nie chcieli niestety uznać tego zaświadczenia i rozpoczęła się gra na czas.,['Doubt'],['Attack_on_Reputation'],True,False,False,False,False,False,"Гінекологи у варшавському шпиталі не захотіли, на жаль, визнати це свідоцтво, і почалася гра на час."
pl_defence_22_05_2024_n01.txt,9520,9575,"Pozostały sprzęt wojskowy był postsowiecki, był zużyty.",['Name_Calling-Labeling'],['Attack_on_Reputation'],True,False,False,False,False,False,Залишене військове обладнання було пострадянським і зношеним.
pl_abortion_11_04_2024_n10.txt,3340,3393,Polskie prawo dopuszcza współżycie od 15. roku życia.,[],[],False,False,False,False,False,False,Польське законодавство дозволяє співжиття з 15 років.
pl_current_affairs_09_01_2025_n01.txt,369,484,"Dodatkowe pytanie nie może trwać dłużej niż 1 minutę, a uzupełniająca odpowiedź nie może trwać dłużej niż 3 minuty.",[],[],False,False,False,False,False,False,"Додаткове питання не може тривати довше ніж 1 хвилина, а додаткова відповідь не може тривати довше ніж 3 хвилини."
pl_defence_22_05_2024_n03.txt,6401,6458,Wicemarszałek Włodzimierz Czarzasty: Dziękuję serdecznie.,[],[],False,False,False,False,False,False,Віцемаршалок Влодзімеж Чарзастий: Щиро дякую.
pl_eu_03_04_2025_n07.txt,1852,1910,Jest oddawanie kolejnych kompetencji Ursuli von der Leyen.,['Questioning_the_Reputation'],['Attack_on_Reputation'],True,False,False,False,False,False,Передача додаткових повноважень Урсулі фон дер Ляєн.
pl_statements_20_02_2025_n02.txt,266,356,"w Jałcie ustalono kształt współczesnego świata bez pytania tych, których losem handlowano.",['Loaded_Language'],['Manipulative_Wording'],False,False,False,False,False,True,"У Ялті було визначено форму сучасного світу без запиту тих, чиїми долями торгували."
pl_current_affairs_09_01_2025_n03.txt,3798,3937,"I z tego znany był wtedy wasz minister za to odpowiadający. (Poseł Anna Gembicka: No to chyba dobrze, że chciał, żeby można było żeglować?)","['Questioning_the_Reputation', 'Red_Herring', 'Doubt']","['Attack_on_Reputation', 'Distraction']",True,False,True,False,False,False,"І за це ваш міністр був відомий тоді, за це відповідав. (Депутат Анна Гембіцька: Ну, мабуть, добре, що він хотів, щоб можна було плавати?)"
pl_abortion_11_04_2024_n13.txt,8116,8207,"Wielkie, wielkie brawa, zróbmy to dziewczyny, dla Aborcyjnego Dream Teamu i Strajku Kobiet.","['Flag_Waving', 'Slogans', 'Name_Calling-Labeling']","['Attack_on_Reputation', 'Justification', 'Call']",True,True,False,False,True,False,"Великі, великі оплески, зробимо це, дівчата, за Aborcyjny Dream Team та Strajk Kobiet."
pl_statements_20_02_2025_n03.txt,4239,4319,"To instytucja, w której człowiek może godnie znaleźć oparcie w drugim człowieku.",[],[],False,False,False,False,False,False,"Це установа, де людина може знайти підтримку в іншій людині."
pl_eu_03_04_2025_n05.txt,5357,5385,"Wiemy, jak trudny mamy czas.",[],[],False,False,False,False,False,False,"Ми знаємо, наскільки складний час ми переживаємо."
pl_eu_12_06_2024_n04.txt,2900,2929,Tu się pojawiają dwa obszary.,[],[],False,False,False,False,False,False,Тут з'являються два райони.
pl_abortion_11_04_2024_n11.txt,1510,1562,Prawo do życia jest fundamentalnym prawem człowieka.,['Appeal_to_Values'],['Justification'],False,True,False,False,False,False,Право на життя є фундаментальним правом людини.
pl_defence_07_03_2025_n07.txt,268,308,Z czego wynikają tak dramatyczne chwile?,['Loaded_Language'],['Manipulative_Wording'],False,False,False,False,False,True,Що викликає такі драматичні моменти?
pl_hate_speech_act_19_12_2024_n08.txt,2294,2424,"Według wszelkich badań rasa biała ma wyraźnie wyższe IQ niż rasa czarna, a wśród rasy czarnej Pigmeje mają jedno z najniższych IQ.",['Red_Herring'],['Distraction'],False,False,True,False,False,False,"Згідно з усіма дослідженнями, біла раса має значно вищий IQ, ніж чорна, а серед чорної раси пігмеї мають один з найнижчих IQ."
pl_eu_12_06_2024_n03.txt,4466,4510,Za chwilę zaczyna się prezydencja węgierska.,[],[],False,False,False,False,False,False,За мить починається угорське головування.
pl_eu_12_06_2024_n03.txt,4218,4269,Pytanie do was: Dlaczego tutaj tak mało się dzieje?,['Questioning_the_Reputation'],['Attack_on_Reputation'],True,False,False,False,False,False,Питання до вас: Чому тут так мало відбувається?
pl_defence_22_05_2024_n01.txt,5365,5600,"Pan mówi, że dobrowolna zasadnicza służba wojskowa jest sukcesem, ale nie powiedział pan, kto wprowadził dobrowolną zasadniczą służbę wojskową. (Oklaski) Nie powiedział pan, prawda, kto wprowadził dobrowolną zasadniczą służbę wojskową.","['Appeal_to_Hypocrisy', 'Repetition']","['Attack_on_Reputation', 'Manipulative_Wording']",True,False,False,False,False,True,"Ви кажете, що добровільна основна військова служба є успіхом, але ви не сказали, хто запровадив добровільну основну військову службу. (Оплески) Ви не сказали, правда, хто запровадив добровільну основну військову службу."
pl_eu_03_04_2025_n08.txt,3456,3603,"Ja tylko zwrócę uwagę, że głosowanie w Parlamencie Europejskim było nad niewiążącymi rezolucjami. (Poseł Rafał Kasprzyk: Ale głosowaliście przeciw.","['Exaggeration-Minimisation', 'Flag_Waving', 'Doubt']","['Attack_on_Reputation', 'Justification', 'Manipulative_Wording']",True,True,False,False,False,True,"Я лише зверну увагу, що голосування в Європейському парламенті було щодо нерегламентних резолюцій. (Депутат Рафал Касприк: Але ви голосували проти."
pl_eu_03_04_2025_n04.txt,3910,3933,Bardzo bym tego chciał.,['Questioning_the_Reputation'],['Attack_on_Reputation'],True,False,False,False,False,False,Я б дуже цього хотів.
pl_eu_03_04_2025_n01.txt,4872,5048,"To, co nie się udało ze względu na opór Węgier, szczególnie pana premiera Orbána, to przedłużenie sankcji, poprzednich 15 pakietów sankcyjnych w czasie prezydencji węgierskiej.",[],[],False,False,False,False,False,False,"Те, що не вдалося через опір угорців, особливо пана прем'єр-міністра Орбана, – це продовження санкцій, попередніх 15 пакетів санкцій під час угорського головування."
pl_defence_07_03_2025_n08.txt,8441,8549,"Wszyscy mówią językiem polskim, że na ruski mir, na ruską mentalność bardziej od marchewki sprawdza się kij.","['Slogans', 'Name_Calling-Labeling']","['Attack_on_Reputation', 'Call']",True,False,False,False,True,False,"Усі говорять польською мовою, що на російський світ, на російську ментальність більше, ніж морква, діє палиця."
pl_eu_12_06_2024_n02.txt,5000,5039,Poseł Marcin Porzucek: Panie Marszałku!,[],[],False,False,False,False,False,False,Депутат Марцін Порзуцек: Пане Маршалку!
pl_abortion_11_04_2024_n14.txt,6012,6103,Czy jednym z największych problemów dzisiejszej i przyszłej Polski jest malejąca dzietność?,['Whataboutism'],['Distraction'],False,False,True,False,False,False,Чи є однією з найбільших проблем сьогоднішньої та майбутньої Польщі зменшення народжуваності?
pl_defence_07_03_2025_n03.txt,4839,4880,Dziś musimy walczyć właśnie o taki świat.,[],[],False,False,False,False,False,False,Сьогодні ми повинні боротися саме за такий світ.
pl_hate_speech_act_19_12_2024_n09.txt,2206,2357,"Pytanie: Czy wyrażanie swoich negatywnych opinii na temat obscenicznych zachowań, np. na tzw. paradach równości, będzie karane w myśl tej nowej ustawy?",['Loaded_Language'],['Manipulative_Wording'],False,False,False,False,False,True,"Питання: Чи буде каратися вираження своїх негативних думок щодо непристойної поведінки, наприклад, на так званих парадах рівності, відповідно до цього нового закону?"
pl_abortion_11_04_2024_n07.txt,8482,8651,A dlaczego nie dać pytania: Czy jesteś za legalizacją zabijania określonych grup etnicznych lub osób posiadających nieprawidłowe poglądy? (Głos z sali: Co pan opowiada?),"['Obfuscation-Vagueness-Confusion', 'Questioning_the_Reputation', 'Red_Herring']","['Attack_on_Reputation', 'Distraction', 'Manipulative_Wording']",True,False,True,False,False,True,"А чому б не поставити запитання: Чи ви за легалізацію вбивства певних етнічних груп або осіб, які мають неправильні погляди? (Голос із залу: Що ви розповідаєте?)"
pl_defence_22_05_2024_n01.txt,8553,8654,"Zmieniłem sposób zamawiania sprzętu wojskowego dla polskiego wojska, bo on był sprzeczny wewnętrznie.",[],[],False,False,False,False,False,False,"Змінив спосіб замовлення військового обладнання для польської армії, бо він був внутрішньо суперечливим."
pl_defence_07_03_2025_n03.txt,7204,7273,"Pierwsze to zapewnienie bezpieczeństwa w ujęciu obronnym, militarnym.",[],[],False,False,False,False,False,False,"Перше – забезпечення безпеки в оборонному, військовому аспекті."
pl_eu_03_04_2025_n07.txt,7530,7585,"Ja krótko, bo jeszcze kolega będzie po mnie przemawiał.",[],[],False,False,False,False,False,False,"Я коротко, бо ще колега буде говорити після мене."
pl_abortion_11_04_2024_n14.txt,1361,1430,Już jutro będziemy poprzez głosowanie wyrażać swój stosunek do życia.,[],[],False,False,False,False,False,False,Вже завтра ми будемо висловлювати своє ставлення до життя через голосування.
pl_statements_20_02_2025_n02.txt,1846,1870,Oczywiście to nieprawda.,"['Conversation_Killer', 'Appeal_to_Hypocrisy']","['Attack_on_Reputation', 'Call']",True,False,False,False,True,False,"Звичайно, це неправда."
pl_statements_20_02_2025_n04.txt,775,850,W Polsce z powodu chorób związanych z alkoholem umierają 82 osoby dziennie.,[],[],False,False,False,False,False,False,"В Польщі через хвороби, пов'язані з алкоголем, щодня помирає 82 людини."
pl_abortion_11_04_2024_n05.txt,8623,8758,"To był impuls do działania polityków PiS-u, Konfederacji i ultrakonserwatywnych fundamentalistów, dla których najważniejsze to urodzić.","['Name_Calling-Labeling', 'Straw_Man']","['Attack_on_Reputation', 'Distraction']",True,False,True,False,False,False,"Це був поштовх до дії для політиків PiS, Конфедерації та ультраконсервативних фундаменталістів, для яких найважливіше – народжувати."
pl_abortion_11_04_2024_n11.txt,6208,6346,"Pytanie miałbym o to, jak poradzicie sobie, szanowni projektodawcy, z artykułami (Dzwonek) Kodeksu karnego, które przecież dalej tam będą.",['Straw_Man'],['Distraction'],False,False,True,False,False,False,"Питання в мене таке, як би ви порадили, шановні розробники, з статтями (Дзвоник) Кримінального кодексу, які все одно там будуть."
pl_defence_07_03_2025_n07.txt,4731,4812,"Trzeba naprawdę bardzo mocno zatykać uszy i zamykać oczy, żeby tego nie dostrzec.",['Loaded_Language'],['Manipulative_Wording'],False,False,False,False,False,True,"Треба справді дуже сильно затикати вуха і заплющувати очі, щоб цього не помітити."
pl_defence_22_05_2024_n02.txt,4353,4436,"Ukraina, gdyby nie miny przeciwpiechotne, nie broniłaby się skutecznie przed Rosją.",['Causal_Oversimplification'],['Simplification'],False,False,False,True,False,False,"Україна, якби не протитанкові міни, не змогла б ефективно захищатися від Росії."
pl_current_affairs_09_01_2025_n02.txt,2821,2876,"Nawet jeżeli opłaty pozostają, to są one bardzo niskie.",[],[],False,False,False,False,False,False,"Навіть якщо плата залишається, вона дуже низька."
pl_abortion_11_04_2024_n06.txt,5436,5478,Tego w tak łatwy sposób nie da się opisać.,[],[],False,False,False,False,False,False,Це неможливо описати так просто.
pl_statements_20_02_2025_n04.txt,6986,7006,Rękawicę podjęliśmy.,[],[],False,False,False,False,False,False,Рукавичку ми взяли.
pl_defence_22_05_2024_n04.txt,7894,8026,"Jestem przedstawicielem województwa warmińsko-mazurskiego, mieszkam bezpośrednio przy przesmyku suwalskim, blisko granic wschodnich.",[],[],False,False,False,False,False,False,"Я представник Вармінсько-Мазурського воєводства, живу безпосередньо біля Сувальського перешийка, поблизу східних кордонів."
pl_abortion_11_04_2024_n04.txt,47,95,Bardzo proszę panią posłankę Katarzynę Ueberhan.,[],[],False,False,False,False,False,False,Дуже прошу пані депутатку Катажину Уберган.
pl_eu_03_04_2025_n03.txt,7810,7948,"To jemu się to udało, a wam się to nie uda w trakcie tej prezydencji, mimo że planowaliśmy to jeszcze my, ale wy to oddaliście walkowerem.","['Loaded_Language', 'Doubt']","['Attack_on_Reputation', 'Manipulative_Wording']",True,False,False,False,False,True,"Це йому вдалося, а вам не вдалося під час цього президентства, хоча ми ще планували це, але ви віддали це без бою."
pl_hate_speech_act_19_12_2024_n03.txt,1805,1820,Pani Marszałek!,[],[],False,False,False,False,False,False,Пані Маршалек!
pl_abortion_11_04_2024_n02.txt,458,466,Boi się.,['Appeal_to_Pity'],['Distraction'],False,False,True,False,False,False,Боїться.
pl_defence_07_03_2025_n06.txt,320,433,Ministerstwo Cyfryzacji rozwija też podmioty odpowiedzialne za odporność infrastruktury państwowej na cyberataki.,[],[],False,False,False,False,False,False,"Міністерство цифрової трансформації також розвиває суб'єкти, відповідальні за стійкість інфраструктури держави до кібератак."
pl_abortion_11_04_2024_n05.txt,2207,2323,"I chociaż pewnie chciałabym, żeby ta ustawa wychodziła zdecydowanie dalej, to czasami marzenia trzeba szyć na miarę.",[],[],False,False,False,False,False,False,"І хоча, напевно, я хотіла б, щоб цей закон виходив набагато далі, іноді мрії потрібно шити на розмір."
pl_abortion_11_04_2024_n09.txt,6910,6948,"Zapraszam, pani poseł, proszę do mnie.",[],[],False,False,False,False,False,False,"Запрошую, пані посол, будь ласка, до мене."
pl_defence_22_05_2024_n02.txt,3602,3656,Przede wszystkim powszechne szkolenie dla maturzystów.,['Appeal_to_Time'],['Call'],False,False,False,False,True,False,"Насамперед, загальне навчання для випускників шкіл."
pl_abortion_11_04_2024_n10.txt,4362,4402,Poseł Barbara Oliwiecka: Pani Marszałek!,[],[],False,False,False,False,False,False,Депутат Барбара Олівецька: Пані Маршалку!
pl_eu_03_04_2025_n08.txt,5411,5444,"Mówię, jaką informację uzyskałem.",[],[],False,False,False,False,False,False,"Я кажу, яку інформацію я отримав."
pl_eu_12_06_2024_n04.txt,7521,7639,"(Poseł Szymon Szynkowski vel Sęk: Zajmij się prezydencją.) Tak, boli pana. (Oklaski) Sam pan przed chwilą o tym mówił.",['Loaded_Language'],['Manipulative_Wording'],False,False,False,False,False,True,"(Депутат Шимон Шиньковський вель Сек: Займіться президентством.) Так, вам боляче. (Оплески) Ви самі щойно про це говорили."
pl_abortion_11_04_2024_n13.txt,6287,6337,Tę decyzję każdy powinien podjąć w swoim sumieniu.,[],[],False,False,False,False,False,False,Це рішення кожен повинен прийняти у своєму сумлінні.
pl_current_affairs_09_01_2025_n03.txt,5703,5789,Dopiero w tym roku polscy żołnierze przestaną używać przestarzałych metalowych hełmów.,[],[],False,False,False,False,False,False,Лише цього року польські солдати перестануть використовувати застарілі металеві шоломи.
pl_defence_07_03_2025_n06.txt,2173,2239,"Wicemarszałek Piotr Zgorzelski: Bardzo dziękuję, szanowni państwo.",[],[],False,False,False,False,False,False,"Віцемаршалок Пьотр Згожельський: Дуже дякую, шановні пані та панове."
pl_abortion_11_04_2024_n10.txt,6182,6222,Poseł Witold Tumanowicz: Pani Marszałek!,[],[],False,False,False,False,False,False,Депутат Вітольд Тумановіч: Пані Маршалку!
pl_eu_03_04_2025_n08.txt,7415,7572,"Warto będzie przytaczać pana słowa, jeśli pan tutaj jeszcze raz to wygłosi, wygłosi te kłamstwa, odnośnie do tego, że paktu migracyjnego w Polsce nie będzie.",[],[],False,False,False,False,False,False,"Варто буде процитувати ваші слова, якщо ви ще раз тут це скажете, скажете ці брехні, щодо того, що міграційного пакту в Польщі не буде."
pl_current_affairs_09_01_2025_n03.txt,5594,5628,Poseł Marcin Bosacki: Dzień dobry.,[],[],False,False,False,False,False,False,Депутат Марцін Босацький: Доброго дня.
pl_abortion_11_04_2024_n01.txt,6466,6553,"Natomiast nie ma tego prawa dla kobiet, które w swoim poczuciu mają tę decyzję podjętą.",['Doubt'],['Attack_on_Reputation'],True,False,False,False,False,False,"Проте, такого права немає у жінок, які вже прийняли це рішення."
pl_defence_22_05_2024_n01.txt,8859,8880,Dlaczego to zrobiłem?,[],[],False,False,False,False,False,False,Чому я це зробив?
pl_defence_07_03_2025_n08.txt,1197,1542,"W takiej sytuacji, jaką mamy dzisiaj, chcę powiedzieć o tym, że dosłownie przedwczoraj prasa niemiecka zadała pytanie Donaldowi Tuskowi… Przed Donaldem Tuskiem stoi dzisiaj pytanie, na które musi sobie w miarę szybko odpowiedzieć: czy będzie kupował sprzęt wojskowy w Ameryce, czy też u nas, czytaj w Niemczech. (Poseł Jakub Rutnicki: W Polsce.)",[],[],False,False,False,False,False,False,"У такій ситуації, як сьогодні, я хочу сказати, що буквально позавчора німецька преса поставила запитання Дональду Туску… Перед Дональдом Туском сьогодні стоїть питання, на яке він повинен відносно швидко відповісти: чи буде він купувати військову техніку в Америці, чи у нас, тобто в Німеччині. (Депутат Якуб Рутніцький: У Польщі.)"
pl_abortion_11_04_2024_n06.txt,5956,6021,"Liberalizacja aborcji wcale nie sprawi, że aborcji będzie więcej.",[],[],False,False,False,False,False,False,"Лібералізація абортів зовсім не означає, що абортів буде більше."
pl_defence_07_03_2025_n07.txt,5061,5140,"My sami musimy obudzić się ze snu, bo inaczej koszty tego mogą być dramatyczne.","['Loaded_Language', 'Repetition', 'Appeal_to_Fear-Prejudice']","['Justification', 'Manipulative_Wording']",False,True,False,False,False,True,"Ми самі повинні прокинутися від сну, бо інакше наслідки можуть бути драматичними."
pl_eu_12_06_2024_n04.txt,5395,5595,"Wydawałoby się, że w świecie tak wielkich zagrożeń będziemy też rozumieli, że trzeba dać właściwą podstawę i właściwe narzędzie do działania naszych służb, które będą odpowiedzialne za bezpieczeństwo.","['Repetition', 'Appeal_to_Fear-Prejudice']","['Justification', 'Manipulative_Wording']",False,True,False,False,False,True,"Здавалося б, у світі таких великих загроз ми також зрозуміємо, що потрібно дати належну основу та належний інструмент для роботи наших служб, які відповідатимуть за безпеку."
pl_defence_07_03_2025_n01.txt,108,187,Bardzo proszę wszystkich państwa posłów o wyciszenie dyskusji i zajęcie miejsc.,[],[],False,False,False,False,False,False,Дуже прошу всіх депутатів припинити дискусію та зайняти свої місця.
pl_hate_speech_act_19_12_2024_n01.txt,0,60,Wicemarszałek Monika Wielichowska: Dziękuję panu ministrowi.,[],[],False,False,False,False,False,False,"Віцемаршалок Моніка Веліховська: Дякую, пане міністре."
pl_hate_speech_act_19_12_2024_n02.txt,263,524,"Proszę zauważyć: jeśli chociażby wczytamy się w treść art. 119: Kto stosuje przemoc lub groźbę bezprawną wobec grupy osób lub poszczególnej osoby z powodu jej przynależności… Z powodu jej przynależności – to znaczy, że ta osoba musi posiadać tę konkretną cechę.","['Obfuscation-Vagueness-Confusion', 'Repetition']",['Manipulative_Wording'],False,False,False,False,False,True,"Зверніть увагу: якщо хоча б уважно прочитати зміст ст. 119: Хто застосовує насильство або погрозу незаконним шляхом щодо групи осіб або окремої особи через її приналежність… Через її приналежність – це означає, що ця особа повинна мати цю конкретну ознаку."
pl_statements_20_02_2025_n03.txt,1504,1576,"Jeżeli nie, to proszę pana posła Władysława Kurowskiego, także klub PiS.",[],[],False,False,False,False,False,False,"Якщо ні, то прошу пана посла Владислава Куровського, також клуб PiS."
pl_hate_speech_act_19_12_2024_n10.txt,6209,6271,"Są jednak tacy, którzy hejtowani z tego powodu bardzo cierpią.",['Appeal_to_Fear-Prejudice'],['Justification'],False,True,False,False,False,False,"Проте є ті, хто через це дуже страждає."
pl_defence_07_03_2025_n08.txt,2505,2604,"Mówiąc o jedności, pan Donald Tusk patrzy nam prosto w oczy i mówi: mówmy o bezpieczeństwie Polski.",['Appeal_to_Hypocrisy'],['Attack_on_Reputation'],True,False,False,False,False,False,"Говорячи про єдність, пан Дональд Туск дивиться нам прямо в очі і каже: говорімо про безпеку Польщі."
pl_abortion_11_04_2024_n01.txt,6031,6135,"Ty nie odpowiadasz, ale twój ukochany, twoja ukochana, mama, siostra, przyjaciółka pójdzie do więzienia.",['Appeal_to_Fear-Prejudice'],['Justification'],False,True,False,False,False,False,"Ви не відповідаєте, але ваш коханий, ваша кохана, мама, сестра, подруга піде до в'язниці."
pl_eu_03_04_2025_n03.txt,3053,3182,"Tym razem akurat w tej informacji tego bilansu nie ma, ale wydaje mi się, że to jest zawsze interesujące, jak ten bilans wygląda.",[],[],False,False,False,False,False,False,"Цього разу в цій інформації немає балансу, але мені здається, що завжди цікаво подивитися, як виглядає цей баланс."
pl_defence_07_03_2025_n08.txt,0,97,Wicemarszałek Piotr Zgorzelski: Pan poseł Marek Jakubiak przedstawi stanowisko koła Republikanie.,[],[],False,False,False,False,False,False,"Віцемаршалок Пьотр Згожельський: Пане депутате Марек Якуб'як, представте позицію групи Республіканці."
pl_abortion_11_04_2024_n13.txt,8098,8115,I ostatnia rzecz.,[],[],False,False,False,False,False,False,І остання річ.
pl_abortion_11_04_2024_n08.txt,5502,5726,"Tylu posłów w tej Izbie potrzeba, by odrzucić weto prezydenckie, bo jestem głęboko przekonany, że pan prezydent Andrzej Duda będzie po stronie życia i zawetuje każdy z tych projektów, nawet jeżeli jakimś cudem je uchwalicie.",['Appeal_to_Authority'],['Justification'],False,True,False,False,False,False,"Такої кількості депутатів у цій залі потрібно, щоб подолати президентське вето, бо я глибоко переконаний, що пан президент Анджей Дуда буде на боці життя і заветує кожен з цих проєктів, навіть якщо якимось дивом їх ухвалите."
pl_abortion_11_04_2024_n03.txt,2426,2559,"Przez większość mojego życia żyłam i mieszkałam w państwie, które nie szanuje moich praw, które nie daje mi żadnej możliwości wyboru.","['Appeal_to_Pity', 'Questioning_the_Reputation', 'Appeal_to_Values']","['Attack_on_Reputation', 'Justification', 'Distraction']",True,True,True,False,False,False,"Протягом більшої частини мого життя я жила і мешкала в державі, яка не поважає мої права, яка не дає мені жодної можливості вибору."
pl_abortion_11_04_2024_n10.txt,230,260,O to w tym wszystkim chodziło.,[],[],False,False,False,False,False,False,Ось у чому вся справа.
pl_abortion_11_04_2024_n09.txt,3767,3776,Niestety.,['Questioning_the_Reputation'],['Attack_on_Reputation'],True,False,False,False,False,False,На жаль.
pl_eu_03_04_2025_n05.txt,731,762,Centra integracji cudzoziemców.,[],[],False,False,False,False,False,False,Центри інтеграції іноземців.
pl_abortion_11_04_2024_n02.txt,1810,1854,Państwo traktuje tych ludzi jak przestępców.,['Questioning_the_Reputation'],['Attack_on_Reputation'],True,False,False,False,False,False,Держава ставиться до цих людей як до злочинців.
pl_abortion_11_04_2024_n06.txt,6335,6523,"Potrzebujemy prawa zapewniającego równość, bo teraz kobieta, która jest wykształcona, która mieszka w większej miejscowości, która ma pieniądze, wyjedzie za granicę, zamówi sobie tabletki.","['Consequential_Oversimplification', 'Appeal_to_Values']","['Justification', 'Simplification']",False,True,False,True,False,False,"Нам потрібне законодавство, яке забезпечує рівність, бо зараз жінка, яка освічена, яка живе у більшому місті, яка має гроші, поїде за кордон, замовить собі таблетки."
pl_abortion_11_04_2024_n14.txt,2310,2405,"Przez blisko 30 lat stwierdzano, że płód stoi wyżej niż kobieta. (Poseł Piotr Kaleta: Bo stoi.)","['Conversation_Killer', 'False_Dilemma-No_Choice', 'Repetition']","['Simplification', 'Call', 'Manipulative_Wording']",False,False,False,True,True,True,"Протягом майже 30 років стверджувалося, що плід знаходиться вище, ніж жінка. (Депутат Петро Калета: Бо стоїть.)"
pl_eu_03_04_2025_n01.txt,7570,7596,Popieraliśmy te działania.,[],[],False,False,False,False,False,False,Ми підтримували ці дії.
pl_abortion_11_04_2024_n03.txt,8219,8368,"PiS próbował zaostrzyć prawo aborcyjne, dopuszczając ustawę, która chciała wsadzać kobiety za aborcję do więzienia, a nawet za podejrzane poronienia.","['Loaded_Language', 'Questioning_the_Reputation']","['Attack_on_Reputation', 'Manipulative_Wording']",True,False,False,False,False,True,"Партія Право і Справедливість (PiS) намагалася посилити законодавство про аборти, прийнявши закон, який передбачав ув'язнення жінок за аборт, а також за підозрілі викидні."
pl_abortion_11_04_2024_n09.txt,1329,1352,Proszę sobie sprawdzić.,[],[],False,False,False,False,False,False,"Будь ласка, перевірте."
pl_eu_03_04_2025_n06.txt,6995,7155,"Na marginesie warto dodać, że ten rewolucyjny pomysł na zawieszenie prawa do azylu, który zyskał takie poparcie w Europie, okazał się zwyczajnym bublem prawnym.","['Loaded_Language', 'Name_Calling-Labeling', 'Doubt']","['Attack_on_Reputation', 'Manipulative_Wording']",True,False,False,False,False,True,"На полях варто додати, що ця революційна ідея про призупинення права на притулок, яка здобула таку підтримку в Європі, виявилася звичайним юридичним непорозумінням."
pl_defence_07_03_2025_n05.txt,1940,2090,"Powszechnie uważano, że po zakończeniu zimnej wojny świat będzie się unosił na takiej różowej, miękkiej chmurce pokoju i że nic złego się nie wydarzy.",['Loaded_Language'],['Manipulative_Wording'],False,False,False,False,False,True,"Загально вважалося, що після закінчення холодної війни світ буде ширяти на такій рожевій, м’якій хмарці миру і що нічого поганого не станеться."
pl_defence_07_03_2025_n07.txt,2599,2783,"Europa prowadzi również najbardziej dramatyczną wojnę, wojnę demograficzną, którą przegrywa. (Dzwonek) W Europie nie rodzą się dzieci, a brak dzieci to brak żołnierzy, brak poborowych.","['Consequential_Oversimplification', 'Exaggeration-Minimisation', 'Loaded_Language', 'Doubt', 'Repetition']","['Attack_on_Reputation', 'Simplification', 'Manipulative_Wording']",True,False,False,True,False,True,"Європа також веде найбільш драматичну війну, війну демографічну, яку програє. (Дзвоник) У Європі не народжуються діти, а відсутність дітей – це відсутність солдатів, відсутність призовників."
pl_eu_12_06_2024_n02.txt,7125,7268,Reforma unijnego systemu handlu emisjami powinna być warunkiem sine qua non odnośnie do poparcia jakiegokolwiek urzędnika Komisji Europejskiej.,[],[],False,False,False,False,False,False,Реформа єдиної системи торгівлі викидами повинна бути необхідною умовою для підтримки будь-якого чиновника Європейської комісії.
pl_current_affairs_09_01_2025_n01.txt,6691,7010,"Zgodnie z informacjami przekazanymi przez ZUS najczęstszymi przyczynami wymagającymi przeprowadzenia postępowania wyjaśniającego są następujące sytuacje: żłobek nie wprowadził do rejestru danych rodzica, który ubiega się o świadczenie, lub kwoty opłaty za żłobek albo błędnie wprowadził te dane i to wymaga weryfikacji.",[],[],False,False,False,False,False,False,"Згідно з інформацією, наданою ZUS, найчастішими причинами, які вимагають проведення роз’яснювального процесу, є наступні ситуації: ясла не внесли до реєстру дані батька, який подає заяву на отримання допомоги, або суму оплати за ясла, або помилково внесли ці дані, і це потребує перевірки."
pl_abortion_11_04_2024_n03.txt,9922,10066,"Każdego dnia co najmniej 100 osób ma dzięki nim bezpieczną aborcję, ale aktywistki szacują, że i tak obsługują mniej niż połowę zapotrzebowania.",['Appeal_to_Popularity'],['Justification'],False,True,False,False,False,False,"Кожного дня щонайменше 100 людей завдяки їм мають безпечну аборцію, але активістки оцінюють, що вони обслуговують менше половини потреби."
pl_abortion_11_04_2024_n02.txt,4334,4453,"I to my, osoby na tej sali, możemy sprawić, żeby takie tragedie jak Izy z Pszczyny więcej się po prostu nie powtarzały.",['Causal_Oversimplification'],['Simplification'],False,False,False,True,False,False,"І саме ми, люди в цьому залі, можемо зробити так, щоб такі трагедії, як в Ізи з Пщини, більше не повторювалися."
pl_abortion_11_04_2024_n14.txt,4501,4551,To prawo do ochrony życia rodzinnego i prywatnego.,"['Appeal_to_Values', 'Repetition']","['Justification', 'Manipulative_Wording']",False,True,False,False,False,True,Це право на захист сімейного та приватного життя.
pl_abortion_11_04_2024_n01.txt,3621,3661,Czy to nie jest niszczenie życia rodzin?,"['Appeal_to_Pity', 'Appeal_to_Values']","['Justification', 'Distraction']",False,True,True,False,False,False,Чи це не є знищенням життя сімей?
pl_hate_speech_act_19_12_2024_n10.txt,7100,7211,"Chcę państwa poinformować, że to nie jest ustawa o tolerancji, o wsparciu osób LGBT, to jest ustawa o cenzurze.","['Consequential_Oversimplification', 'Straw_Man', 'Appeal_to_Fear-Prejudice']","['Justification', 'Distraction', 'Simplification']",False,True,True,True,False,False,"Хочу повідомити вам, що це не закон про толерантність, про підтримку ЛГБТ-осіб, це закон про цензуру."
pl_hate_speech_act_19_12_2024_n08.txt,5387,5493,"Prokuratorzy już teraz sugerują ściganie kibiców za hasła i transparenty, takie jak: strefa wolna od LGBT.",['Questioning_the_Reputation'],['Attack_on_Reputation'],True,False,False,False,False,False,"Прокурори вже зараз пропонують переслідувати вболівальників за гасла та транспаранти, такі як: зона, вільна від ЛГБТ."
pl_hate_speech_act_19_12_2024_n08.txt,6663,6770,"No nie.) Tak, panie pośle, mówią to właśnie ministrowie. (Poseł Dorota Łoboda: Niech pan przeczyta ustawę.)",[],[],False,False,False,False,False,False,"Ні, ні.) Так, пане депутате, саме міністри так кажуть. (Депутат Дорота Лобода: Нехай пан прочитає закон.)"
pl_hate_speech_act_19_12_2024_n08.txt,5817,5892,Konfederacja będzie broniła wolności słowa. (Oklaski) (Głos z sali: Brawo!),"['Slogans', 'Appeal_to_Values']","['Justification', 'Call']",False,True,False,False,True,False,Конфедерація захищатиме свободу слова. (Оплески) (Голос із залу: Браво!)
pl_defence_07_03_2025_n05.txt,7460,7628,"Bo dlaczego młodzi geje mieliby ginąć za ojczyznę, kiedy polska ojczyzna właściwie nie dostrzega, że chcieliby normalnie funkcjonować w związkach, tak jak wszyscy inni?","['Obfuscation-Vagueness-Confusion', 'Appeal_to_Values']","['Justification', 'Manipulative_Wording']",False,True,False,False,False,True,"Бо чому молоді геї мають гинути за батьківщину, коли польська батьківщина фактично не помічає, що вони хочуть нормально функціонувати у стосунках, як і всі інші?"
pl_statements_20_02_2025_n04.txt,2739,2790,Dziś wychodzą i próbują totalnie zmieniać narrację.,['Appeal_to_Hypocrisy'],['Attack_on_Reputation'],True,False,False,False,False,False,Сьогодні вони виходять і намагаються повністю змінити наратив.
pl_eu_03_04_2025_n01.txt,282,305,Zamykam zatem dyskusję.,[],[],False,False,False,False,False,False,"Отже, я закриваю дискусію."
pl_defence_22_05_2024_n04.txt,2698,2866,"Dzisiaj to, co jest w dostępie na aplikacji stworzonej przez Państwową Straż Pożarną, jest raczej wykonaniem zadania sugestii, a nie rzeczywistą siecią tychże schronów.",['Doubt'],['Attack_on_Reputation'],True,False,False,False,False,False,"Сьогодні те, що доступне в додатку, створеному Державною пожежною службою, є скоріше виконанням завдання, ніж реальною мережею цих укриттів."
pl_hate_speech_act_19_12_2024_n03.txt,639,777,"Mówiły o tym badania Agencji Praw Podstawowych UE i Raport ILGA-Europe, w którym w ostatnich latach Polska wciąż była na ostatnim miejscu.",[],[],False,False,False,False,False,False,"Про це свідчать дослідження Агентства фундаментальних прав ЄС та Звіт ILGA-Europe, в якому Польща в останні роки постійно була на останньому місці."
pl_statements_20_02_2025_n01.txt,7380,7557,"Umożliwienie pracownikom realizacji swoich potrzeb materialnych wpływa korzystnie na atmosferę w placówkach, co wspiera efektywność nauczania oraz wychowania dzieci i młodzieży.",[],[],False,False,False,False,False,False,"Надання працівникам можливості задовольнити свої матеріальні потреби позитивно впливає на атмосферу в закладах, що сприяє ефективності навчання та виховання дітей і молоді."
pl_defence_22_05_2024_n01.txt,5840,5895,Rozmawiałem z naszymi młodymi żołnierzami pod Oleckiem.,['Red_Herring'],['Distraction'],False,False,True,False,False,False,Розмовляв з нашими молодими солдатами під Олецьком.
pl_defence_07_03_2025_n08.txt,4588,4630,"Pan poseł Adam Gomoła, poseł niezrzeszony.",[],[],False,False,False,False,False,False,"Пан посол Адам Гомола, посол незгрупований."
pl_eu_03_04_2025_n02.txt,2519,2606,Czas prezydencji węgierskiej dla samej Unii Europejskiej to nie był najłatwiejszy czas.,[],[],False,False,False,False,False,False,Час головування Угорщини для самого Європейського Союзу не був найлегшим часом.
pl_abortion_11_04_2024_n01.txt,3124,3132,Stępień.,[],[],False,False,False,False,False,False,Стєпень.
pl_statements_20_02_2025_n04.txt,8187,8373,"Natomiast życzę wam (Dzwonek), żeby każdy najdrobniejszy ból fizyczny powodował takie poczucie, że być może to się właśnie dzieje, żeby to trwało tak długo, żeby to was gryzło tak długo…",['Loaded_Language'],['Manipulative_Wording'],False,False,False,False,False,True,"Натомість бажаю вам (Дзвінок), щоб кожен найдрібніший фізичний біль викликав відчуття, що, можливо, це відбувається саме зараз, щоб це тривало так довго, щоб це гризло вас так довго…"
pl_current_affairs_09_01_2025_n03.txt,47,72,Pani poseł Anna Gembicka.,[],[],False,False,False,False,False,False,Пані посол Анна Гембіцька.
pl_defence_07_03_2025_n01.txt,4216,4347,"Czy Polska bez swojego wiceszefa NATO jest bezpieczniejsza, silniejsza, bardziej zjednoczona? (Poseł Krzysztof Ciecióra: Nie jest.)","['Conversation_Killer', 'Flag_Waving', 'Appeal_to_Values', 'Doubt']","['Attack_on_Reputation', 'Justification', 'Call']",True,True,False,False,True,False,"Чи Польща без свого заступника голови НАТО є безпечнішою, сильнішою, більш єдиною? (Депутат Кшиштоф Цеціора: Ні.)"
pl_defence_07_03_2025_n08.txt,251,315,"Chcieliśmy tutaj wszyscy razem porozmawiać o tym, co się dzieje.",['Questioning_the_Reputation'],['Attack_on_Reputation'],True,False,False,False,False,False,"Ми хотіли тут усі разом поговорити про те, що відбувається."
pl_defence_07_03_2025_n06.txt,755,827,"To, co jeszcze jest nam potrzebne, to ochrona atomowa ze strony Francji.",[],[],False,False,False,False,False,False,"Те, що нам ще потрібно, – це ядерний захист з боку Франції."
pl_defence_07_03_2025_n06.txt,5896,5977,"Jest to, proszę państwa, istna matnia problemów, w które wciągacie nasze państwo.","['Loaded_Language', 'Flag_Waving', 'Doubt']","['Attack_on_Reputation', 'Justification', 'Manipulative_Wording']",True,True,False,False,False,True,"Це, прошу пана, справжня плутанина проблем, в які ви втягуєте нашу країну."
pl_hate_speech_act_19_12_2024_n04.txt,7836,7979,"Ten nasz projekt, podobnie jak omawiany w tym miejscu projekt rządowy, wpisuje się w szeroko pojętą walkę z hejtem i właśnie z mową nienawiści.",[],[],False,False,False,False,False,False,"Цей наш проєкт, як і проєкт уряду, про який йдеться тут, є частиною ширшої боротьби з ненавистю та мовою ворожнечі."
pl_current_affairs_09_01_2025_n02.txt,5860,5879,Taki był wasz plan.,['Questioning_the_Reputation'],['Attack_on_Reputation'],True,False,False,False,False,False,Такий був ваш план.
pl_abortion_11_04_2024_n04.txt,200,238,"Dziękuję, że jesteście dzisiaj z nami.",[],[],False,False,False,False,False,False,"Дякую, що ви сьогодні з нами."
pl_defence_07_03_2025_n02.txt,7153,7168,Bardzo prosimy.,[],[],False,False,False,False,False,False,Будь ласка.
pl_hate_speech_act_19_12_2024_n08.txt,7055,7061,Brawo.,[],[],False,False,False,False,False,False,Браво.
pl_defence_07_03_2025_n01.txt,2843,3008,"Witold Zembaczyński w rozmowie z dziennikarzami stwierdził nawet, cytuję: To przewodnie hasło – uwaga, uwaga – mojej myśli politycznej i utożsamiam się z nim w 100%.",['Repetition'],['Manipulative_Wording'],False,False,False,False,False,True,"Вітольд Зембачинський у розмові з журналістами навіть заявив, цитую: Це провідне гасло – увага, увага – моєї політичної думки, і я ототожнюю себе з ним на 100%."
pl_hate_speech_act_19_12_2024_n09.txt,1664,1942,"Nienawiść to jest złe uczucie, nienawiść to jest uczucie destrukcyjne, ale mowa nienawiści to jest pojęcie, to pewien wytrych, pałka przede wszystkim niemająca nic wspólnego z ochroną pewnych zagrożonych grup, głównie do walki z poglądami, zwłaszcza z poglądami konserwatywnymi.","['Loaded_Language', 'Repetition', 'Appeal_to_Fear-Prejudice']","['Justification', 'Manipulative_Wording']",False,True,False,False,False,True,"Ненависть – це погане почуття, ненависть – це руйнівне почуття, але мова ненависті – це поняття, це певний інструмент, насамперед не має нічого спільного з захистом певних груп, що перебувають під загрозою, переважно для боротьби з поглядами, особливо з консервативними поглядами."
pl_hate_speech_act_19_12_2024_n03.txt,4959,5019,Jesteśmy w dwóch różnych światach – powiedział pan minister.,[],[],False,False,False,False,False,False,"Ми в двох різних світах, – сказав міністр."
pl_defence_07_03_2025_n06.txt,828,1041,"A jak już jesteśmy przy atomie, to po to, żeby z kolei Stany Zjednoczone, które teraz podchodzą właśnie tak bardzo transakcyjnie do tego wszystkiego, miały poczucie, że czegoś na naszym terytorium warto im bronić.",['Red_Herring'],['Distraction'],False,False,True,False,False,False,"А коли вже йдеться про атом, то для того, щоб Сполучені Штати, які зараз дуже transactionalно підходять до всього цього, відчули, що їм є що захищати на нашій території."
pl_hate_speech_act_19_12_2024_n02.txt,3253,3302,"Rozpocznę od podstawy, rozpocznę od słowa „hejt”.",['Repetition'],['Manipulative_Wording'],False,False,False,False,False,True,"Почну з основи, почну зі слова «хейт»."
pl_abortion_11_04_2024_n12.txt,6723,6743,Zapraszam serdecznie,[],[],False,False,False,False,False,False,Запрошую сердечно
pl_eu_03_04_2025_n06.txt,3478,3506,Dziękuję za uwagę. (Oklaski),[],[],False,False,False,False,False,False,Дякую за увагу. (Оплески)
pl_current_affairs_09_01_2025_n01.txt,2867,2896,"Bardzo proszę, pani minister.",[],[],False,False,False,False,False,False,"Будь ласка, пані міністр."
pl_eu_03_04_2025_n03.txt,2314,2439,"Polska podniosła, że zarówno I, jak i II filar wspólnotowej polityki rolnej powinny wnieść wkład w rozwój obszarów wiejskich.",['Repetition'],['Manipulative_Wording'],False,False,False,False,False,True,"Польща наголосила, що як перший, так і другий стовп спільної сільськогосподарської політики повинні сприяти розвитку сільських територій."
pl_hate_speech_act_19_12_2024_n04.txt,1078,1138,Każda zmiana prawa karnego wymaga odpowiedzi na dwa pytania.,[],[],False,False,False,False,False,False,Кожна зміна кримінального права вимагає відповіді на два питання.
pl_defence_22_05_2024_n01.txt,6437,6512,Chociażby dlaczego pana nie było na Monte Cassino kilka dni temu? (Oklaski),"['Questioning_the_Reputation', 'Whataboutism']","['Attack_on_Reputation', 'Distraction']",True,False,True,False,False,False,Хоча б чому вас не було на Монте-Кассіно кілька днів тому? (Оплески)
pl_eu_03_04_2025_n01.txt,4343,4471,"Wskazywaliśmy na potrzebę wypracowania rozwiązań, które by uwzględniły specyfikę przemysłu obronnego w poszczególnych państwach.",[],[],False,False,False,False,False,False,"Ми вказували на необхідність розробки рішень, які б враховували специфіку оборонної промисловості в окремих країнах."
pl_abortion_11_04_2024_n13.txt,4767,4976,"Wstydem dla polskiego parlamentaryzmu jest fakt, że my ciągle musimy mówić o tym, że polskie kobiety zasługują na prawo do ochrony zdrowia, do bezpieczeństwa i w końcu do ratowania swojego życia i do godności.","['Slogans', 'Appeal_to_Values']","['Justification', 'Call']",False,True,False,False,True,False,"Сором для польського парламентаризму – це те, що ми досі повинні говорити про те, що польські жінки заслуговують на право на охорону здоров’я, безпеку та, зрештою, на порятунок свого життя і гідність."
pl_defence_07_03_2025_n08.txt,4681,4700,Panie Pośle Ociepa!,[],[],False,False,False,False,False,False,Пане Посол Оцепко!
pl_hate_speech_act_19_12_2024_n02.txt,1442,1512,"My mówimy dzisiaj o ochronie przed dyskryminacją, przed uprzedzeniami.",['Appeal_to_Values'],['Justification'],False,True,False,False,False,False,"Ми говоримо сьогодні про захист від дискримінації, від упереджень."
pl_abortion_11_04_2024_n13.txt,2397,2462,Zapraszam pana posła Tadeusza Woźniaka z Prawa i Sprawiedliwości.,[],[],False,False,False,False,False,False,Запрошую пана посла Тадеуша Возьняка з Права і Справедливості.
pl_abortion_11_04_2024_n12.txt,5183,5316,"W pierwszej części, w której głos zabierały kobiety, choć różniłyśmy się poglądami, i to znacznie, jednak ta debata zachowała poziom.",[],[],False,False,False,False,False,False,"У першій частині, де виступали жінки, хоча наші погляди відрізнялися, і значно, але ця дискусія зберегла рівень."
pl_defence_07_03_2025_n06.txt,4272,4285,To znamienne.,"['Loaded_Language', 'Repetition']",['Manipulative_Wording'],False,False,False,False,False,True,Це знаменно.
pl_defence_07_03_2025_n03.txt,4415,4455,"Prawo siły, pamiętajcie o tym, to Putin.",['Guilt_by_Association'],['Attack_on_Reputation'],True,False,False,False,False,False,"Закон сили, пам'ятайте про це, це Путін."
pl_defence_07_03_2025_n08.txt,6081,6338,"Możemy skłonić Rosję do startu w wyścigu, w którym dostanie gospodarczego zawału serca, który sprawi, że przed Rosją znowu może otworzyć się takie okienko, jakie otworzyło się w latach 90., by pójść drogą demokracji, drogą pokojowego współistnienia narodów.","['Consequential_Oversimplification', 'Exaggeration-Minimisation']","['Simplification', 'Manipulative_Wording']",False,False,False,True,False,True,"Ми можемо змусити Росію розпочати перегони, в яких вона отримає економічний серцевий напад, який знову може відкрити для Росії вікно можливостей, як це сталося в 90-х роках, щоб піти шляхом демократії, шляхом мирного співіснування народів."
pl_defence_07_03_2025_n08.txt,2336,2404,"Trzeba je przerobić na PT-16, PT-17, a nie patrzeć ciągle na innych.",[],[],False,False,False,False,False,False,"Потрібно їх переробити на PT-16, PT-17, а не постійно дивитися на інших."
pl_defence_22_05_2024_n02.txt,2990,3055,"Nie ma też namiotów, śpiworów ani wystarczającej liczby mundurów.",['Doubt'],['Attack_on_Reputation'],True,False,False,False,False,False,"Немає також наметів, спальних мішків та достатньої кількості форми."
pl_hate_speech_act_19_12_2024_n07.txt,2478,2729,"Bo gdybyście chcieli walczyć z mową nienawiści, tobyście walczyli z wielkim zapleczem waszego posła Romana, byście walczyli z Sokiem z Buraka, gdzie administratorami, moderatorami byli wasi posłowie i senatorowie. (Oklaski) (Poseł Jan Kanthak: Brawo!)",['Appeal_to_Hypocrisy'],['Attack_on_Reputation'],True,False,False,False,False,False,"Бо якби ви хотіли боротися з мовою ненависті, то ви б боролися з великим запалом вашого депутата Романа, ви б боролися з «Сок з Буряка», де адміністраторами, модераторами були ваші депутати та сенатори. (Оплески) (Депутат Ян Кантак: Браво!)"
pl_current_affairs_09_01_2025_n03.txt,1027,1103,"A więc jaki jest wasz dalszy plan, żeby odciążyć stopień wodny we Włocławku?",['Repetition'],['Manipulative_Wording'],False,False,False,False,False,True,"Отже, який ваш подальший план, щоб зменшити навантаження на шлюз у Влоцлавеку?"
pl_eu_03_04_2025_n03.txt,8096,8127,"Dobrze, że to zostało przyjęte.",[],[],False,False,False,False,False,False,"Добре, що це було прийнято."
pl_eu_03_04_2025_n05.txt,107,138,Tak lubicie przy każdej okazji.,['Questioning_the_Reputation'],['Attack_on_Reputation'],True,False,False,False,False,False,Так ви робите кожного разу.
pl_abortion_11_04_2024_n09.txt,5573,5641,"Wicemarszałek Monika Wielichowska: Proszę do kropki, proszę kończyć.",[],[],False,False,False,False,False,False,"Віцемаршалок Моніка Веліховська: Прошу до крапки, прошу закінчувати."
pl_defence_07_03_2025_n05.txt,988,1321,"Bezpieczeństwo wymaga jedności całego narodu i jako Polskie Stronnictwo Ludowe, które od ponad 100 lat stoi na straży nie tylko wartości tradycji, lecz również wartości demokratycznych, wzywamy wszystkie siły polityczne – powtórzę: wszystkie siły polityczne – do budowania jedności w imię bezpieczeństwa i suwerenności naszego kraju.","['Flag_Waving', 'Appeal_to_Authority', 'Appeal_to_Values', 'Repetition']","['Justification', 'Manipulative_Wording']",False,True,False,False,False,True,"Безпека вимагає єдності всього народу, і як Польська Народна Партія, яка вже понад 100 років стоїть на сторожі не лише цінностей традиції, але й демократичних цінностей, ми закликаємо всі політичні сили – повторю: всі політичні сили – до побудови єдності в ім’я безпеки та суверенітету нашої країни."
pl_defence_07_03_2025_n03.txt,372,391,Kto to powiedział?),[],[],False,False,False,False,False,False,Хто це сказав?)
pl_current_affairs_09_01_2025_n01.txt,1294,1518,"Jedną ze sztandarowych obietnic złożonych w trakcie kampanii wyborczej w 2023 r. przez Koalicję Obywatelską, przez pana Donalda Tuska była obietnica wprowadzenia w ciągu pierwszych 100 dni rządów tzw. świadczenia babciowego.",[],[],False,False,False,False,False,False,"Однією з головних обіцянок, даних під час виборчої кампанії у 2023 році Коаліцією Громадянської Платформи та паном Дональдом Туском, була обіцянка запровадити протягом перших 100 днів правління так звану «бабусину допомогу»."
pl_current_affairs_09_01_2025_n02.txt,1827,2010,"Łącznie rozpatrzono poprzez przyznanie odmowy, umorzenie, wycofanie, pozostawienie bez rozpatrzenia bądź zgon dziecka ponad 80% tych wniosków, czyli 322 810 wniosków o te świadczenia.",[],[],False,False,False,False,False,False,"Загалом було розглянуто шляхом відмови, закриття справи, відкликання, залишення без розгляду або смерті дитини понад 80% цих заяв, тобто 322 810 заяв на ці виплати."
pl_eu_12_06_2024_n01.txt,137,202,"Poseł Sprawozdawca Danuta Jazłowiecka: Dziękuję, panie marszałku.",[],[],False,False,False,False,False,False,"Депутат-доповідач Данута Язловецька: Дякую, пане маршалку."
pl_abortion_11_04_2024_n14.txt,1536,1672,"Nie pozwólmy sobie wmówić, że jest inaczej, że aborcja na życzenie, czyli zabicie każdego dziecka, jest wyrazem naszego człowieczeństwa.","['Exaggeration-Minimisation', 'Loaded_Language', 'Appeal_to_Pity', 'Appeal_to_Fear-Prejudice']","['Justification', 'Distraction', 'Manipulative_Wording']",False,True,True,False,False,True,"Не дозвольмо собі повірити, що все інакше, що аборт на вимогу, тобто вбивство кожної дитини, є проявом нашої людяності."
pl_eu_03_04_2025_n04.txt,4875,4892,Panowie Posłowie!,[],[],False,False,False,False,False,False,Панове депутати!
pl_abortion_11_04_2024_n01.txt,4836,5432,"Ogólnodostępne dane zawierające informacje o treści wyroków polskich sądów pokazują, że w ostatnich latach za pomoc kobiecie w aborcji zostali skazani m.in.: ojciec, który przekazał córce pieniądze na pokrycie kosztów jej zabiegu aborcji w klinice w Holandii; matka, która pomogła córce wyjechać na zabieg aborcji do kliniki w Holandii i która opłaciła córce koszty przejazdu i samego zabiegu; kolejna matka, matka kobiety, żyjącej kobiety, która zorganizowała swojej córce wyjazd na zabieg aborcji i również opłaciła jej środek transportu; następna matka – to samo, dokładnie taki sam przypadek.",['Appeal_to_Pity'],['Distraction'],False,False,True,False,False,False,"Загальнодоступні дані, що містять інформацію про зміст вироків польських судів, показують, що в останні роки за допомогу жінці в аборті були засуджені, зокрема: батько, який передав дочці гроші на покриття витрат на її аборт у клініці в Нідерландах; мати, яка допомогла дочці поїхати на аборт до клініки в Нідерландах і яка оплатила дочці вартість проїзду та самого аборту; ще одна мати, мати жінки, яка організувала своїй дочці поїздку на аборт і також оплатила їй проїзд; наступна мати – те саме, точно такий самий випадок."
pl_hate_speech_act_19_12_2024_n04.txt,3769,3827,"Gdzie zaczyna się mowa nienawiści, gdzie się zaczyna hejt?",['Repetition'],['Manipulative_Wording'],False,False,False,False,False,True,"Де починається мова ненависті, де починається хейт?"
pl_defence_07_03_2025_n04.txt,1968,2141,"Niestety, nie da się nie zauważyć, że stoi za tym także zmiana wartości, na których relacje między Europą a Ameryką zostały zbudowane, jak zaufanie, współpraca, zrozumienie.",[],[],False,False,False,False,False,False,"На жаль, не можна не помітити, що за цим стоїть також зміна цінностей, на яких були побудовані відносини між Європою та Америкою, таких як довіра, співпраця, розуміння."
pl_eu_12_06_2024_n02.txt,6012,6169,"Jestem zwolennikiem tego, żebyśmy mówili jednym polskim głosem w czasie polskiej prezydencji, realizując polskie interesy, ale mówię w tej chwili: sprawdzam.",['Flag_Waving'],['Justification'],False,True,False,False,False,False,"Я прихильник того, щоб ми говорили одним польським голосом під час польського головування, реалізуючи польські інтереси, але зараз я кажу: перевіряю."
pl_statements_20_02_2025_n04.txt,61,116,"Zapraszam pana posła Artura Szałabawkę, także klub PiS.",[],[],False,False,False,False,False,False,"Запрошую пана посла Артура Шалабаву, також клуб PiS."
pl_eu_12_06_2024_n01.txt,574,737,"Sekretarz stanu w Ministerstwie Spraw Wewnętrznych i Administracji Polski Czesław Mroczek przedstawił uzasadnienie projektu, podkreślając, że od 1 stycznia 2025 r.",[],[],False,False,False,False,False,False,"Державний секретар Міністерства внутрішніх справ і адміністрації Польщі Чеслав Мрочек представив обґрунтування проєкту, наголосивши, що з 1 січня 2025 року"
pl_statements_20_02_2025_n04.txt,725,774,Zdrowia Mężczyzn przedstawiono wstrząsające dane.,['Loaded_Language'],['Manipulative_Wording'],False,False,False,False,False,True,Здоров'я чоловіків представлено шокуючі дані.
pl_defence_22_05_2024_n01.txt,4137,4164,Reset robiliście z Putinem.,"['Appeal_to_Hypocrisy', 'Obfuscation-Vagueness-Confusion', 'Repetition']","['Attack_on_Reputation', 'Manipulative_Wording']",True,False,False,False,False,True,Що ви робили з Путіним.
pl_defence_22_05_2024_n04.txt,4157,4298,"I po trzecie, nie jest bezdyskusyjne zespawanie (Dzwonek) polskiej racji stanu z interesami imperium amerykańskiego czy szerzej – Anglosasów.","['Exaggeration-Minimisation', 'Repetition']",['Manipulative_Wording'],False,False,False,False,False,True,"По-третє, не є бездискусійним спаювання (Дзвоник) польської причини держави з інтересами американського імперіалізму або ширше – англосаксів."
pl_hate_speech_act_19_12_2024_n02.txt,3303,3507,"W ostatnich latach słowo „hejt” odmieniamy przez wszystkie przypadki, co może sprawiać, że traci ono na znaczeniu, jest często wyśmiewane, infantylizowane, staje się niestety także politycznym narzędziem.",['Repetition'],['Manipulative_Wording'],False,False,False,False,False,True,"Останніми роками слово «хейт» відмінюється у всіх відмінках, що може призвести до втрати його значення, воно часто висміюється, стає інфантильним і, на жаль, також політичним інструментом."
pl_abortion_11_04_2024_n03.txt,1308,1319,Komu służy?,['Doubt'],['Attack_on_Reputation'],True,False,False,False,False,False,Кому це служить?
pl_hate_speech_act_19_12_2024_n08.txt,5594,5793,"Czy mówienie o niekompetencji młodszych w danym zawodzie albo o tym, że ktoś ze względu na wiek nie nadaje się do pełnienia swoich obowiązków, też będzie ścigane przez przejętą przez was prokuraturę?",['Appeal_to_Fear-Prejudice'],['Justification'],False,True,False,False,False,False,"Чи говорити про некомпетентність молодших у певній професії або про те, що хтось через вік не підходить для виконання своїх обов'язків, також буде переслідуватися прокуратурою, яку ви очолюєте?"
pl_abortion_11_04_2024_n03.txt,4970,5087,"Prawo zabraniało kobiecie przerywania ciąży, lekarze przestali wykonywać aborcję, ale tylko w publicznych szpitalach.",[],[],False,False,False,False,False,False,"Закон забороняв жінці переривати вагітність, лікарі перестали робити аборти, але лише в державних лікарнях."
pl_eu_03_04_2025_n06.txt,760,879,"Zarówno Unia, jak i przyszłe państwa członkowskie muszą być gotowe w momencie rozszerzenia o nowe państwa członkowskie.",[],[],False,False,False,False,False,False,"І Союз, і майбутні держави-члени повинні бути готові до розширення новими державами-членами."
pl_eu_03_04_2025_n07.txt,4662,4725,No niestety chyba nie do końca udało się za dużo z tego zrobić.,['Doubt'],['Attack_on_Reputation'],True,False,False,False,False,False,"На жаль, здається, не вдалося зробити багато з цього."
pl_abortion_11_04_2024_n03.txt,2816,2904,"Żyje w państwie, w którym jej zdrowie i życie zależy od widzimisię i sumienia polityków.","['Loaded_Language', 'Questioning_the_Reputation']","['Attack_on_Reputation', 'Manipulative_Wording']",True,False,False,False,False,True,"Живе в державі, де її здоров'я і життя залежать від свавілля та совісті політиків."
pl_defence_07_03_2025_n05.txt,5070,5168,"To miejsce jest tu, bo to Polska jest wschodnią flanką NATO i wschodnią granicą Unii Europejskiej.","['Flag_Waving', 'Repetition']","['Justification', 'Manipulative_Wording']",False,True,False,False,False,True,"Це місце тут, тому що Польща є східним флангом НАТО та східним кордоном Європейського Союзу."
pl_abortion_11_04_2024_n02.txt,215,243,Ja zacznę od dwóch historii.,[],[],False,False,False,False,False,False,Я почну з двох історій.
pl_abortion_11_04_2024_n03.txt,2258,2277,Dzisiaj mam 47 lat.,[],[],False,False,False,False,False,False,Сьогодні мені 47 років.
pl_abortion_11_04_2024_n13.txt,4541,4689,"Cieszę się, że mimo porannych problemów udało się dzisiaj aktywistkom wejść na galerię i przyglądać się tej dyskusji. (Głos z sali: Już ich nie ma.)",['Red_Herring'],['Distraction'],False,False,True,False,False,False,"Я радий, що незважаючи на ранкові проблеми, сьогодні активістки змогли потрапити на галерею та спостерігати за цією дискусією. (Голос із залу: Їх вже немає.)"
pl_current_affairs_09_01_2025_n01.txt,1780,1888,Od 1 października 2024 r. rodzice mogli już składać wnioski do ZUS-u i wielu rodziców takie wnioski złożyło.,[],[],False,False,False,False,False,False,"З 1 жовтня 2024 року батьки вже могли подавати заявки до ZUS, і багато батьків подали такі заявки."
pl_eu_12_06_2024_n04.txt,3207,3234,To jest materia tej ustawy.,[],[],False,False,False,False,False,False,Це зміст цього закону.
pl_eu_03_04_2025_n07.txt,6245,6344,"Ja wiem, że historia mówi, że Węgry kiedyś były dużo większym i silniejszym krajem, niż są obecnie.",[],[],False,False,False,False,False,False,"Я знаю, що історія говорить, що Угорщина колись була набагато більшою і сильнішою країною, ніж зараз."
pl_eu_03_04_2025_n08.txt,271,324,Instalacje NATO-wskie miały z Polski zostać wycofane.,[],[],False,False,False,False,False,False,Інфраструктура НАТО мала бути виведена з Польщі.
pl_eu_03_04_2025_n07.txt,6345,6580,"Część środowisk nacjonalistycznych na Węgrzech chciałaby może powrotu do wielkich Węgier, w których skład wchodzi część Słowacji, część Ukrainy, część Rumunii, ale większość Węgrów myśli normalnie, jest ważną częścią Unii Europejskiej.",[],[],False,False,False,False,False,False,"Частина націоналістичних кіл в Угорщині, можливо, хотіла б повернення до великих Угорщини, до складу якої входять частина Словаччини, частина України, частина Румунії, але більшість угорців думають нормально, є важливою частиною Європейського Союзу."
pl_eu_03_04_2025_n04.txt,5389,5474,Tak najkrócej można by podsumować 6 miesięcy przewodzenia Węgier w Unii Europejskiej.,[],[],False,False,False,False,False,False,Ось як можна коротко підсумувати 6 місяців головування Угорщини в Європейському Союзі.
pl_eu_03_04_2025_n05.txt,5386,5442,"Chodzi o cła, które nałożyła Ameryka na Unię Europejską.",[],[],False,False,False,False,False,False,"Йдеться про мита, які Америка наклала на Європейський Союз."
pl_defence_07_03_2025_n02.txt,520,644,"Ale to w żaden sposób nie powinno sprawiać, że ktokolwiek będzie ulegać pokusie chłodzenia relacji ze Stanami Zjednoczonymi.",[],[],False,False,False,False,False,False,Але це жодним чином не повинно змушувати когось піддаватися спокусі охолодження відносин зі Сполученими Штатами.
pl_eu_03_04_2025_n06.txt,4253,4339,Na tę debatę o Węgrzech nie został nawet zaproszony przedstawiciel węgierskiego rządu.,['Doubt'],['Attack_on_Reputation'],True,False,False,False,False,False,На цю дискусію про Угорщину навіть не був запрошений представник угорського уряду.
pl_abortion_11_04_2024_n06.txt,410,445,"Bo aborcje w Polsce były, są, będą.",['Conversation_Killer'],['Call'],False,False,False,False,True,False,"Бо аборти в Польщі були, є, будуть."
pl_defence_07_03_2025_n06.txt,4978,5003,"To chyba istotne, prawda?",['Doubt'],['Attack_on_Reputation'],True,False,False,False,False,False,"Це, мабуть, важливо, правда?"
pl_abortion_11_04_2024_n14.txt,5524,5621,"Dziękuję bardzo. (Oklaski) (Głos z sali: Brawo!) (Poseł Piotr Kaleta: My ten test zdamy, Krzysiu.",['Questioning_the_Reputation'],['Attack_on_Reputation'],True,False,False,False,False,False,"Дякую дуже. (Оплески) (Голос із залу: Браво!) (Депутат Петро Калета: Ми цей тест здамо, Крисю."
pl_current_affairs_09_01_2025_n01.txt,2083,2227,"Niestety mamy rok 2025 i media ogólnopolskie donoszą, że wielu rodziców nadal nie otrzymało tego świadczenia, mimo że składali wnioski w 2024 r.",['Doubt'],['Attack_on_Reputation'],True,False,False,False,False,False,"На жаль, ми маємо 2025 рік, і загальнонаціональні ЗМІ повідомляють, що багато батьків досі не отримали цієї допомоги, незважаючи на те, що подавали заявки у 2024 році."
pl_statements_20_02_2025_n03.txt,7236,7301,Jerzym Popiełuszce z racji 40. rocznicy jego męczeńskiej śmierci.,[],[],False,False,False,False,False,False,Єжи Попелюшке з нагоди 40-ї річниці його мученицької смерті.
pl_defence_07_03_2025_n04.txt,5237,5326,To jest również paradygmat administracji amerykańskiej i prezydenta Stanów Zjednoczonych.,[],[],False,False,False,False,False,False,Це також є парадигмою американської адміністрації та президента Сполучених Штатів.
pl_abortion_11_04_2024_n08.txt,2734,2950,"Otóż podkreślam, masowo czcigodne niewiasty z Lewicy, że zakaz kradzieży również nie działa. (Gwar na sali, dzwonek) (Poseł Katarzyna Maria Piekarska: Posłanki.) (Poseł Joanna Scheuring-Wielgus: Jesteśmy posłankami.)",['False_Equivalence'],['Simplification'],False,False,False,True,False,False,"Отже, наголошую, шановні жінки з Лівиці, що заборона крадіжки також не діє. (Гучний сміх у залі, дзвінок) (Депутат Катажина Марія П’єкарська: Депутатки.) (Депутат Йоанна Шеуринг-Вельгус: Ми – депутатки.)"
pl_defence_07_03_2025_n04.txt,8244,8411,"Sekretarz obrony nazwał Polskę żelaznym sojusznikiem Stanów Zjednoczonych i wybrał nasz kraj jako ten, w którym odbyła się pierwsza wizyta na poziomie międzynarodowym.",['Name_Calling-Labeling'],['Attack_on_Reputation'],True,False,False,False,False,False,"Міністр оборони назвав Польщу залізним союзником Сполучених Штатів і обрав нашу країну як ту, в якій відбулася перша міжнародна зустріч."
pl_current_affairs_09_01_2025_n02.txt,5591,5859,"Pamiętamy, jak jeszcze niedawno obecna wiceminister klimatu Urszula Zielińska otwarcie sprzeciwiała się budowie stopnia wodnego w Siarzewie, uczestnicząc w czasie pandemii w nielegalnym, niezarejestrowanym proteście pod hasłem: Zapora w Siarzewie to wielkie badziewie.",['Loaded_Language'],['Manipulative_Wording'],False,False,False,False,False,True,"Пам'ятаємо, як ще недавно нинішня заступниця міністра клімату Уршуля Зєліньська відкрито виступала проти будівництва водосховища в Сіаржеві, беручи участь під час пандемії в нелегальному, незареєстрованому протесті під гаслом: ""Водосховище в Сіаржеві – це велика нісенітниця""."
pl_hate_speech_act_19_12_2024_n03.txt,269,360,Jednocześnie ponad 15% doświadczyło ataku fizycznego lub przemocy seksualnej w ciągu 5 lat.,[],[],False,False,False,False,False,False,Водночас понад 15% зазнали фізичного нападу або сексуального насильства протягом 5 років.
pl_abortion_11_04_2024_n06.txt,6053,6179,"Jak wskazują badania, aborcje po 12. tygodniu ciąży należą do mniejszości czy to w Anglii, czy w Walii, Stanach Zjednoczonych.",['Appeal_to_Popularity'],['Justification'],False,True,False,False,False,False,"Згідно з дослідженнями, аборти після 12-го тижня вагітності є рідкістю як в Англії, так і в Уельсі, Сполучених Штатах."
pl_eu_12_06_2024_n04.txt,4085,4534,"Musimy mieć świadomość, że zintensyfikowana aktywność organów państwowych oraz zwiększone zainteresowanie Polską jako państwem przewodniczącym pracom unijnym mogą stanowić pretekst do prób podjęcia działań wymierzonych przeciwko interesom naszego państwa, w tym działań o charakterze terrorystycznym i sabotażowym, i stanowić bezpośrednie zagrożenie zarówno w wymiarze bezpieczeństwa i porządku publicznego, jak i oczywiście w wymiarze wizerunkowym.","['Flag_Waving', 'Appeal_to_Fear-Prejudice']",['Justification'],False,True,False,False,False,False,"Ми повинні усвідомлювати, що інтенсивна діяльність державних органів та підвищений інтерес до Польщі як країни, яка головує в роботі ЄС, можуть бути приводом для спроб здійснення дій, спрямованих проти інтересів нашої держави, включаючи дії терористичного та саботажного характеру, і становити пряму загрозу як у сфері безпеки та громадського порядку, так і, звісно, у сфері іміджу."
pl_defence_07_03_2025_n08.txt,3647,3704,Tutaj Amerykanie akurat nam absolutnie nie przeszkadzają.,[],[],False,False,False,False,False,False,Тут американці якраз нам абсолютно не заважають.
pl_statements_20_02_2025_n04.txt,5674,5930,"Nigdy nie podejrzewałbym jako były działacz opozycji wobec dyktatury komunistycznej, że w wolnej Polsce (Dzwonek) jakakolwiek władza mogłaby pomyśleć o próbie kneblowania ust instytucji nakierowanej na promocję suwerenności, państwowości i historii Polski.","['Flag_Waving', 'Loaded_Language']","['Justification', 'Manipulative_Wording']",False,True,False,False,False,True,"Ніколи не підозрював би як колишній діяч опозиції проти комуністичної диктатури, що у вільній Польщі (Дзвоник) будь-яка влада може подумати про спробу придушити устами інституції, спрямованої на просування суверенітету, державності та історії Польщі."
pl_defence_07_03_2025_n07.txt,620,711,"Na armię, na wojsko, na największą armię w NATO wydali dziewięćset kilkadziesiąt miliardów.",['Red_Herring'],['Distraction'],False,False,True,False,False,False,"На армію, на військо, на найбільшу армію в НАТО витратили дев'ятсот кілька мільярдів."
pl_defence_07_03_2025_n08.txt,7358,7457,Pierwsza kategoria tych polityk i podejścia państwa wynikała z relacji gospodarczych i biznesowych.,[],[],False,False,False,False,False,False,Перша категорія цих політик і підходів держави випливала з економічних і бізнесових відносин.
pl_eu_12_06_2024_n04.txt,3235,3677,"Projekt ustawy o szczególnych rozwiązaniach w związku z przygotowywaniem i sprawowaniem przez Rzeczpospolitą Polską przewodnictwa w Radzie Unii Europejskiej w I połowie 2025 r. ma na celu wdrożenie czasowych rozwiązań, które, po pierwsze, wzmocnią bezpieczeństwo, jak mówiłem, najważniejszych wydarzeń zaplanowanych w Polsce w czasie trwania tej prezydencji, a po drugie, usprawnią proces przygotowań do samego przewodnictwa i jego przebiegu.",[],[],False,False,False,False,False,False,"Проєкт закону про особливі рішення у зв’язку з підготовкою та здійсненням Республікою Польща головування в Раді Європейського Союзу в першій половині 2025 року має на меті впровадження тимчасових рішень, які, по-перше, зміцнять безпеку найважливіших подій, запланованих у Польщі під час цього головування, а по-друге, прискорять процес підготовки до самого головування та його перебігу."
pl_defence_07_03_2025_n05.txt,5169,5202,To tu muszą być kierowane środki.,['Repetition'],['Manipulative_Wording'],False,False,False,False,False,True,Ось куди мають бути спрямовані кошти.
pl_statements_20_02_2025_n04.txt,2261,2415,Celem umowy była poprawa sytuacji sektora węglowego w Polsce oraz stopniowe wygaszanie kopalń węgla kamiennego z zachowaniem odpowiedzialności społecznej.,[],[],False,False,False,False,False,False,Метою угоди було покращення ситуації в вугільному секторі Польщі та поступове закриття вугільних шахт з дотриманням соціальної відповідальності.
pl_eu_03_04_2025_n04.txt,3624,3715,"Ale powiem też panu, że panu kibicuję, żeby pan się jeszcze w te 3 miesiące trochę wykazał.",[],[],False,False,False,False,False,False,"Але також скажу вам, що я вболіваю за вас, щоб ви ще трохи показали себе за ці 3 місяці."
pl_hate_speech_act_19_12_2024_n10.txt,5207,5266,"Pani poseł Iwona Małgorzata Krawczyk, Koalicja Obywatelska.",[],[],False,False,False,False,False,False,"Пані посол Івона Маґдалена Кравчик, Коаліція Громадянська."
pl_abortion_11_04_2024_n10.txt,7250,7496,"Panie pośle, zwrócił pan uwagę na transparent, który był po pana lewej stronie, ale nie zwrócił pan uwagi na transparent, który był po pana prawej stronie i który był od samego początku procedowania nad punktami dotyczącymi praw kobiet. (Oklaski)",[],[],False,False,False,False,False,False,"Пане посланцю, ви звернули увагу на транспарант, який був ліворуч від вас, але не звернули уваги на транспарант, який був праворуч від вас і який був від самого початку розгляду питань, що стосуються прав жінок. (Оплески)"
pl_hate_speech_act_19_12_2024_n07.txt,6674,6968,"Procedowany projekt ustawy w świetle fundamentalnych zasad równości i niedyskryminacji mógłby odegrać kluczową rolę w przeciwdziałaniu przestępstwom wynikającym z uprzedzeń, jednakże tak istotne zmiany powinny zapewnić adekwatność, efektywność oraz zgodność z konstytucyjnymi prawami obywateli.",['Appeal_to_Values'],['Justification'],False,True,False,False,False,False,"Проєкт закону, що розглядається, у світлі фундаментальних принципів рівності та недискримінації міг би відіграти ключову роль у протидії злочинам, що виникають через упередження, проте такі важливі зміни повинні забезпечити адекватність, ефективність та відповідність конституційним правам громадян."
pl_defence_07_03_2025_n03.txt,1809,1928,"Dzisiaj ten czas, który można by określić jako czas strategii, składa się z dobrych inicjatyw politycznych i działania.",[],[],False,False,False,False,False,False,"Сьогодні цей час, який можна визначити як час стратегії, складається з добрих політичних ініціатив та дій."
pl_current_affairs_09_01_2025_n02.txt,1132,1185,Wicemarszałek Włodzimierz Czarzasty: Bardzo dziękuję.,[],[],False,False,False,False,False,False,Віцемаршалок Влодзімеж Чарзастий: Дуже дякую.
pl_current_affairs_09_01_2025_n03.txt,634,765,"Natomiast dlaczego pani partia się chwali w mediach społecznościowych, że to wy zablokowaliście Siarzewo, że to jest wasza zasługa?",['Appeal_to_Hypocrisy'],['Attack_on_Reputation'],True,False,False,False,False,False,"Проте, чому ваша партія хвалиться в соціальних мережах, що саме ви заблокували Сіаржево, що це ваша заслуга?"
pl_abortion_11_04_2024_n05.txt,2579,2618,Trzecia Droga jest otwarta na dyskusję.,[],[],False,False,False,False,False,False,Третій Шлях відкритий до обговорення.
pl_abortion_11_04_2024_n13.txt,2690,2724,To jest cel najgorszy z możliwych.,"['Slogans', 'Repetition']","['Call', 'Manipulative_Wording']",False,False,False,False,True,True,Це найгірша з можливих цілей.
pl_defence_22_05_2024_n03.txt,3933,4022,"Agencja Uzbrojenia wręcz czasami mówi takie dziwne rzeczy, że po prostu włosy dęba stają.","['Loaded_Language', 'Questioning_the_Reputation']","['Attack_on_Reputation', 'Manipulative_Wording']",True,False,False,False,False,True,"Агентство озброєнь іноді говорить такі дивні речі, що просто волосся стає дибки."
pl_abortion_11_04_2024_n05.txt,2785,3005,"Dlatego, moi drodzy, zachęcam wszystkie partie do tego, aby poparły kwestię procedowania wszystkich ustaw, dlatego że mądry polityk słucha zarówno lewej, jak i prawej strony, też różnych skrajności i sam wyciąga wnioski.",['Appeal_to_Values'],['Justification'],False,True,False,False,False,False,"Тому, мої дорогі, я закликаю всі партії підтримати питання розгляду всіх законів, бо мудрий політик слухає як ліву, так і праву сторону, а також різні крайнощі і сам робить висновки."
pl_abortion_11_04_2024_n06.txt,3465,3496,Poseł Monika Rosa: Panie Pośle!,[],[],False,False,False,False,False,False,Депутат Моніка Роза: Пане депутате!
pl_defence_07_03_2025_n04.txt,5884,6026,"To wybrzmiało wczoraj podczas szczytu w Brukseli, ale również podczas szczytów w Londynie czy w Paryżu, gdzie twardo bronimy swoich interesów.",['Loaded_Language'],['Manipulative_Wording'],False,False,False,False,False,True,"Це прозвучало вчора під час саміту в Брюсселі, але також під час самітів у Лондоні чи Парижі, де ми твердо захищаємо свої інтереси."
pl_defence_22_05_2024_n04.txt,3434,3601,"W swoim przemówieniu, które miało charakter aktu strzelistego, zwłaszcza w pierwszej części, postawił pan kilka śmiałych tez i stwierdził pan, że są one bezdyskusyjne.",['Loaded_Language'],['Manipulative_Wording'],False,False,False,False,False,True,"У своїй промові, яка мала характер акту стрілецького, особливо в першій частині, ви поставили кілька сміливих тез і заявили, що вони є бездискусійними."
pl_abortion_11_04_2024_n03.txt,8778,8885,"I nic to, że podjęliśmy w Sejmie taką uchwałę, bo dzisiaj lekarze niestety nadal tego wyroku przestrzegają.",[],[],False,False,False,False,False,False,"І нічого, що ми прийняли таку постанову в Сеймі, бо сьогодні лікарі, на жаль, все ще дотримуються цього вироку."
pl_current_affairs_09_01_2025_n02.txt,1186,1256,"Żegnam młodzież nieprzywitaną, ale przynajmniej zostaniecie pożegnani.",[],[],False,False,False,False,False,False,"Прощаюся з молоддю, яку не привітали, але принаймні вас попрощають."
pl_eu_03_04_2025_n06.txt,529,759,"W pkt 48 konkluzji stwierdza się, że należy przeprowadzić niezbędne wewnętrzne prace przygotowawcze i reformy, by zrealizować długoterminowy rozwój samej Unii, a prace te powinny przebiegać równolegle z procesem rozszerzenia Unii.",[],[],False,False,False,False,False,False,"У пункті 48 висновків зазначено, що необхідно провести необхідні внутрішні підготовчі роботи та реформи для реалізації довгострокового розвитку самого Союзу, і ці роботи повинні відбуватися паралельно з процесом розширення Союзу."
pl_abortion_11_04_2024_n03.txt,6689,6872,"Od 1992 r. działała Federacja na rzecz Kobiet i Planowania Rodziny, która pomaga kobietom do dzisiaj, kobietom, które potrzebują albo chcą przerwać ciążę, także w polskich szpitalach.",['Flag_Waving'],['Justification'],False,True,False,False,False,False,"З 1992 року діяла Федерація на підтримку жінок та планування сім'ї, яка допомагає жінкам до сьогодні, жінкам, які потребують або хочуть перервати вагітність, також у польських лікарнях."
pl_defence_22_05_2024_n02.txt,6822,6888,Czas ma dla Polski w dziedzinie obronności znaczenie strategiczne.,[],[],False,False,False,False,False,False,Час має для Польщі в галузі оборони стратегічне значення.
pl_abortion_11_04_2024_n02.txt,3095,3308,"To sprawia, że lekarze nie uczą się o tym, jak przeprowadzać aborcję, nie mają praktyki, nie wiedzą, jak to się robi, i kiedy stają wobec takiej sytuacji, że mają przerwać ciążę, to się boją, próbują tego uniknąć.",['Causal_Oversimplification'],['Simplification'],False,False,False,True,False,False,"Це означає, що лікарі не навчаються, як проводити аборт, не мають практики, не знають, як це робити, і коли стикаються з ситуацією, коли потрібно перервати вагітність, вони бояться, намагаються цього уникнути."
pl_defence_07_03_2025_n08.txt,99,137,Poseł Marek Jakubiak: Panie Marszałku!,[],[],False,False,False,False,False,False,Депутат Марек Якуб'як: Пане Маршалку!
pl_statements_20_02_2025_n01.txt,5198,5418,"Według Światowej Organizacji Zdrowia depresja to czwarta najpoważniejsza choroba na świecie i jedna z głównych przyczyn samobójstw, a szacuje się, że do 2030 r. depresja będzie najczęściej występującą chorobą na świecie.",[],[],False,False,False,False,False,False,"Згідно з даними Всесвітньої організації охорони здоров'я, депресія є четвертою за серйозністю хворобою у світі та однією з основних причин самогубств, і за оцінками, до 2030 року депресія стане найпоширенішою хворобою у світі."
pl_defence_07_03_2025_n06.txt,144,319,"Polska Lewica w rządzie zwiększa o 150% limit wydatków, które zasilą fundusz bezpieczeństwa i trafią do specjalistów utrzymujących bezpieczeństwo systemów teleinformatycznych.",[],[],False,False,False,False,False,False,"Польська Лівиця в уряді збільшує на 150% ліміт витрат, які поповнять фонд безпеки та надійдуть до фахівців, які підтримують безпеку телекомунікаційних систем."
pl_hate_speech_act_19_12_2024_n01.txt,3335,3500,"Myli się ją często z ograniczaniem wolności i pod takim złudnym płaszczem uważa się, że słowa nie ranią, że słowa nie prowadzą do tragedii, ale jest wręcz odwrotnie.","['Causal_Oversimplification', 'Obfuscation-Vagueness-Confusion']","['Simplification', 'Manipulative_Wording']",False,False,False,True,False,True,"Її часто плутають з обмеженням свободи, і під таким оманливим прикриттям вважають, що слова не ранять, що слова не призводять до трагедії, але насправді все навпаки."
pl_eu_03_04_2025_n07.txt,1361,1387,A w polskim rządzie cisza.,['Doubt'],['Attack_on_Reputation'],True,False,False,False,False,False,У польському уряді тиша.
pl_eu_03_04_2025_n05.txt,4983,5063,"Jest to deklaracja, która zwiększa konkurencyjność europejskich przedsiębiorstw.",[],[],False,False,False,False,False,False,"Це декларація, яка підвищує конкурентоспроможність європейських підприємств."
pl_current_affairs_09_01_2025_n02.txt,6681,6698,Państwo Posłowie!,[],[],False,False,False,False,False,False,Шановні народні депутати!
pl_hate_speech_act_19_12_2024_n04.txt,41,171,"Mówię to do waszego prawicowego obozu. (Gwar na sali, dzwonek) Macie szansę zadośćuczynić wszystkim pokrzywdzonym i poszkodowanym.",['Appeal_to_Pity'],['Distraction'],False,False,True,False,False,False,"Я кажу це вашому правому табору. (Гучний сміх у залі, дзвінок) У вас є шанс відшкодувати всім постраждалим."
pl_defence_22_05_2024_n02.txt,1184,1230,"XX w., kiedy nawet nie było państwa polskiego.",[],[],False,False,False,False,False,False,"XX століття, коли навіть не було польської держави."
pl_abortion_11_04_2024_n06.txt,5647,5680,Tego po prostu nie da się opisać.,[],[],False,False,False,False,False,False,Цього просто неможливо описати.
pl_abortion_11_04_2024_n10.txt,1000,1145,"W przeciwieństwie do mojej przedmówczyni uważam, że kobiety w Polsce zbyt długo czekają na poszanowanie ich praw i możliwość decydowania o sobie.","['Flag_Waving', 'Appeal_to_Time']","['Justification', 'Call']",False,True,False,False,True,False,"На відміну від моєї попередниці, я вважаю, що жінки в Польщі занадто довго чекають на повагу до їхніх прав і можливість самостійно приймати рішення."
pl_hate_speech_act_19_12_2024_n08.txt,7839,7945,Niestety właśnie przez to także w tych kwestiach polskie prawo do tej pory nie nadążało za prawem unijnym.,['Doubt'],['Attack_on_Reputation'],True,False,False,False,False,False,"На жаль, саме через це польське законодавство досі не встигало за законодавством ЄС."
pl_abortion_11_04_2024_n05.txt,2086,2206,Mam poglądy niezwykle liberalne i traktuję tę ustawę jako pierwszy element w dojściu do liberalizacji prawa aborcyjnego.,[],[],False,False,False,False,False,False,Маю надзвичайно ліберальні погляди і вважаю цей закон першим кроком до лібералізації законодавства про аборти.
pl_hate_speech_act_19_12_2024_n03.txt,5020,5046,"Tak, to się akurat zgadza.",[],[],False,False,False,False,False,False,"Так, це якраз збігається."
pl_eu_03_04_2025_n06.txt,268,527,"Wydaje mi się, że gdyby jeszcze wtedy do tego doszły informacje, w jaki sposób zmieni się amerykańska polityka, jaka będzie polityka nowej administracji prezydenta Trumpa, to ten apel o zupełnie nowy ład konkurencyjny w Europie byłby jeszcze bardziej dobitny.",[],[],False,False,False,False,False,False,"Мені здається, що якби тоді до цього додалася інформація про те, як зміниться американська політика, якою буде політика нової адміністрації президента Трампа, то цей заклик до абсолютно нового конкурентного порядку в Європі був би ще більш переконливим."
pl_abortion_11_04_2024_n04.txt,6676,6777,"To rozwiązanie zagwarantuje nam także pokój, bo to decyzja obywatelek i obywateli ma najgłębszy sens.",['Appeal_to_Values'],['Justification'],False,True,False,False,False,False,"Це рішення також забезпечить нам мир, адже це рішення громадянок і громадян має найглибший сенс."
pl_abortion_11_04_2024_n06.txt,848,889,Te aborcje po prostu dzieją się po cichu.,[],[],False,False,False,False,False,False,Ці аборти просто відбуваються тихо.
pl_defence_07_03_2025_n05.txt,4056,4107,Ci sojusznicy pomogli i nie żądali za to pieniędzy.,[],[],False,False,False,False,False,False,Ці союзники допомогли і не вимагали за це грошей.
pl_abortion_11_04_2024_n12.txt,7630,7790,"Po pierwsze, to uczy braku odpowiedzialności, takie myślenie zwalnia mężczyzn z jakiejkolwiek odpowiedzialności, przerzucając pełną odpowiedzialność na kobietę.",['Appeal_to_Fear-Prejudice'],['Justification'],False,True,False,False,False,False,"По-перше, це вчить відсутності відповідальності, таке мислення звільняє чоловіків від будь-якої відповідальності, перекладаючи повну відповідальність на жінку."
pl_defence_07_03_2025_n08.txt,6657,6929,"Żeby te 450 mld dolarów, o których mówił pan premier, było faktycznie sumą, którą możemy dodać do siebie, to te działania muszą być zintegrowane poprzez takie inicjatywy jak bank uzbrojenia, jak parasol ochrony powietrza, jak wspólna ochrona działań np. w formie Frontexu.",[],[],False,False,False,False,False,False,"Щоб ці 450 мільярдів доларів, про які говорив пан прем'єр-міністр, були фактично сумою, яку ми можемо додати до себе, ці дії мають бути інтегровані через такі ініціативи, як банк озброєння, як парасолька повітряного захисту, як спільний захист дій, наприклад, у формі Frontex."
pl_eu_03_04_2025_n04.txt,3446,3516,"Pracę tego plażowicza, pracę polskiej prezydencji w Unii Europejskiej.",['Name_Calling-Labeling'],['Attack_on_Reputation'],True,False,False,False,False,False,"Роботу цього пляжного, роботу польського президентства в Європейському Союзі."
pl_abortion_11_04_2024_n14.txt,3439,3676,"Mam nadzieję, że każdy ze złożonych projektów tzw. ustaw aborcyjnych będzie procedowany i dyskutowany na forum komisji po to, żeby wypracować nowy konsensus prowadzący do liberalizacji obowiązującego dziś, wyjątkowo restrykcyjnego prawa.","['Loaded_Language', 'Doubt']","['Attack_on_Reputation', 'Manipulative_Wording']",True,False,False,False,False,True,"Сподіваюся, що кожен із запропонованих проектів так званих законів про аборти буде розглянутий і обговорений на форумі комісії, щоб виробити новий консенсус, який призведе до лібералізації чинного сьогодні надзвичайно жорсткого законодавства."
pl_current_affairs_09_01_2025_n02.txt,9499,9655,"Nie przeprowadzono dokładnej oceny, jak budowa stopnia wodnego wpłynie na jakość wody w Wiśle, w jej dopływach czy na wyznaczone dla niej cele środowiskowe.",[],[],False,False,False,False,False,False,"Не було проведено точної оцінки, як будівництво шлюзу вплине на якість води у Віслі, її притоках чи на визначені для неї екологічні цілі."
pl_defence_22_05_2024_n02.txt,9527,9551,Co stoi na przeszkodzie?,[],[],False,False,False,False,False,False,Що заважає?
pl_current_affairs_09_01_2025_n02.txt,1539,1646,"W odpowiedzi na pytanie uzupełniające powiem, że łącznie wpłynęły 461 233 wnioski na liczbę 469 379 dzieci.",[],[],False,False,False,False,False,False,"У відповідь на додаткове запитання скажу, що загалом надійшло 461 233 заяв на 469 379 дітей."
pl_abortion_11_04_2024_n08.txt,3093,3136,Dlaczego chcecie pozwolić na ich zabijanie?,['Loaded_Language'],['Manipulative_Wording'],False,False,False,False,False,True,Чому ви хочете дозволити їх вбивати?
pl_eu_03_04_2025_n02.txt,3920,4185,Komisja do Spraw Unii Europejskiej rozpatrzyła informację rządową dotyczącą sprawozdania dla Sejmu i Senatu z udziału w pracach Unii Europejskiej w okresie prezydencji węgierskiej i przedkłada Wysokiej Izbie stosowny projekt uchwały pozytywnie oceniający ten okres.,[],[],False,False,False,False,False,False,"Комісія з питань Європейського Союзу розглянула урядову інформацію щодо звіту перед Сеймом і Сенатом про участь у роботі Європейського Союзу в період угорського головування та подає до Високої Палати відповідний проект резолюції, який позитивно оцінює цей період."
pl_hate_speech_act_19_12_2024_n08.txt,451,471,Wszystkich wyborców.,['Repetition'],['Manipulative_Wording'],False,False,False,False,False,True,Всіх виборців.
pl_statements_20_02_2025_n03.txt,5634,5782,"W powiecie kraśnickim, z którego pochodzę, w gminie Trzydnik Duży likwiduje się urząd pocztowy, przenosi się go do drugiej gminy, gminy Gościeradów.",[],[],False,False,False,False,False,False,"У Красніцькому повіті, звідки я родом, у гміні Тшідник Дужи ліквідують поштове відділення, переносять його до іншої гміни, Гозєрадув."
pl_statements_20_02_2025_n03.txt,7446,7646,"Konkurs był skierowany do uczniów szkół podstawowych, którzy mieli przygotować prace w formie plastycznej, oraz uczniów szkół ponadpodstawowych, którzy mieli przygotować prace w formie multimedialnej.",[],[],False,False,False,False,False,False,"Конкурс був спрямований на учнів початкових шкіл, які мали підготувати роботи у вигляді пластичного мистецтва, та учнів середніх шкіл, які мали підготувати роботи у вигляді мультимедіа."
pl_abortion_11_04_2024_n05.txt,9342,9363,Czas pójść do przodu.,[],[],False,False,False,False,False,False,Настав час рухатися вперед.
pl_defence_22_05_2024_n02.txt,112,161,Poseł Sławomir Mentzen: Szanowny Panie Marszałku!,[],[],False,False,False,False,False,False,Шановний пане Маршалку!
pl_hate_speech_act_19_12_2024_n07.txt,7178,7402,"Oznacza to, że przepisy prawne muszą być projektowane w sposób, który gwarantuje równowagę między ochroną osób narażonych na dyskryminację a prawami wszystkich innych obywateli, w tym wolnością słowa, sumienia czy przekonań.",['Appeal_to_Values'],['Justification'],False,True,False,False,False,False,"Це означає, що правові норми повинні бути розроблені таким чином, щоб забезпечити баланс між захистом осіб, які піддаються дискримінації, та правами всіх інших громадян, включаючи свободу слова, совісті чи переконань."
pl_eu_03_04_2025_n05.txt,8455,8662,"Wydaje mi się, że dobrze byłoby odnieść się w trakcie rozpatrywania naszych sprawozdań do takich elementów jak chociażby ten plan działań zaproponowany przez EBI, bo on wykracza trochę poza zakres informacji.",[],[],False,False,False,False,False,False,"Мені здається, що було б добре звернутися під час розгляду наших звітів до таких елементів, як, наприклад, план дій, запропонований EBI, оскільки він виходить за межі інформації."
pl_eu_03_04_2025_n06.txt,4453,4485,Nie tak się prowadzi dyplomację.,['Doubt'],['Attack_on_Reputation'],True,False,False,False,False,False,Так не ведеться дипломатія.
pl_eu_12_06_2024_n04.txt,10035,10057,Zadbamy o to wszystko.,['Slogans'],['Call'],False,False,False,False,True,False,Ми подбаємо про все.
pl_statements_20_02_2025_n02.txt,5990,6196,"Dzieje polskiego narodu pokazują jasno, że stać nas na realizację naprawdę ambitnych planów, które nie mogą być jednak zaprzepaszczone kłótniami, własnymi małymi interesami czy krótkowzrocznością polityków.",[],[],False,False,False,False,False,False,"Історія польського народу чітко показує, що ми здатні реалізувати справді амбітні плани, які, проте, не можуть бути втрачені через сварки, власні дрібні інтереси чи короткозорість політиків."
pl_defence_07_03_2025_n07.txt,5392,5597,"Nie mamy do czynienia w tym momencie z symetrycznym stosunkiem Stanów Zjednoczonych, jak to padło w tej debacie, tylko z bardzo mocnym przesunięciem przez Stany Zjednoczone swojej pozycji względem Ukrainy.",[],[],False,False,False,False,False,False,"Ми не маємо справи з симетричними відносинами між Сполученими Штатами, як це було сказано в цій дискусії, а лише з дуже сильним зміщенням позиції Сполучених Штатів щодо України."
pl_hate_speech_act_19_12_2024_n07.txt,3609,3788,"Poseł Dariusz Matecki: Zatrzymaliście, pobiliście rolnika, który w następstwie popełnił… (Wicemarszałek wyłącza mikrofon, poseł przemawia przy wyłączonym mikrofonie) …samobójstwo.","['Causal_Oversimplification', 'Loaded_Language']","['Simplification', 'Manipulative_Wording']",False,False,False,True,False,True,"Депутат Даріуш Матецький: Ви затримали, побили фермера, який згодом скоїв… (Віцемаршалок вимикає мікрофон, депутат говорить з вимкненим мікрофоном) …самогубство."
pl_eu_03_04_2025_n01.txt,6487,6633,"Zapewnią one skrojoną na miarę pomoc państwom członkowskim, misjom, operacjom wspólnej polityki bezpieczeństwa i obrony oraz krajom członkowskich.",[],[],False,False,False,False,False,False,"Вони забезпечать індивідуальну допомогу державам-членам, місіям, операціям спільної політики безпеки та оборони, а також країнам-членам."
pl_abortion_11_04_2024_n12.txt,6628,6679,Serdecznie państwa witamy w tym pełnym emocji dniu.,[],[],False,False,False,False,False,False,Щиро вітаємо вас у цей сповнений емоцій день.
pl_statements_20_02_2025_n03.txt,2277,2487,"Prezydentowi Rzeczypospolitej Polskiej i rozkazom Naczelnego Wodza oraz wyznaczonemu przezeń Dowódcy Armii Krajowej będę bezwzględnie posłuszny, a tajemnicy niezłomnie dochowam, cokolwiek by mnie spotkać miało.",[],[],False,False,False,False,False,False,"Президенту Речі Посполитої Польської та наказам Верховного Головнокомандувача, а також призначеному ним Командиру Армії Крайової я буду беззастережно підкорятися, а таємницю збережу непохитно, що б зі мною не сталося."
pl_eu_12_06_2024_n04.txt,3797,3946,"Czasy, w których będziemy organizować polską prezydencję, są o wiele trudniejsze z punktu widzenia bezpieczeństwa, są o wiele bardziej niebezpieczne.",['Appeal_to_Fear-Prejudice'],['Justification'],False,True,False,False,False,False,"Часи, в які ми будемо організовувати польське головування, набагато складніші з точки зору безпеки, набагато небезпечніші."
pl_current_affairs_09_01_2025_n02.txt,10258,10562,"Mogę tylko w tym miejscu przypomnieć, że również pod nadzorem tego samego ministra odpowiedzialnego za gospodarkę wodną i tego samego rządu kilka innych inwestycji w obszarze gospodarki wodnej było przygotowane z równą dbałością o jakość i przestrzeganie prawa, czyli bez dbałości o przestrzeganie prawa.","['Questioning_the_Reputation', 'Appeal_to_Values']","['Attack_on_Reputation', 'Justification']",True,True,False,False,False,False,"Можу лише в цьому місці нагадати, що також під наглядом того ж міністра, відповідального за управління водними ресурсами, та того ж уряду кілька інших інвестицій у сфері управління водними ресурсами були підготовлені з однаковою увагою до якості та дотримання закону, тобто без уваги до дотримання закону."
pl_defence_22_05_2024_n01.txt,6330,6436,"A to wszystko, co jest kwintesencją koalicji 13 grudnia, skoncentrowane jest właśnie na pedagogice wstydu.","['Questioning_the_Reputation', 'Name_Calling-Labeling']",['Attack_on_Reputation'],True,False,False,False,False,False,"І все це, що є квінтесенцією коаліції 13 грудня, зосереджено саме на педагогіці сорому."
pl_defence_22_05_2024_n01.txt,5207,5338,"Zlikwidowaliście jednostki wojskowe, sprzęt był postsowiecki, nie było części do tego sprzętu, dlatego że były produkowane w Rosji.","['Questioning_the_Reputation', 'Name_Calling-Labeling']",['Attack_on_Reputation'],True,False,False,False,False,False,"Ви ліквідували військові підрозділи, обладнання було пострадянським, запчастин до цього обладнання не було, оскільки вони вироблялися в Росії."
pl_eu_03_04_2025_n07.txt,982,1144,"Bo jest cisza, ale pan minister Siekierski ostatnio przyznał, że może pod pewnymi warunkami będzie za tydzień w Brukseli spotkanie Rady Stowarzyszenia UE–Ukraina.",[],[],False,False,False,False,False,False,"Бо є тиша, але пан міністр Сєкєрський нещодавно визнав, що, можливо, за певних умов, через тиждень у Брюсселі відбудеться зустріч Ради Асоціації ЄС–Україна."
pl_abortion_11_04_2024_n10.txt,7498,7758,"(Poseł Witold Tumanowicz: Od samego początku był tutaj transparent przy samej mównicy i ja chciałbym bardzo zapytać o to, czy rzeczywiście będą tutaj równi i równiejsi i czy rzeczywiście będziemy przy każdym kolejnym punkcie mogli przynosić sobie transparenty.",['Doubt'],['Attack_on_Reputation'],True,False,False,False,False,False,"(Депутат Вітольд Тумановіч: З самого початку тут був транспарант біля трибуни, і я хотів би дуже запитати, чи справді тут будуть рівні та більш рівні, і чи справді ми зможемо приносити транспаранти на кожному наступному пункті."
pl_abortion_11_04_2024_n05.txt,7453,7569,"Prawa człowieka są zapisane w konstytucji. (Oklaski) Prawo do decydowania o sobie, o swoim ciele jest fundamentalne.",['Appeal_to_Values'],['Justification'],False,True,False,False,False,False,"Права людини записані в конституції. (Оплески) Право вирішувати за себе, за своє тіло є фундаментальним."
pl_abortion_11_04_2024_n03.txt,1353,1448,Czy aby na pewno warto w tym trwać? „Sumienie” to słowo odmienia- ne przez wszystkie przypadki.,['Appeal_to_Values'],['Justification'],False,True,False,False,False,False,"Чи справді варто в цьому продовжувати? «Сумління» – це слово, яке змінюється в усіх відмінках."
pl_hate_speech_act_19_12_2024_n09.txt,5361,5414,"Pani posłanka Małgorzata Tracz, Koalicja Obywatelska.",[],[],False,False,False,False,False,False,"Пані посол Малгожата Трач, Громадянська коаліція."
pl_defence_07_03_2025_n05.txt,867,987,"Jako pierwsi pokazaliśmy, że czasy romantyczne już się skończyły, że zaczęły się czasy pozytywistycznej, ciężkiej pracy.",['Loaded_Language'],['Manipulative_Wording'],False,False,False,False,False,True,"Ми першими показали, що романтичні часи вже закінчилися, що почалися часи позитивістської, важкої праці."
pl_defence_07_03_2025_n05.txt,6041,6181,"Tylko że tematem naszej dzisiejszej debaty jest bezpieczeństwo, a to nie jest tylko armia, to nie jest tylko wojsko, to nie są tylko armaty.",['Repetition'],['Manipulative_Wording'],False,False,False,False,False,True,"Тільки що темою нашої сьогоднішньої дискусії є безпека, а це не тільки армія, це не тільки військо, це не тільки гармати."
pl_hate_speech_act_19_12_2024_n03.txt,2370,2579,"Według ministra sprawiedliwości porządek publiczny naruszać ma np. to, że jeśli ktoś stwierdzi, że są dwie płcie, a nie nieograniczona liczba, narusza tym samym porządek publiczny i powinien odpowiadać karnie.",['Straw_Man'],['Distraction'],False,False,True,False,False,False,"Згідно з міністром юстиції, порушення громадського порядку відбувається, наприклад, коли хтось стверджує, що існує дві статі, а не необмежена кількість. У такому разі, порушення громадського порядку є кримінальним злочином."
pl_defence_07_03_2025_n01.txt,3259,3322,"Pan premier Tusk mówi jedno, a od lat robi dokładnie odwrotnie.",['Appeal_to_Hypocrisy'],['Attack_on_Reputation'],True,False,False,False,False,False,"Пан прем'єр Туск говорить одне, а роками робить зовсім протилежне."
pl_eu_12_06_2024_n03.txt,1651,1837,"Druga rzecz, która wymaga wyjaśnienia ze strony pana ministra i rządu, to wrzutka, która się pojawiła, czyli wpisanie do ustawy związanej z prezydencją zmiany ustawy o elektromobilności.",['Loaded_Language'],['Manipulative_Wording'],False,False,False,False,False,True,"Друга річ, яка потребує пояснення з боку пана міністра та уряду, – це інформація, яка з’явилася, тобто внесення змін до закону про електромобілі в закон, пов’язаний з президентством."
pl_eu_12_06_2024_n02.txt,2006,2111,"Wicemarszałek Włodzimierz Czarzasty: Bardzo proszę pana posła Patryka Jaskulskiego, Koalicja Obywatelska.",[],[],False,False,False,False,False,False,"Віцемаршалок Влодзімеж Чарзастий: Дуже прошу пана депутата Патрика Яскульського, Коаліція Громадянська."
pl_eu_03_04_2025_n03.txt,9203,9278,"Można Orbána krytykować, ale w trakcie węgierskiej prezydencji to osiągnął.",[],[],False,False,False,False,False,False,"Можна критикувати Орбана, але під час угорського головування він цього досяг."
pl_defence_22_05_2024_n01.txt,8655,8739,"To była sytuacja, w której nie można było pójść naprzód, więc udrożniłem te procesy.",['Obfuscation-Vagueness-Confusion'],['Manipulative_Wording'],False,False,False,False,False,True,"Це була ситуація, коли не можна було рухатися вперед, тому я розблокував ці процеси."
pl_current_affairs_09_01_2025_n03.txt,6738,7026,"Czy to była biurokratyczna mordęga, czy brak finansów, czy też odpowiedzialni za to byli ci ludzie, mówię o panu Macierewiczu i panu Misiewiczu, którzy wtedy zajmowali się innymi sprawami, czyli atakami na centrum kontrwywiadowcze NATO w Warszawie albo zrywaniem kontraktu na helikoptery?","['Loaded_Language', 'Doubt']","['Attack_on_Reputation', 'Manipulative_Wording']",True,False,False,False,False,True,"Чи це була бюрократична морока, чи брак фінансування, чи також відповідальні за це були ті люди, кажу про пана Мацеревича та пана Місевича, які тоді займалися іншими справами, тобто атаками на центр контррозвідки НАТО у Варшаві або розривом контракту на гелікоптери?"
pl_abortion_11_04_2024_n08.txt,7876,7956,"Poseł Przemysław Wipler: Przepraszam, pani marszałek, jeszcze tylko jedna rzecz.",[],[],False,False,False,False,False,False,"Депутат Пшемислав Віплер: Вибачте, пані маршалку, ще тільки одна річ."
pl_defence_07_03_2025_n06.txt,8191,8298,"Dlatego że raz poniesione wydatki na obronność w kolejnych latach przynoszą tylko większe, kolejne wydatki.",['Consequential_Oversimplification'],['Simplification'],False,False,False,True,False,False,"Тому що витрати на оборону, понесені один раз, у наступні роки приносять лише більші, наступні витрати."
pl_abortion_11_04_2024_n02.txt,3430,3709,"I właśnie to spychanie aborcji do sfery świata kryminalnego doprowadziło do śmierci Izy z Pszczyny, doprowadziło do śmierci Doroty z Nowego Targu i innych młodych kobiet, które miały przed sobą całe życie, które miały małe dzieci, które mogły dalej żyć i wychowywać swoje dzieci.","['Causal_Oversimplification', 'Loaded_Language', 'Appeal_to_Values']","['Justification', 'Simplification', 'Manipulative_Wording']",False,True,False,True,False,True,"Саме це витіснення абортів у сферу кримінального світу призвело до смерті Ізи з Пщини, призвело до смерті Дороти з Нового Таргу та інших молодих жінок, які мали перед собою все життя, які мали маленьких дітей, які могли далі жити та виховувати своїх дітей."
pl_abortion_11_04_2024_n12.txt,7175,7261,"Ile domów samotnej matki, świetlic terapeutycznych prowadzą organizacje feministyczne?","['Appeal_to_Hypocrisy', 'Doubt']",['Attack_on_Reputation'],True,False,False,False,False,False,Скільки будинків для самотніх матерів та терапевтичних центрів керують феміністичні організації?
pl_hate_speech_act_19_12_2024_n02.txt,7468,7583,"Powiedzą państwo, że to wydumany problem, że problem nie istnieje, ale wszystkie badania i statystyki temu przeczą.",['Appeal_to_Popularity'],['Justification'],False,True,False,False,False,False,"Скажете, що це вигадана проблема, що проблеми не існує, але всі дослідження та статистика спростовують це."
pl_eu_03_04_2025_n01.txt,3411,3668,"Tutaj warto podkreślić, że w czasie prezydencji węgierskiej kształtowała się nowa Komisja Europejska i w czasie tych miesięcy – od lipca do grudnia zeszłego roku – Polska uzyskała niezwykle ważną tekę w Komisji Europejskiej: tekę komisarza do spraw budżetu.",[],[],False,False,False,False,False,False,"Тут варто підкреслити, що під час угорського головування формувалася нова Європейська комісія, і протягом цих місяців – з липня до грудня минулого року – Польща отримала надзвичайно важливу посаду в Європейській комісії: посаду комісара з питань бюджету."
pl_defence_22_05_2024_n02.txt,5955,6107,"Musimy mieć w krótkim czasie co najmniej kilkaset tysięcy przeszkolonych rezerw, czyli co najmniej 3% populacji Polaków, którzy broniliby 97% obywateli.",['Appeal_to_Time'],['Call'],False,False,False,False,True,False,"Нам потрібно мати протягом короткого часу щонайменше кілька сотень тисяч навчених резервістів, тобто щонайменше 3% населення поляків, які б захищали 97% громадян."
pl_defence_22_05_2024_n04.txt,437,599,"Pan premier mówił też o znaczeniu dronów w wojnie w Ukrainie i o tym, że planowane jest utworzenie wojsk bezzałogowych i wyposażenie w drony wszystkich jednostek.",[],[],False,False,False,False,False,False,"Прем'єр-міністр також говорив про важливість дронів у війні в Україні та про те, що планується створення безпілотних військ та оснащення дронами всіх підрозділів."
pl_defence_07_03_2025_n03.txt,4963,5061,"Nawet jeżeli ten kraj jest mniejszy, nawet jeżeli ten kraj jest mały jak Litwa, Łotwa czy Estonia.",[],[],False,False,False,False,False,False,"Навіть якщо ця країна менша, навіть якщо ця країна маленька, як Литва, Латвія чи Естонія."
pl_abortion_11_04_2024_n13.txt,4401,4471,"Zapraszam panią posłankę Alicję Łepkowską-Gołaś, Koalicja Obywatelska.",[],[],False,False,False,False,False,False,"Запрошую пані депутатку Аліцію Лепковську-Ґоляс, Коаліція Громадянська."
pl_defence_07_03_2025_n02.txt,157,195,"Tak, chcemy jedności euroatlantyckiej.",['Slogans'],['Call'],False,False,False,False,True,False,"Так, ми хочемо євроатлантичної єдності."
pl_hate_speech_act_19_12_2024_n07.txt,6187,6258,Personel nie przyjmuje tej argumentacji i wyprasza mężczyznę z obiektu.,['Straw_Man'],['Distraction'],False,False,True,False,False,False,Персонал не приймає цю аргументацію і випроводить чоловіка з об'єкта.
pl_defence_07_03_2025_n01.txt,5133,5219,"Tyle wam zajęło, żebyście teraz oklaskiwali te same słowa, tylko z ust waszego lidera.",['Appeal_to_Hypocrisy'],['Attack_on_Reputation'],True,False,False,False,False,False,"Ось скільки часу вам знадобилося, щоб аплодувати тим самим словам, але вже з вуст вашого лідера."
pl_eu_03_04_2025_n08.txt,5608,5800,"Muszę powiedzieć, że jestem zaskoczony, ale i zniesmaczony słowami pana posła Szymona Szynkowskiego vel Sęka, że nie zgadza się z częścią polityki Węgier, że ta podróż do Moskwy była niedobra.",['Loaded_Language'],['Manipulative_Wording'],False,False,False,False,False,True,"Мушу сказати, що я здивований, але й обурений словами пана депутата Шимона Шинковського вель Сека, що він не погоджується з частиною політики Угорщини, що ця подорож до Москви була поганою."
pl_abortion_11_04_2024_n06.txt,7264,7366,"Nie chcemy tych setek tysięcy kobiet, które będą wychodziły w obronie naszego zdrowia i naszego życia.",['Appeal_to_Values'],['Justification'],False,True,False,False,False,False,"Ми не хочемо цих сотень тисяч жінок, які виходитимуть на захист нашого здоров'я та нашого життя."
pl_abortion_11_04_2024_n09.txt,4849,4950,Poseł Jarosław Sachajko: Czy to rzeczywiście jest prawo kobiety do pozbawienia życia swojego dziecka?,"['Consequential_Oversimplification', 'Appeal_to_Fear-Prejudice']","['Justification', 'Simplification']",False,True,False,True,False,False,Депутат Ярослав Сахайко: Чи це справді є право жінки на позбавлення життя своєї дитини?
pl_abortion_11_04_2024_n12.txt,2285,2411,"Kompletnie bez znaczenia jest, czy te kobiety byłyby wierzące czy niewierzące, bo wasza wiara ogranicza tylko was, a nie mnie.","['Conversation_Killer', 'Exaggeration-Minimisation']","['Call', 'Manipulative_Wording']",False,False,False,False,True,True,"Зовсім не має значення, чи ці жінки були б віруючими чи невіруючими, бо ваша віра обмежує лише вас, а не мене."
pl_defence_07_03_2025_n07.txt,6700,6898,"Ale konieczne jest także pożegnanie się ze złudzeniem, że zawsze przyjedzie kawaleria z drugiej strony oceanu i wszystkie problemy obronne rozwiąże za nas, bo to już się po prostu może nie wydarzyć.","['Exaggeration-Minimisation', 'Loaded_Language']",['Manipulative_Wording'],False,False,False,False,False,True,"Але необхідно також попрощатися з ілюзією, що завжди приїде кавалерія з іншого боку океану і вирішить усі наші оборонні проблеми, бо це вже може не статися."
pl_hate_speech_act_19_12_2024_n03.txt,3688,3748,Ale według ministra przestępstwa nie wypełniają swojej roli.,[],[],False,False,False,False,False,False,"Але, за словами міністра, злочини не виконують своєї ролі."
pl_hate_speech_act_19_12_2024_n07.txt,3480,3535,"Zatrzymaliście człowieka, który pisał o powodzi prawdę.",['Questioning_the_Reputation'],['Attack_on_Reputation'],True,False,False,False,False,False,"Ви затримали людину, яка писала правду про повінь."
pl_defence_07_03_2025_n03.txt,0,72,I dlatego nieprzypadkiem dzisiaj wraca tutaj nazwisko pani poseł Pamuły.,[],[],False,False,False,False,False,False,І тому не випадково сьогодні тут знову згадується ім'я пані посла Памкули.
pl_eu_12_06_2024_n04.txt,6158,6454,"Czy państwo zdajecie sobie sprawę, że od 2016 r. rząd PiS-u, organizując duże wydarzenie na terenie naszego kraju, wprowadził pomysł uchwalania specjalnych ustaw w celu organizacji tych wydarzeń i że głównym rozstrzygnięciem w ramach tych specjalnych ustaw było zwolnienie z zamówień publicznych?","['Appeal_to_Hypocrisy', 'Repetition']","['Attack_on_Reputation', 'Manipulative_Wording']",True,False,False,False,False,True,"Чи розумієте ви, що з 2016 року уряд PiS, організовуючи великі заходи на території нашої країни, запровадив ідею ухвалення спеціальних законів для організації цих заходів, і що головним рішенням у рамках цих спеціальних законів було звільнення від державних закупівель?"
pl_current_affairs_09_01_2025_n02.txt,4485,4545,Bardzo proszę panią poseł Joannę Borowiak o zadanie pytania.,[],[],False,False,False,False,False,False,Дуже прошу пані депутатку Йоанну Боров'як поставити запитання.
pl_abortion_11_04_2024_n06.txt,5725,5816,"Lekarze boją się przeprowadzać aborcje, nawet kiedy zdrowie i życie kobiety jest zagrożone.","['Appeal_to_Pity', 'Appeal_to_Fear-Prejudice']","['Justification', 'Distraction']",False,True,True,False,False,False,"Лікарі бояться проводити аборти, навіть коли здоров'ю та життю жінки загрожує небезпека."
pl_defence_07_03_2025_n01.txt,1251,1330,"Ale w sensie takim taktycznym wielka, geopolityczna zmiana dzieje się od 4 lat.",[],[],False,False,False,False,False,False,"Але в такому тактичному сенсі велика, геополітична зміна відбувається вже 4 роки."
pl_abortion_11_04_2024_n08.txt,6829,6990,"My w Konfederacji nie mamy w sprawach ideowych, w sprawach, o których tutaj mówimy, dyscypliny, bo dyscypliny mieć nie musimy. (Oklaski) (Głos z sali: Tak jest.)",[],[],False,False,False,False,False,False,"Ми в Конфедерації не маємо дисципліни в ідеологічних питаннях, про які тут йдеться, бо дисципліни нам не потрібно. (Оплески) (Голос із залу: Так і є.)"
pl_defence_22_05_2024_n04.txt,7542,7573,Witam was serdecznie. (Oklaski),[],[],False,False,False,False,False,False,Вітаю вас сердечно. (Оплески)
pl_defence_07_03_2025_n02.txt,1772,1941,"Na koniec warto zacytować ojca naszej niepodległości, marszałka Józefa Piłsudskiego, bo wydaje mi się, że te słowa dobrze pasują: Podczas kryzysów strzeżcie się agentur.","['Slogans', 'Appeal_to_Authority']","['Justification', 'Call']",False,True,False,False,True,False,"Насамкінець варто процитувати батька нашої незалежності, маршала Юзефа Пілсудського, бо мені здається, що ці слова добре підходять: Під час криз остерігайтеся агентур."
pl_eu_03_04_2025_n05.txt,5064,5220,"Wskazywaliśmy w trakcie prezydencji, że rozwój gospodarczy jest kluczowy i dalsze pogłębianie rynku wewnętrznego, m.in. w obszarze usług, jest bardzo ważne.",[],[],False,False,False,False,False,False,"Ми вказували під час головування, що економічний розвиток є ключовим, і подальше поглиблення внутрішнього ринку, зокрема в сфері послуг, є дуже важливим."
pl_defence_22_05_2024_n03.txt,1622,1736,"Otóż, proszę państwa, cała ta sytuacja związana jest prawdopodobnie z rozrostem biurokratycznym państwa polskiego.",['Doubt'],['Attack_on_Reputation'],True,False,False,False,False,False,"Отже, панове, вся ця ситуація, ймовірно, пов'язана з розростанням бюрократії польської держави."
pl_statements_20_02_2025_n04.txt,3349,3450,"Zapewne część z tych likwidacji była uzasadniona (Dzwonek), wynikała z kończących się pokładów węgla.",[],[],False,False,False,False,False,False,"Напевно, частина цих ліквідацій була обґрунтована (Дзвоник), випливала з закінчення запасів вугілля."
pl_hate_speech_act_19_12_2024_n10.txt,478,576,Wykorzystywanie ludzkich tragedii do realizacji swoich politycznych celów jest wyjątkowo haniebne.,"['Loaded_Language', 'Questioning_the_Reputation']","['Attack_on_Reputation', 'Manipulative_Wording']",True,False,False,False,False,True,Використання людських трагедій для досягнення своїх політичних цілей є надзвичайно ганебним.
pl_abortion_11_04_2024_n14.txt,3080,3170,"Zapraszam panią poseł Elżbietę Burkiewicz, Klub Parlamentarny Polska 2050 – Trzecia Droga.",[],[],False,False,False,False,False,False,"Запрошую пані посол Ельжбєту Буркевич, Парламентський клуб «Польща 2050 – Третя Дорога»."
pl_defence_22_05_2024_n01.txt,10397,10425,Historia vitae magistra est.,['Slogans'],['Call'],False,False,False,False,True,False,Історія – вчителька життя.
pl_defence_07_03_2025_n04.txt,2767,2833,O tym pamiętajmy i tę prawdę nieśmy i przypominajmy także Ameryce.,[],[],False,False,False,False,False,False,"Пам'ятаймо про це і поширюймо цю правду, а також нагадуймо про неї Америці."
pl_abortion_11_04_2024_n14.txt,545,667,"Debatujemy obecnie nad czterema ustawami, którym możemy nadać jeden wspólny tytuł: o legalnym zabijaniu dziecka poczętego.","['Loaded_Language', 'Appeal_to_Pity']","['Distraction', 'Manipulative_Wording']",False,False,True,False,False,True,"Ми зараз обговорюємо чотири закони, яким можемо дати одну спільну назву: про законне вбивство зачатої дитини."
pl_eu_03_04_2025_n04.txt,5838,5886,Taka to była skuteczna polityka premiera Orbána.,['Doubt'],['Attack_on_Reputation'],True,False,False,False,False,False,Ось така була ефективна політика прем'єр-міністра Орбана.
pl_eu_03_04_2025_n02.txt,4186,4486,Rząd jest zobowiązany do przedłożenia półrocznego sprawozdania na podstawie art. 3 ust. 1 ustawy z dnia 8 października 2010 r. o współpracy Rady Ministrów z Prezydentem Rzeczypospolitej Polskiej oraz Sejmem i Senatem w sprawach związanych z członkostwem Rzeczypospolitej Polskiej w Unii Europejskiej.,[],[],False,False,False,False,False,False,"Уряд зобов'язаний подати піврічний звіт на підставі ст. 3 п. 1 Закону від 8 жовтня 2010 р. про співпрацю Ради Міністрів з Президентом Республіки Польща та Сеймом і Сенатом у справах, пов'язаних з членством Республіки Польща в Європейському Союзі."
pl_current_affairs_09_01_2025_n01.txt,2229,2560,"Mam więc pytanie do pani minister, ile wniosków o to świadczenie zostało złożonych w ubiegłym roku, w roku 2024, ile wniosków zostało rozpatrzonych pozytywnie i zostało sfinalizowanych, tzn. rodzice otrzymali te pieniądze, a ile jeszcze nadal jest nierozpatrzonych i rodzice czekają na pieniądze, i z czego wynika takie opóźnienie.",[],[],False,False,False,False,False,False,"Отже, у мене є запитання до пані міністерки: скільки заяв на цю допомогу було подано минулого року, у 2024 році, скільки заяв було розглянуто позитивно та завершено, тобто батьки отримали ці гроші, а скільки ще залишається нерозглянутих і батьки чекають на гроші, і чим викликане таке запізнення."
pl_current_affairs_09_01_2025_n03.txt,3399,3487,"Projekt powstał 4 lata po gigantycznej suszy, która nawiedziła Polskę w 2015 r., 2016 r.",['Doubt'],['Attack_on_Reputation'],True,False,False,False,False,False,"Проект було створено через 4 роки після гігантської посухи, яка вразила Польщу у 2015 році, 2016 році."
pl_defence_07_03_2025_n06.txt,5456,5550,"Ale skoro jesteście do tego, jak się wydaje, nastawieni entuzjastycznie, to konkretne pytania.",['Appeal_to_Hypocrisy'],['Attack_on_Reputation'],True,False,False,False,False,False,"Але якщо ви до цього, здається, налаштованіenthusiastically, то конкретні питання."
pl_defence_07_03_2025_n08.txt,7320,7357,Tylko podzielmy je na dwie kategorie.,[],[],False,False,False,False,False,False,Тільки поділимо їх на дві категорії.
pl_defence_07_03_2025_n01.txt,5562,5703,Tymczasem sytuacja jest szalenie poważna i wymaga konsekwentnej determinacji w budowie fundamentów polskiej polityki zagranicznej i obronnej.,"['Flag_Waving', 'Appeal_to_Fear-Prejudice']",['Justification'],False,True,False,False,False,False,Тим часом ситуація надзвичайно серйозна і вимагає послідовної рішучості у створенні основ польської зовнішньої та оборонної політики.
pl_defence_22_05_2024_n03.txt,2957,2992,"Pytam się, dla kogo będą te czołgi.",['Appeal_to_Fear-Prejudice'],['Justification'],False,True,False,False,False,False,"Питаю, для кого будуть ці танки."
pl_current_affairs_09_01_2025_n03.txt,1530,1625,"Sekretarz Stanu w Ministerstwie Klimatu i Środowiska Urszula Zielińska: Pani poseł, odpowiadam.",[],[],False,False,False,False,False,False,"Державний секретар Міністерства клімату та навколишнього середовища Уршуля Зелінська: Пані депутатко, відповідаю."
pl_hate_speech_act_19_12_2024_n01.txt,1818,2258,"Art. 21 Karty Praw Podstawowych Unii Europejskiej stanowi, że zakazana jest wszelka, podkreślam: wszelka dyskryminacja, w szczególności ze względu na płeć, rasę, kolor skóry, pochodzenie etniczne lub społeczne, cechy genetyczne, język, religię lub przekonania, poglądy polityczne lub wszelkie inne poglądy, ale także ze względu na przynależność do mniejszości narodowej, majątek, urodzenie, niepełnosprawność, wiek czy orientację seksualną.","['Appeal_to_Authority', 'Appeal_to_Values', 'Repetition']","['Justification', 'Manipulative_Wording']",False,True,False,False,False,True,"Стаття 21 Хартії основних прав Європейського Союзу стверджує, що будь-яка дискримінація заборонена, особливо за ознаками статі, раси, кольору шкіри, етнічного чи соціального походження, генетичних ознак, мови, релігії чи переконань, політичних чи будь-яких інших поглядів, а також за ознаками належності до національної меншини, майнового стану, народження, інвалідності, віку чи сексуальної орієнтації."
pl_eu_03_04_2025_n05.txt,6416,6513,"Chciałbym jednak skoncentrować się na nieco innym wątku, nie tylko odnieść się do tej informacji.",[],[],False,False,False,False,False,False,"Я хотів би зосередитися на дещо іншому аспекті, а не лише відреагувати на цю інформацію."
pl_eu_12_06_2024_n01.txt,7050,7057,Do CBA.,['Appeal_to_Hypocrisy'],['Attack_on_Reputation'],True,False,False,False,False,False,До CBA.
pl_defence_07_03_2025_n07.txt,8719,8908,"(Głos z sali: Tak jest w całej Europie.) Nie tylko, ale powiedzmy sobie otwarcie, panie premierze, że Polska jest tutaj narażona na dużo większe ryzyko niż wiele innych krajów europejskich.","['Conversation_Killer', 'Appeal_to_Popularity', 'Appeal_to_Fear-Prejudice']","['Justification', 'Call']",False,True,False,False,True,False,"(Голос із залу: Так є в усій Європі.) Не тільки, але скажемо відверто, пане прем'єр-міністре, що Польща тут піддається більшому ризику, ніж багато інших європейських країн."
pl_current_affairs_09_01_2025_n03.txt,891,1026,Na stronie Wód Polskich pojawił się komunikat mówiący o konieczności ponownej analizy kwestii bezpieczeństwa pod kątem celowości zadań.,[],[],False,False,False,False,False,False,На сайті Wód Polskich з'явилося повідомлення про необхідність повторного аналізу питання безпеки з точки зору доцільності завдань.
pl_abortion_11_04_2024_n06.txt,1276,1429,"To nie nasze sumienia, nie nasza wiara, nie nasze przekonania grają tutaj najważniejszą rolę, ale wola, decyzja, przekonanie każdej, pojedynczej kobiety.",['Appeal_to_Values'],['Justification'],False,True,False,False,False,False,"Це не наше сумління, не наша віра, не наші переконання відіграють тут найважливішу роль, а воля, рішення, переконання кожної, окремої жінки."
pl_statements_20_02_2025_n01.txt,2189,2230,Wyjdźmy ze Światowej Organizacji Zdrowia.,"['Slogans', 'Appeal_to_Popularity']","['Justification', 'Call']",False,True,False,False,True,False,Вийдемо зі Світової організації охорони здоров'я.
pl_defence_22_05_2024_n03.txt,5053,5157,Bardzo proszę pana posła Marcina Ociepę z Klubu Parlamentarnego Prawo i Sprawiedliwość o zabranie głosu.,[],[],False,False,False,False,False,False,"Дуже прошу пана посла Марціна Оцепу з Парламентського клубу ""Право і Справедливість"" взяти слово."
pl_hate_speech_act_19_12_2024_n03.txt,4357,4513,"Jeśli proponowane przepisy wejdą w życie, może się okazać, że rodzice protestujący przeciw indoktrynacji ich dzieci byliby karani za sam fakt protestowania.","['Consequential_Oversimplification', 'Doubt']","['Attack_on_Reputation', 'Simplification']",True,False,False,True,False,False,"Якщо запропоновані правила набудуть чинності, може виявитися, що батьки, які протестують проти ідеологічного впливу на їхніх дітей, будуть покарані лише за сам факт протесту."
pl_statements_20_02_2025_n04.txt,4854,5047,"W tym miejscu chcę wspomnieć o tym, co miało miejsce w 2021 r., gdy jeden z ówczesnych posłów opozycji, obecny minister w rządzie Donalda Tuska powiedział w skandalicznych słowach o katolikach.",['Loaded_Language'],['Manipulative_Wording'],False,False,False,False,False,True,"У цьому місці хочу згадати про те, що сталося у 2021 році, коли один з тодішніх депутатів опозиції, нинішній міністр в уряді Дональда Туска, сказав скандальні слова про католиків."
pl_eu_03_04_2025_n07.txt,5821,5977,"Jest retoryka kryminalizacyjna odnośnie do uchodźców, że każdy uchodźca jest przestępcą, jest złym człowiekiem, że nie wiadomo co może grozić z jego strony.","['Loaded_Language', 'Appeal_to_Fear-Prejudice']","['Justification', 'Manipulative_Wording']",False,True,False,False,False,True,"Існує риторика криміналізації щодо біженців, що кожен біженець є злочинцем, поганою людиною, що невідомо, що може загрожувати з його боку."
pl_defence_07_03_2025_n02.txt,5970,6279,"Jeszcze mówicie po polsku, ale zastanawiam się, w jakim języku myślicie, bo na pewno nie w języku polskim. (Oklaski) Wolna Ukraina i silna Unia Europejska, silna Polska stanowią podstawę polskiej racji stanu, to podstawa naszego bezpieczeństwa, chyba że marzy wam się granica z Rosją od Bałtyku po Bieszczady.","['Flag_Waving', 'Questioning_the_Reputation', 'Appeal_to_Values', 'Appeal_to_Fear-Prejudice']","['Attack_on_Reputation', 'Justification']",True,True,False,False,False,False,"Ви ще говорите польською, але я думаю, якою мовою ви думаєте, бо це точно не польська мова. (Оплески) Вільна Україна та сильна Європейська Унія, сильна Польща є основою польської державної причини, це основа нашої безпеки, хіба що вам сниться кордон з Росією від Балтики до Бещад."
pl_eu_03_04_2025_n03.txt,0,97,"Jak stwierdziłem wcześniej, Polska co do zasady pozytywnie oceniła priorytety prezydencji Węgier.",[],[],False,False,False,False,False,False,"Як я вже зазначав раніше, Польща в принципі позитивно оцінила пріоритети головування Угорщини."
pl_eu_03_04_2025_n03.txt,9279,9331,Czy nam się uda zrobić chociaż tego rodzaju postępy?,['Doubt'],['Attack_on_Reputation'],True,False,False,False,False,False,Чи нам вдасться досягти хоча б такого прогресу?
pl_eu_03_04_2025_n04.txt,7436,7483,I druga kwestia – kwestia polityki migracyjnej.,[],[],False,False,False,False,False,False,Друге питання – питання міграційної політики.
pl_defence_22_05_2024_n02.txt,1681,1701,Nie mamy też rezerw.,['Doubt'],['Attack_on_Reputation'],True,False,False,False,False,False,У нас також немає резервів.
pl_abortion_11_04_2024_n11.txt,657,696,Poseł Mariusz Krystian: Pani Marszałek!,[],[],False,False,False,False,False,False,Депутат Маріуш Кшистіан: Пані Маршалку!
pl_eu_03_04_2025_n04.txt,7484,7658,"Węgry deklarowały podjęcie działań na rzecz powstrzymania nielegalnej imigracji i poprawy bezpieczeństwa granic zewnętrznych Unii Europejskiej, ale nic takiego się nie stało.",[],[],False,False,False,False,False,False,"Угорщина декларувала вжиття заходів для стримування нелегальної імміграції та покращення безпеки зовнішніх кордонів Європейського Союзу, але нічого такого не сталося."
pl_abortion_11_04_2024_n11.txt,2366,2433,"Zapraszam pana posła Włodzisława Gizińskiego, Koalicja Obywatelska.",[],[],False,False,False,False,False,False,"Запрошую пана посла Влодзіслава Ґізінського, Коаліція Громадянська."
pl_abortion_11_04_2024_n09.txt,5553,5571,Bardzo bym prosił.,[],[],False,False,False,False,False,False,Дуже вас прошу.
pl_abortion_11_04_2024_n02.txt,4881,4928,"To jest, proszę państwa, propozycja kompromisu.",[],[],False,False,False,False,False,False,"Це, панове, пропозиція компромісу."
pl_abortion_11_04_2024_n03.txt,7548,7756,"Państwo nie może dzisiaj udawać, że aborcji nie ma, bo aborcje były, są i będą, więc państwo musi zrobić wszystko, żeby aborcja była bezpieczna, dostępna, legalna i żeby odbywała się w odpowiednich warunkach.","['Conversation_Killer', 'Causal_Oversimplification', 'Questioning_the_Reputation']","['Attack_on_Reputation', 'Simplification', 'Call']",True,False,False,True,True,False,"Держава не може сьогодні робити вигляд, що абортів не існує, бо аборти були, є і будуть, тому держава повинна зробити все, щоб аборт був безпечним, доступним, законним і відбувався в належних умовах."
pl_abortion_11_04_2024_n14.txt,2905,2979,Kobiety w Polsce mają prawo do bezpiecznej aborcji. (Dzwonek) Wysoka Izbo!,['Flag_Waving'],['Justification'],False,True,False,False,False,False,Жінки в Польщі мають право на безпечний аборт. (Дзвоник) Високоповажний пане Голово!
pl_eu_12_06_2024_n04.txt,6521,6592,Głównym obszarem tych specustaw było zwolnienie z zamówień publicznych.,"['Questioning_the_Reputation', 'Repetition']","['Attack_on_Reputation', 'Manipulative_Wording']",True,False,False,False,False,True,Основним напрямком цих спецзаконів було звільнення від державних закупівель.
pl_hate_speech_act_19_12_2024_n02.txt,2194,2544,"A jeżeli nadal w tym fundamentalnym momencie będziemy się różnić i będziemy cały czas słyszeć, że wolność słowa powinna być także rozumiana w ten sposób, że u kogokolwiek innego tylko z uwagi na to, że posiada konkretną cechę, może zaistnieć stan zagrożenia, można w stosunku do niego używać przemocy, to znaczy, że jesteśmy w dwóch różnych światach.","['Loaded_Language', 'Obfuscation-Vagueness-Confusion']",['Manipulative_Wording'],False,False,False,False,False,True,"А якщо ми й надалі будемо відрізнятися в цьому фундаментальному питанні і постійно чутимемо, що свобода слова має розумітися так, що у будь-кого іншого, лише через те, що він має певну ознаку, може виникнути загроза, і до нього можна застосовувати насильство, то це означає, що ми живемо в двох різних світах."
pl_statements_20_02_2025_n02.txt,3879,3958,Od ponad roku bez względu na opcję polityczną posłowie oczekują tego dokumentu.,[],[],False,False,False,False,False,False,"Більше року, незалежно від політичної позиції, депутати чекають на цей документ."
pl_eu_03_04_2025_n03.txt,8842,8934,Były negocjacje dotyczące wizji negocjacji w sprawie wspólnej polityki rolnej na przyszłość.,[],[],False,False,False,False,False,False,Відбулися переговори щодо бачення переговорів щодо спільної сільськогосподарської політики на майбутнє.
pl_defence_07_03_2025_n06.txt,7766,7905,"A w Polsce dyskutujemy tak, jakby przyszedł pan zza oceanu albo pan z Brukseli, rzucił nam koraliki, a my jak te małpy mamy tu podskakiwać.","['Exaggeration-Minimisation', 'Loaded_Language', 'Name_Calling-Labeling', 'Straw_Man']","['Attack_on_Reputation', 'Distraction', 'Manipulative_Wording']",True,False,True,False,False,True,"А в Польщі ми дискутуємо так, ніби ви прийшли з-за океану або з Брюсселя, кинули нам намистинки, а ми, як мавпи, маємо тут підскакувати."
pl_abortion_11_04_2024_n14.txt,2086,2204,"Przez blisko 30 lat, trzy dekady, przyszło nam udowadniać, że nie jesteśmy, my, kobiety, fabrykami do rodzenia dzieci.","['Flag_Waving', 'Loaded_Language', 'Repetition']","['Justification', 'Manipulative_Wording']",False,True,False,False,False,True,"Протягом майже 30 років, трьох десятиліть, нам довелося доводити, що ми, жінки, не є фабриками для народження дітей."
pl_defence_22_05_2024_n04.txt,775,936,"Czy ministerstwo inicjuje współpracę polskich jednostek badawczych, uczelni i polskich firm zbrojeniowych w celu wytwarzania nowych jednostek dotyczących dronów?",[],[],False,False,False,False,False,False,"Чи міністерство ініціює співпрацю польських дослідницьких підрозділів, університетів та польських оборонних компаній з метою виробництва нових одиниць, пов'язаних з дронами?"
pl_eu_03_04_2025_n08.txt,7896,8018,"Febronii Gajewskiej-Karamać z Gorzowa Wielkopolskiego, goszczących w Sejmie na zaproszenie pani poseł Krystyny Sibińskiej.",[],[],False,False,False,False,False,False,"Фебронії Гаєвської-Карамач з Гожува Великопольського, які гостювали в Сеймі на запрошення пані депутата Кшистини Сібінської."
pl_defence_07_03_2025_n04.txt,1280,1382,"Nie bójmy się tego zrobić, bo rachunek za szkody wyrządzone przez agresora trzeba wystawić agresorowi.",[],[],False,False,False,False,False,False,"Не біймося цього зробити, бо рахунок за збитки, завдані агресором, потрібно виставити агресору."
pl_hate_speech_act_19_12_2024_n10.txt,6752,7014,"Chcę poinformować Wysoką Izbę, że gdy tylko te przepisy będą przyjęte, to powinni państwo przygotować zarzuty, przygotować akt oskarżenia dla didżeja Nitrasa, dla didżeja Szłapki za tę mowę nienawiści, którą urządzaliście. (Głos z sali: Prawo nie działa wstecz.)","['Conversation_Killer', 'Questioning_the_Reputation', 'Name_Calling-Labeling']","['Attack_on_Reputation', 'Call']",True,False,False,False,True,False,"Хочу повідомити Високу Палату, що як тільки ці положення будуть прийняті, то ви повинні підготувати звинувачення, підготувати обвинувальний акт для діджея Нітраса, для діджея Шлапки за цю мову ненависті, яку ви влаштовували. (Голос з залу: Право не діє заднім числом.)"
pl_defence_07_03_2025_n06.txt,5184,5229,Na jakich zasadach ma być zaciągany eurodług?,"['Name_Calling-Labeling', 'Repetition']","['Attack_on_Reputation', 'Manipulative_Wording']",True,False,False,False,False,True,На яких засадах має бути залучений євроборг?
pl_abortion_11_04_2024_n02.txt,5784,5913,"Ale usłyszcie też te osoby, ich bliskich, którzy chcą wiedzieć, że w sytuacji trudnej, kryzysowej będą mogli swoim bliskim pomóc.","['Appeal_to_Values', 'Repetition']","['Justification', 'Manipulative_Wording']",False,True,False,False,False,True,"Але почуйте також цих людей, їхніх близьких, які хочуть знати, що в складній, кризовій ситуації вони зможуть допомогти своїм близьким."
pl_current_affairs_09_01_2025_n01.txt,6092,6233,"Zatem, jeśli chodzi o świadczenie „aktywni rodzice w pracy”, klasyczne babciowe, to nie wystarczy samo posiadanie dziecka w określonym wieku.",[],[],False,False,False,False,False,False,"Отже, якщо йдеться про послугу «активні батьки на роботі», класичну бабусину, то недостатньо просто мати дитину певного віку."
pl_defence_22_05_2024_n01.txt,3188,3221,"Zlikwidowaliście całą dywizję, 1.",[],[],False,False,False,False,False,False,"Ви ліквідували цілу дивізію, 1."
pl_defence_22_05_2024_n03.txt,2289,2362,"Pan prezes mówi, że nie może tej dokumentacji przedstawić, bo jej nie ma.",[],[],False,False,False,False,False,False,"Пан президент каже, що не може представити цю документацію, бо її немає."
pl_defence_07_03_2025_n01.txt,6684,6773,"A z tej dekady, nie muszę wam przypominać, 8 ostatnich lat to były nasze rządy. (Oklaski)",[],[],False,False,False,False,False,False,"А з цієї декади, не мушу вам нагадувати, 8 останніх років це були наші уряди. (Оплески)"
pl_eu_12_06_2024_n03.txt,993,1105,"Co jest powodem, że po raz kolejny przesuwamy ten termin dotyczący elektromobilności w instytucjach państwowych?",[],[],False,False,False,False,False,False,"Що є причиною того, що ми знову переносимо цей термін, пов'язаний з електромобільністю, в державних установах?"
pl_statements_20_02_2025_n02.txt,4394,4506,"Ale jest pani poseł Lidia Czechak, Prawo i Sprawiedliwość. (Poseł Lidia Czechak: Tak.) Bardzo proszę, zapraszam.",[],[],False,False,False,False,False,False,"Але тут є пані депутат Лідія Чехак, Право і Справедливість. (Депутат Лідія Чехак: Так.) Дуже прошу, запрошую."
pl_abortion_11_04_2024_n12.txt,1190,1236,Czy to dziecko komukolwiek wyrządziło krzywdę?,"['Appeal_to_Pity', 'Repetition']","['Distraction', 'Manipulative_Wording']",False,False,True,False,False,True,Чи ця дитина комусь заподіяла шкоду?
pl_hate_speech_act_19_12_2024_n03.txt,4252,4355,Te zmiany wyrządzają dzisiaj tysiącom dzieci na całym świecie potężne szkody. (Głos z sali: Nieprawda!),['Appeal_to_Pity'],['Distraction'],False,False,True,False,False,False,Ці зміни завдають сьогодні тисячам дітей у всьому світі величезної шкоди. (Голос із залу: Неправда!)
pl_hate_speech_act_19_12_2024_n07.txt,1053,1112,"Bardzo proszę. (Poseł Jan Kanthak: Uuu, będą konsekwencje.)",[],[],False,False,False,False,False,False,"Будь ласка. (Депутат Ян Кантак: Ууу, будуть наслідки.)"
pl_statements_20_02_2025_n03.txt,8394,8516,"Mieczysława Karłowicza w Mielcu, przygotowany do występu przez pana Ryszarda Kuska, który zaaranżował utwór „Ojczyzno ma”.",[],[],False,False,False,False,False,False,"Мечислава Карловича в Мєльцу, підготовлений до виступу паном Ришардом Куском, який аранжував твір «Ojczyzno ma»."
pl_eu_03_04_2025_n05.txt,6667,6829,"Rada Europejska zawsze wyznacza pewne polityczne zadania dla Unii jako całości i wszystkich instytucji unijnych, w tym dla Komisji Europejskiej, również dla Rady.",[],[],False,False,False,False,False,False,"Європейська рада завжди визначає певні політичні завдання для Союзу в цілому та всіх інституцій ЄС, зокрема для Європейської комісії, а також для Ради."
pl_defence_07_03_2025_n06.txt,4689,4740,Na ten temat praktycznie nie było żadnych konkretów,['Doubt'],['Attack_on_Reputation'],True,False,False,False,False,False,З цього приводу практично не було жодних конкретики.
pl_defence_22_05_2024_n02.txt,10003,10056,Przywróćcie wpływ na polskie wojsko polskim dowódcom.,['Flag_Waving'],['Justification'],False,True,False,False,False,False,Поверніть вплив на польське військо польським командирам.
pl_defence_07_03_2025_n08.txt,151,250,"Faktycznie spotkaliśmy się dzisiaj, trochę zaskoczeni, z premierem rządu polskiego i z prezydentem.",['Questioning_the_Reputation'],['Attack_on_Reputation'],True,False,False,False,False,False,"Насправді ми зустрілися сьогодні, трохи здивовані, з прем'єр-міністром польського уряду та президентом."
pl_abortion_11_04_2024_n12.txt,2747,2872,"Ale nie, przecież jesteśmy w Sejmie, gdzie (Dzwonek) mamy zwiadowców cudzych sumień, niejednokrotnie obłudników i hipokrytów.","['Appeal_to_Hypocrisy', 'Loaded_Language', 'Name_Calling-Labeling']","['Attack_on_Reputation', 'Manipulative_Wording']",True,False,False,False,False,True,"Але ні, адже ми в Сеймі, де (Дзвінок) маємо шпигунів чужих сумлінь, нерідко лицемірів і лицемірників."
pl_defence_22_05_2024_n03.txt,5514,5733,"Nie będziemy w stanie przyjąć żadnego wsparcia sojuszniczego bez odpowiednio rozwiniętej sieci kolejowej, bez lotnisk, które będą w stanie przyjąć w bardzo krótkim czasie bardzo dużą liczbę różnych statków powietrznych.",[],[],False,False,False,False,False,False,"Ми не зможемо прийняти жодної союзницької підтримки без належно розвиненої залізничної мережі, без аеропортів, які зможуть прийняти дуже велику кількість різних повітряних суден за дуже короткий час."
pl_hate_speech_act_19_12_2024_n10.txt,1074,1218,"Jeśli tego nie zrobicie, to w dalszym ciągu będziecie mistrzami w szerzeniu nienawiści, a hasło (Dzwonek) z ośmiu gwiazdek będzie tego symbolem.",['Appeal_to_Hypocrisy'],['Attack_on_Reputation'],True,False,False,False,False,False,"Якщо ви цього не зробите, то й надалі будете майстрами поширення ненависті, а гасло (Дзвоник) з восьми зірок буде її символом."
pl_abortion_11_04_2024_n06.txt,890,1016,"Głośno się robi w kilku przypadkach np. wtedy kiedy dochodzi do śmierci, jak to było w przypadku pani Izabeli czy pani Doroty.",['Appeal_to_Fear-Prejudice'],['Justification'],False,True,False,False,False,False,"Голосно стає в кількох випадках, наприклад, коли відбувається смерть, як це було у випадку пані Ізабелли чи пані Дороти."
pl_hate_speech_act_19_12_2024_n08.txt,3863,3897,Poseł Renata Rak: Panie Marszałku!,[],[],False,False,False,False,False,False,Депутат Рената Рак: Пане Маршалку!
pl_abortion_11_04_2024_n09.txt,3467,3766,"Chciałem jeszcze przeczytać list psychiatry w sprawie aborcji: Szanowny panie premierze, słuchając pana gróźb pod adresem lekarzy niechcących brać udziału w procesie aborcji, jako lekarz psychiatra z wieloletnim doświadczeniem nie mogę milczeć i udawać, że ich nie słyszę lub że mnie to nie dotyczy.","['Questioning_the_Reputation', 'Appeal_to_Authority']","['Attack_on_Reputation', 'Justification']",True,True,False,False,False,False,"Хотів ще прочитати листа психіатра щодо абортів: Шановний пане прем'єр-міністре, слухаючи ваші погрози на адресу лікарів, які не хочуть брати участі в процесі абортів, як психіатр з багаторічним досвідом, я не можу мовчати і вдавати, що не чую їх або що це мене не стосується."
pl_abortion_11_04_2024_n01.txt,2649,2709,"To jest absolutny paradoks, skandal i rzecz niedopuszczalna.",['Exaggeration-Minimisation'],['Manipulative_Wording'],False,False,False,False,False,True,"Це абсолютний парадокс, скандал і річ неприпустима."
pl_abortion_11_04_2024_n12.txt,8197,8313,"Wynika z prawa naturalnego, jest zapisane w konstytucji, w art. 38 konstytucji, który zapewnia prawną ochronę życia.","['Appeal_to_Authority', 'Appeal_to_Values']",['Justification'],False,True,False,False,False,False,"Це випливає з природного права, воно записане в Конституції, у статті 38 Конституції, яка забезпечує правовий захист життя."
pl_hate_speech_act_19_12_2024_n08.txt,4099,4332,"Przepisy nie chronią wszystkich grup mniejszościowych szczególnie narażonych na dyskryminację, uprzedzenia i przemoc, dlatego należy rozszerzyć katalog przestępstw o kategorie: wieku, niepełnosprawności, płci i orientacji seksualnej.",[],[],False,False,False,False,False,False,"Норми не захищають усі групи меншин, які особливо вразливі до дискримінації, упереджень та насильства, тому необхідно розширити каталог злочинів, додавши категорії: вік, інвалідність, стать та сексуальна орієнтація."
pl_hate_speech_act_19_12_2024_n03.txt,3237,3365,"Nie przesłyszeliście się, krytyka LGBT, środowisk, ideologii, dzieli Polaków, dlatego też ten, kto to robi, musi pójść siedzieć.",['Loaded_Language'],['Manipulative_Wording'],False,False,False,False,False,True,"Ви не помилилися, критика ЛГБТ-спільноти, ідеології, розділяє поляків, тому той, хто це робить, повинен сісти у в'язницю."
pl_abortion_11_04_2024_n09.txt,647,753,"Na poniedziałkowej konferencji w Sejmie prelegentka powiedziała, że aborcja jest bezpieczniejsza od ciąży.",[],[],False,False,False,False,False,False,"На понеділковій конференції в Сеймі доповідачка сказала, що аборт безпечніший за вагітність."
pl_eu_03_04_2025_n01.txt,1990,2165,"Niestety ich realizacja okazała się ograniczona z różnych powodów – m.in. z tych, o których wspominałem, ale także z tego, w jaki sposób była prowadzona prezydencja węgierska.",['Doubt'],['Attack_on_Reputation'],True,False,False,False,False,False,"На жаль, їх реалізація виявилася обмеженою з різних причин – зокрема, з тих, про які я згадував, але також і через те, як здійснювалася угорське головування."
pl_abortion_11_04_2024_n10.txt,3254,3339,"Te nastoletnie ciąże to jest (Dzwonek) może bardzo niewygodny temat, ale on istnieje.",[],[],False,False,False,False,False,False,"Ці підліткові вагітності – це (Дзвінок) може дуже незручна тема, але вона існує."
pl_abortion_11_04_2024_n09.txt,6558,6600,"To jest ten czas, żeby jeszcze się wpisać.",[],[],False,False,False,False,False,False,"Це той час, щоб ще зареєструватися."
pl_abortion_11_04_2024_n13.txt,1282,1353,"To oznacza, że są wśród nich wyborcy z każdej strony sceny politycznej.",['False_Equivalence'],['Simplification'],False,False,False,True,False,False,"Це означає, що серед них є виборці з кожного боку політичної сцени."
pl_hate_speech_act_19_12_2024_n03.txt,1836,2012,"Ten projekt ustawy nazywany jest przez rządzących projektem walki z mową nienawiści, ale w istocie jest to projekt wprowadzający cenzurę albo po prostu walkę z wolnością słowa.","['Loaded_Language', 'Straw_Man']","['Distraction', 'Manipulative_Wording']",False,False,True,False,False,True,"Цей законопроєкт, який уряд називає законопроєктом про боротьбу з ненавистю, насправді є законопроєктом про запровадження цензури або просто боротьбою зі свободою слова."
pl_defence_22_05_2024_n02.txt,4629,4752,"PiS przygotowywał się tylko do wojny z Platformą, Platforma przygotowywała się do wojny z PiS-em, a Polska nie jest gotowa.","['Exaggeration-Minimisation', 'Whataboutism']","['Distraction', 'Manipulative_Wording']",False,False,True,False,False,True,"ПіС готувався лише до війни з Платформою, Платформа готувалася до війни з ПіС-ом, а Польща не готова."
pl_abortion_11_04_2024_n03.txt,9523,9651,Ostatnie lata to zasługa grup nieformalnych i aktywistek działających w Polsce – to Aborcyjny Dream Team czy Aborcja bez Granic.,['Appeal_to_Popularity'],['Justification'],False,True,False,False,False,False,"Останні роки – це заслуга неформальних груп та активісток, які діють у Польщі, таких як Aborcyjny Dream Team або Aborcja bez Granic."
pl_eu_03_04_2025_n08.txt,5135,5243,"Wicemarszałek Krzysztof Bosak: Panie pośle, to informacja uzupełniająca ode mnie na prośbę samego szefa MSZ.",['Appeal_to_Authority'],['Justification'],False,True,False,False,False,False,"Віцемаршалок Кшиштоф Босак: Пане депутате, це додаткова інформація від мене на прохання самого міністра закордонних справ."
pl_current_affairs_09_01_2025_n01.txt,5378,5429,Dlaczego postępowanie wyjaśniające jest koniecznie?,[],[],False,False,False,False,False,False,Чому роз'яснювальна процедура є необхідною?
pl_abortion_11_04_2024_n05.txt,9404,9478,"Czas na przestrzeganie zasad równości, wolności i godności dla wszystkich.","['Appeal_to_Time', 'Appeal_to_Values']","['Justification', 'Call']",False,True,False,False,True,False,"Настав час дотримуватися принципів рівності, свободи та гідності для всіх."
pl_eu_12_06_2024_n04.txt,7786,7845,Usprawniliśmy już działanie organów zwalczających korupcję.,[],[],False,False,False,False,False,False,"Ми вже покращили роботу органів, які борються з корупцією."
pl_statements_20_02_2025_n02.txt,2713,2753,"Zobaczymy, ile jest znaków, panie pośle.",[],[],False,False,False,False,False,False,"Побачимо, скільки знаків, пане посла."
pl_defence_07_03_2025_n08.txt,1861,1877,Pewnie tak jest.,[],[],False,False,False,False,False,False,Напевно так і є.
pl_defence_07_03_2025_n01.txt,7505,7724,"Afiliujcie – mówię tu do naszych sojuszników – więcej jednostek, związków taktycznych do systemu NATO-wskiego, a nie twórzcie, nie dublujcie kolejnej kwatery głównej, kolejnego sekretarza generalnego etc., bo mamy NATO.",[],[],False,False,False,False,False,False,"Афіліуйте – кажу я до наших союзників – більше підрозділів, тактичних з’єднань до системи НАТО, а не створюйте, не дублюйте ще одну штаб-квартиру, ще одного генерального секретаря тощо, бо у нас є НАТО."
pl_eu_03_04_2025_n06.txt,1071,1628,"W pkt 50 tychże konkluzji Rada przyjęła do wiadomości komunikat Komisji Europejskiej w sprawie reform poprzedzających rozszerzenie oraz przeglądów polityki i zwraca się do Komisji Europejskiej, by do wiosny br. przedstawiła gruntowny przegląd polityki zawierający elementy operacyjne dotyczących czterech aspektów: po pierwsze, wartości, w tym narzędzi służących ochronie praworządności, po drugie, polityk zapewniających długoterminową konkurencyjność, wzmocnienie i suwerenność strategiczną Unii Europejskiej, po trzecie, budżetu, po czwarte, zarządzania.",[],[],False,False,False,False,False,False,"У пункті 50 цих висновків Рада взяла до відома повідомлення Європейської Комісії щодо реформ, що передують розширенню, та перегляду політики, і звертається до Європейської Комісії, щоб до весни цього року вона представила ґрунтовний перегляд політики, що містить операційні елементи щодо чотирьох аспектів: по-перше, цінності, включаючи інструменти для захисту верховенства права, по-друге, політики, що забезпечують довгострокову конкурентоспроможність, зміцнення та стратегічну суверенність Європейського Союзу, по-третє, бюджету, по-четверте, управління."
pl_statements_20_02_2025_n02.txt,5298,5523,"Chrzest w 966 r., który wedle historyków miał miejsce na wyspie Ostrów Lednicki lub na terenie dzisiejszej katedry w Poznaniu – niektórzy uważają, że miał miejsce w Gnieźnie – wprowadził Polskę w krąg państw chrześcijańskich.",[],[],False,False,False,False,False,False,"Хрещення в 966 році, яке, на думку істориків, відбулося на острові Острув Ледницький або на території сучасної катедри в Познані – деякі вважають, що воно відбулося в Гнєзно – ввело Польщу в коло християнських держав."
pl_hate_speech_act_19_12_2024_n03.txt,5421,5484,"Pan minister powiedział, że wszyscy jesteśmy równi wobec prawa.",['Appeal_to_Hypocrisy'],['Attack_on_Reputation'],True,False,False,False,False,False,"Пан міністр сказав, що всі ми рівні перед законом."
pl_hate_speech_act_19_12_2024_n08.txt,185,259,"Jakże przykro słucha się tej dzisiejszej debaty, ale jakie to symboliczne.",['Appeal_to_Pity'],['Distraction'],False,False,True,False,False,False,"Як прикро слухати цю сьогоднішню дискусію, але як це символічно."
pl_abortion_11_04_2024_n06.txt,635,734,"Niezależnie od wykształcenia, niezależnie od tego, ile mają dzieci, niezależnie od stanu cywilnego.",['Repetition'],['Manipulative_Wording'],False,False,False,False,False,True,"Незалежно від освіти, незалежно від того, скільки дітей мають, незалежно від сімейного стану."
pl_abortion_11_04_2024_n13.txt,6148,6286,"Pomimo że uzyskałam mandat posła, nie czuję się na siłach i nie czuję się zobowiązana do decydowania za jakąkolwiek kobietę lub mężczyznę.",['Straw_Man'],['Distraction'],False,False,True,False,False,False,"Незважаючи на те, що я отримала мандат депутата, я не відчуваю себе в силах і не відчуваю себе зобов'язаною приймати рішення за будь-яку жінку чи чоловіка."
pl_statements_20_02_2025_n04.txt,4513,4521,Oto one.,[],[],False,False,False,False,False,False,Ось один.
pl_statements_20_02_2025_n04.txt,7841,7969,"Pomijam to, że prawne zarzuty są absurdalne, że to jest atak wyłącznie polityczny, ale chciałbym zwrócić uwagę na aspekt ludzki.","['Loaded_Language', 'Straw_Man']","['Distraction', 'Manipulative_Wording']",False,False,True,False,False,True,"Ігнорую те, що правові звинувачення є абсурдними, що це виключно політичний напад, але хотів би звернути увагу на людський аспект."
pl_eu_03_04_2025_n07.txt,4568,4661,I co z tego się udało w ciągu tego pół roku zrealizować przy liderstwie państwa węgierskiego?,[],[],False,False,False,False,False,False,І що вдалося реалізувати за ці півроку під керівництвом угорської держави?
pl_hate_speech_act_19_12_2024_n10.txt,1880,1898,Wiem o tym dobrze.,['Conversation_Killer'],['Call'],False,False,False,False,True,False,Я це добре знаю.
pl_current_affairs_09_01_2025_n02.txt,970,1058,"Rodzice zgłaszają, że często jest tak, że po prostu te opłaty bardzo poszybowały w górę.",[],[],False,False,False,False,False,False,"Батьки повідомляють, що часто буває так, що ці платежі дуже зросли."
pl_eu_03_04_2025_n02.txt,1148,1330,"Konsekwencją tego jednoznacznego stanowiska był także rozwój unijnego podejścia do polityki powrotowej, czego wyrazem stały się też prowadzone w 2025 r. prace nad nowym instrumentem.",[],[],False,False,False,False,False,False,"Наслідком цієї чіткої позиції став також розвиток підходу ЄС до політики повернення, що також проявилося в роботі над новим інструментом, яка велася у 2025 році."
pl_hate_speech_act_19_12_2024_n08.txt,1168,1259,"Dlatego postawmy granice niekontrolowanemu rozwojowi skrajnych stanowisk, postawmy granicę…","['Obfuscation-Vagueness-Confusion', 'Repetition']",['Manipulative_Wording'],False,False,False,False,False,True,"Тому поставимо межі неконтрольованому розвитку крайніх поглядів, поставимо межу…"
pl_eu_12_06_2024_n01.txt,6876,7049,"Z jednej strony ogłasza plan likwidacji CBA, z drugiej, w art. 9 nakazuje zamawiającym zgłaszać zamówienia realizowane poza reżimem Prawa zamówień publicznych właśnie dokąd?",['Appeal_to_Hypocrisy'],['Attack_on_Reputation'],True,False,False,False,False,False,"З одного боку, він оголошує план ліквідації CBA, а з іншого, в статті 9 наказує замовникам повідомляти про замовлення, які виконуються поза режимом Закону про державні закупівлі, саме куди?"
pl_defence_07_03_2025_n03.txt,1740,1808,"Można powiedzieć, że dzisiaj te słowa prowadzą nas w trudnym czasie.",[],[],False,False,False,False,False,False,"Можна сказати, що сьогодні ці слова ведуть нас у складний час."
pl_hate_speech_act_19_12_2024_n01.txt,5475,5702,"Jeżeli bowiem spojrzymy na te przepisy traktatów i naszej konstytucji, o których mówiłem we wstępie wypowiedzi, i na to, jak definiowana jest i w czym przejawia się mowa nienawiści… Przejdźmy na grunt polskiego Kodeksu karnego.","['Obfuscation-Vagueness-Confusion', 'Appeal_to_Authority']","['Justification', 'Manipulative_Wording']",False,True,False,False,False,True,"Якщо ми подивимося на ці положення договорів та нашої конституції, про які я згадував на початку виступу, і на те, як визначається і в чому проявляється мова ненависті… Перейдемо до польського Кримінального кодексу."
pl_abortion_11_04_2024_n12.txt,6090,6143,Nie macie nic wspólnego z moralnością i autorytetami.,['Questioning_the_Reputation'],['Attack_on_Reputation'],True,False,False,False,False,False,Ви не маєте нічого спільного з моральністю та авторитетами.
pl_defence_07_03_2025_n06.txt,9278,9297,Macie jakiś pomysł?,['Doubt'],['Attack_on_Reputation'],True,False,False,False,False,False,У вас є якась ідея?
pl_abortion_11_04_2024_n07.txt,5769,5920,"Po tych słowach, które tu padły, ciężko w ogóle zebrać myśli, więc pozwólcie, że przytoczę opinię prawną instytutu Ordo Iuris na temat projektu Lewicy.",['Appeal_to_Authority'],['Justification'],False,True,False,False,False,False,"Після цих слів, які тут прозвучали, важко взагалі зібрати думки, тому дозвольте мені навести юридичний висновок Інституту Ordo Iuris щодо проєкту Лівиці."
pl_hate_speech_act_19_12_2024_n04.txt,638,699,Dziękuję. (Oklaski) (Poseł Władysław Dajczak: Najważniejszy.),['Conversation_Killer'],['Call'],False,False,False,False,True,False,Дякую. (Оплески) (Депутат Владислав Даччак: Найважливіше.)
pl_abortion_11_04_2024_n12.txt,6848,6897,"Zwracam się więc do pozostałych, do ludzi Lewicy.",['Questioning_the_Reputation'],['Attack_on_Reputation'],True,False,False,False,False,False,"Звертаюся до інших, до людей Лівиці."
pl_eu_12_06_2024_n03.txt,4345,4465,"A druga kwestia to pytanie o treść prezydencji, bo będzie bardzo duży nacisk, żeby (Dzwonek) doszło do zmiany traktatów.",[],[],False,False,False,False,False,False,"Друге питання стосується змісту президентства, адже буде дуже великий тиск, щоб (Дзвінок) відбулися зміни в договорах."
pl_abortion_11_04_2024_n04.txt,5403,5473,"Wiem, że do dziś komisja jeszcze nie rozpoczęła analizy tego projektu.",[],[],False,False,False,False,False,False,"Знаю, що до сьогодні комісія ще не розпочала аналізу цього проєкту."
pl_defence_22_05_2024_n02.txt,8351,8502,"To jest złożenie rzeczy, które już były realizowane przez ostatnie kilka lat, i sprzedanie tego opinii publicznej pod nową marką. (Oklaski) Czy to źle?",['Appeal_to_Hypocrisy'],['Attack_on_Reputation'],True,False,False,False,False,False,"Це поєднання речей, які вже були реалізовані протягом останніх кількох років, і продаж цього громадськості під новим брендом. (Оплески) Чи це погано?"
pl_eu_12_06_2024_n04.txt,4032,4084,Była już o tym mowa i odniosę się do tego za chwilę.,[],[],False,False,False,False,False,False,"Про це вже йшлося, і я повернуся до цього за мить."
pl_defence_07_03_2025_n01.txt,4126,4215,"W wyniku tego pomówienia Polska straciła to miejsce, a premierowi włos z głowy nie spadł.",[],[],False,False,False,False,False,False,"В результаті цього звинувачення Польща втратила це місце, а прем'єр-міністру волосся з голови не впало."
pl_abortion_11_04_2024_n05.txt,8947,8972,Najważniejsze to urodzić.,['Straw_Man'],['Distraction'],False,False,True,False,False,False,Найважливіше – народити.
pl_current_affairs_09_01_2025_n02.txt,1511,1538,Wychodząca Grupo Młodzieży!,[],[],False,False,False,False,False,False,Вихідна Група Молоді!
pl_statements_20_02_2025_n01.txt,791,871,"Tak jak zapowiedziałam, wyznaczam czas na wygłoszenie oświadczenia – 1,5 minuty.",[],[],False,False,False,False,False,False,"Як я вже анонсувала, я виділяю час для виступу з заявою – 1,5 хвилини."
pl_eu_12_06_2024_n04.txt,6497,6520,Nie w okresie pandemii.,[],[],False,False,False,False,False,False,Не в період пандемії.
pl_eu_03_04_2025_n07.txt,2425,2504,Jesteście już w połowie polskiej prezydencji – ileż było zapowiedzi i obietnic?,['Appeal_to_Hypocrisy'],['Attack_on_Reputation'],True,False,False,False,False,False,Ви вже в середині польського головування – скільки було обіцянок і обіцянок?
pl_hate_speech_act_19_12_2024_n08.txt,900,911,A dlaczego?,['Repetition'],['Manipulative_Wording'],False,False,False,False,False,True,А чому?
pl_statements_20_02_2025_n03.txt,5580,5610,Co się dzieje z Pocztą Polską?,[],[],False,False,False,False,False,False,Що відбувається з Польською поштою?
pl_hate_speech_act_19_12_2024_n03.txt,4786,4944,"Wiele w tej kadencji mieliśmy ustaw złych, wiele kompletnie niepotrzebnych, ale ta jest ustawą wyjątkowo szkodliwą, wyjątkowo głupią, wyjątkowo niebezpieczną.","['Loaded_Language', 'Doubt']","['Attack_on_Reputation', 'Manipulative_Wording']",True,False,False,False,False,True,"Багато чого поганого було прийнято в цій каденції, багато чого абсолютно непотрібного, але цей закон є особливо шкідливим, особливо дурним, особливо небезпечним."
pl_abortion_11_04_2024_n12.txt,5965,6089,"Jesteście okropnymi typami, którzy za nic mają prawa kobiet, i przestańcie tutaj występować z poziomu moralnych autorytetów.","['Questioning_the_Reputation', 'Appeal_to_Values', 'Name_Calling-Labeling']","['Attack_on_Reputation', 'Justification']",True,True,False,False,False,False,"Ви жахливі типи, які не поважають права жінок, і припиніть виступати тут з позиції моральних авторитетів."
pl_defence_22_05_2024_n04.txt,8118,8193,"Słynne ogrodzenie, które można podważyć lewarkiem, kosztowało ok. 2 mld zł.",['Exaggeration-Minimisation'],['Manipulative_Wording'],False,False,False,False,False,True,"Відомий паркан, який можна підняти за допомогою важеля, коштував близько 2 млрд злотих."
pl_eu_03_04_2025_n02.txt,7137,7189,Wokół prezydencji były również istotne kontrowersje.,[],[],False,False,False,False,False,False,Навколо президентства також були важливі суперечки.
pl_abortion_11_04_2024_n04.txt,7611,7637,Jesteście jeszcze państwo?,[],[],False,False,False,False,False,False,Ви ще там?
pl_hate_speech_act_19_12_2024_n10.txt,7310,7457,"Ona będzie wykorzystywana nie tylko przez jedną stronę, ale przez wszystkie opcje polityczne, niezależnie od tego, czy rządzicie czy nie rządzicie.","['Consequential_Oversimplification', 'Appeal_to_Fear-Prejudice']","['Justification', 'Simplification']",False,True,False,True,False,False,"Вона буде використовуватися не тільки однією стороною, але всіма політичними опціями, незалежно від того, чи керуєте ви чи ні."
pl_eu_12_06_2024_n01.txt,2819,2996,"W trakcie Biuro Legislacyjne zaproponowało wprowadzenie 20 poprawek redakcyjnych i legislacyjnych, które zarówno przez ministerstwo, jak i członków obu komisji zostały przyjęte.",[],[],False,False,False,False,False,False,"Під час роботи Законодавче бюро запропонувало внести 20 редакційних та законодавчих поправок, які були прийняті як міністерством, так і членами обох комісій."
pl_statements_20_02_2025_n03.txt,1480,1503,Pani poseł jest z nami?,[],[],False,False,False,False,False,False,Пані посол з нами?
pl_abortion_11_04_2024_n03.txt,10496,10611,"To są często ciąże chciane, to są często ciąże wyczekane, ale te kobiety nie mogą otrzymać pomocy w swoim państwie.",['Flag_Waving'],['Justification'],False,True,False,False,False,False,"Це часто бажані вагітності, це часто вагітності, на які довго чекали, але ці жінки не можуть отримати допомоги у своїй країні."
pl_eu_03_04_2025_n05.txt,3667,3851,"Za pozytywne rezultaty na pewno można uznać włączenie Bułgarii i Rumunii do strefy Schengen, co stanowi istotne wzmocnienie swobody przepływu osób oraz dalszej integracji europejskiej.",[],[],False,False,False,False,False,False,"За позитивні результати можна вважати включення Болгарії та Румунії до Шенгенської зони, що є важливим посиленням свободи пересування людей та подальшої європейської інтеграції."
pl_hate_speech_act_19_12_2024_n04.txt,3697,3768,"Bardzo dziękuję za ten projekt ustawy, bardzo dziękuję za tę regulację.",[],[],False,False,False,False,False,False,"Дуже дякую за цей законопроект, дуже дякую за це регулювання."
pl_abortion_11_04_2024_n14.txt,5394,5406,Jutro także.,['Appeal_to_Time'],['Call'],False,False,False,False,True,False,Завтра також.
pl_current_affairs_09_01_2025_n02.txt,11633,11712,Tyle państwo macie do powiedzenia w sprawie bezpieczeństwa przeciwpowodziowego.,['Questioning_the_Reputation'],['Attack_on_Reputation'],True,False,False,False,False,False,Ось що ви маєте сказати щодо безпеки від повеней.
pl_defence_07_03_2025_n08.txt,2941,3030,"Wtedy, proszę państwa, wasze zachowania były zupełnie, diametralnie odmienne niż dzisiaj.","['Appeal_to_Hypocrisy', 'Loaded_Language']","['Attack_on_Reputation', 'Manipulative_Wording']",True,False,False,False,False,True,"Тоді, прошу пані та панове, ваша поведінка була зовсім, діаметрально протилежною ніж сьогодні."
pl_abortion_11_04_2024_n14.txt,5972,6006,Czy w Polsce mamy nadmiar urodzeń?,['Whataboutism'],['Distraction'],False,False,True,False,False,False,Чи в Польщі є надлишок народжень?
pl_abortion_11_04_2024_n07.txt,841,918,"W imię wolności, z łagodnym uśmiechem, mówimy jej: „Twoje ciało, twój wybór”.",['Repetition'],['Manipulative_Wording'],False,False,False,False,False,True,"В ім'я свободи, з лагідною посмішкою, ми кажемо їй: «Твоє тіло, твій вибір»."
pl_hate_speech_act_19_12_2024_n10.txt,7458,7531,"Dziękuję bardzo. (Oklaski) (Głos z sali: Chcemy, żeby wszyscy korzystali.)",[],[],False,False,False,False,False,False,"Дякую. (Оплески) (Голос із залу: Ми хочемо, щоб усі користувалися.)"
pl_abortion_11_04_2024_n13.txt,180,285,"Cała Europa nie ma wątpliwości, ale w Polsce wciąż pokutuje przekonanie, że aborcja jest niedopuszczalna.",['Appeal_to_Popularity'],['Justification'],False,True,False,False,False,False,"Уся Європа не має сумнівів, але в Польщі досі панує переконання, що аборт є неприпустимим."
pl_hate_speech_act_19_12_2024_n07.txt,5106,5143,"Pan poseł Ryszard Wilk, Konfederacja.",[],[],False,False,False,False,False,False,"Пан посол Ришард Вілк, Конфедерація."
pl_statements_20_02_2025_n03.txt,4320,4481,"To instytucja, w której odnajdujemy oparcie w ostatnich chwilach naszego życia, w naszej chorobie, w tym okresie, kiedy oczekujemy już na przejście do domu Pana.",[],[],False,False,False,False,False,False,"Це установа, де ми знаходимо підтримку в останні хвилини нашого життя, у нашій хворобі, у той період, коли ми вже чекаємо на перехід до дому Господа."
pl_statements_20_02_2025_n04.txt,3696,3773,Koniec końców to przed Prawem i Sprawiedliwością powinniśmy bronić górnictwa.,['Appeal_to_Fear-Prejudice'],['Justification'],False,True,False,False,False,False,"Зрештою, саме перед Законом і Справедливістю ми повинні захищати гірничу промисловість."
pl_eu_12_06_2024_n03.txt,8272,8409,"Chciałam zapytać pana ministra: Czy środki, które zostały zabezpieczone odnośnie do zamówień publicznych w tej ustawie, są wystarczające?",['Doubt'],['Attack_on_Reputation'],True,False,False,False,False,False,"Хотів би запитати пана міністра: Чи коштів, які були передбачені щодо державних закупівель у цьому законі, достатньо?"
pl_abortion_11_04_2024_n11.txt,2602,2824,"Jako psychiatra, psychoterapeuta oraz superwizor psychoterapii z ponad 40-letnią praktyką odbyłem setki, a może i tysiące rozmów z kobietami, które zmuszone były do podjęcia jednej z najtrudniejszych decyzji w swoim życiu.",['Appeal_to_Authority'],['Justification'],False,True,False,False,False,False,"Як психіатр, психотерапевт та супервізор психотерапії з понад 40-річним досвідом, я провів сотні, а може й тисячі розмов з жінками, які були змушені прийняти одне з найскладніших рішень у своєму житті."
pl_abortion_11_04_2024_n04.txt,6545,6581,"Tego chcą Polki i Polacy, ponad 66%.",['Appeal_to_Popularity'],['Justification'],False,True,False,False,False,False,"Цього хочуть поляки та поляки, понад 66%."
pl_defence_22_05_2024_n02.txt,1626,1679,Niestety na fabryki amunicji już nam nie wystarczyło.,['Causal_Oversimplification'],['Simplification'],False,False,False,True,False,False,"На жаль, у нас вже не вистачило фабрик для виробництва боєприпасів."
pl_eu_03_04_2025_n08.txt,3604,3657,Przeciw bezpieczeństwu Polski.) (Głos z sali: Hańba!),"['Flag_Waving', 'Loaded_Language', 'Slogans']","['Justification', 'Call', 'Manipulative_Wording']",False,True,False,False,True,True,Проти безпеки Польщі.) (Голос з залу: Ганьба!)
pl_abortion_11_04_2024_n14.txt,6362,6405,Te projekty w zasadzie niewiele się różnią.,['Exaggeration-Minimisation'],['Manipulative_Wording'],False,False,False,False,False,True,Ці проєкти в принципі мало чим відрізняються.
pl_current_affairs_09_01_2025_n01.txt,4208,4294,"Wnioski o świadczenie składają elektronicznie, w jednej z wygodnych i dostępnych form.",[],[],False,False,False,False,False,False,"Заявки на отримання допомоги подаються в електронному вигляді, в одній із зручних та доступних форм."
pl_eu_03_04_2025_n01.txt,6998,7117,Z naszej inicjatywy Komisja rozpoczęła też pracę nad strategią przeciwdziałania zagrożeniom hybrydowym ze strony Rosji.,[],[],False,False,False,False,False,False,За нашою ініціативою Комісія також розпочала роботу над стратегією протидії гібридним загрозам з боку Росії.
pl_eu_12_06_2024_n03.txt,3369,3471,"(Głos z sali: To co, mogę się dopisać?) Ponieważ nie ma pana posła Tumanowicza, niech pan się dopisze.",[],[],False,False,False,False,False,False,"(Голос з залу: То що, можу записатися?) Оскільки пана депутата Тумановича немає, нехай пан запишеться."
pl_abortion_11_04_2024_n03.txt,5820,5852,I dalej wszyscy byli zadowoleni.,['Loaded_Language'],['Manipulative_Wording'],False,False,False,False,False,True,І далі всі були задоволені.
pl_defence_22_05_2024_n03.txt,5242,5279,Poseł Marcin Ociepa: Dziękuję bardzo.,[],[],False,False,False,False,False,False,Депутат Марцін Оцеп: Дуже дякую.
pl_hate_speech_act_19_12_2024_n01.txt,6769,7066,"To coś, co we wszystkich państwach europejskich nie tyle jest standardem, ile zyskuje dodatkową ochronę, wzmocnioną ochronę, często bowiem jest przyczynkiem do zaostrzenia, do podniesienia wymiaru kary właśnie z uwagi na ochronę osób, które cechują się, posiadają po prostu jakąś szczególną cechę.",['Appeal_to_Popularity'],['Justification'],False,True,False,False,False,False,"Це те, що в усіх європейських країнах не стільки є стандартом, скільки отримує додатковий захист, посилений захист, адже часто це є підставою для посилення, підвищення покарання саме через захист осіб, які мають якусь особливу рису."
pl_eu_03_04_2025_n07.txt,6739,6977,"My jako Polska 2050 popieramy przygotowany dokument i nie zgadzamy się z polityką obecnej władzy na Węgrzech, a zarazem liczymy na to, że to się niedługo zmieni i dobre demokratyczne rządy nastaną u naszego południowego sąsiada. (Oklaski)",[],[],False,False,False,False,False,False,"Ми, як Польща 2050, підтримуємо підготовлений документ і не погоджуємося з політикою нинішньої влади в Угорщині, водночас сподіваємося, що це незабаром зміниться і в нашого південного сусіда настануть добрі демократичні уряди. (Оплески)"
pl_abortion_11_04_2024_n03.txt,11276,11294,Drogie Polityczki!,[],[],False,False,False,False,False,False,Дорогі Політики!
pl_defence_07_03_2025_n07.txt,6249,6433,"Proszę państwa, dzisiaj kluczowe jest szybkie pogłębianie współpracy obronnej z krajami skandynawskimi, które mają podobną percepcję ryzyka do naszej. (Poseł Przemysław Wipler: Brawo!)","['Appeal_to_Time', 'Appeal_to_Values']","['Justification', 'Call']",False,True,False,False,True,False,"Шановні пані та панове, сьогодні ключовим є швидке поглиблення співпраці в галузі оборони з країнами Скандинавії, які мають подібну до нашої оцінку ризиків. (Депутат Пшемислав Віплер: Браво!)"
pl_defence_22_05_2024_n04.txt,5567,5733,"Wasi obecni ministrowie chcieli przekraczać granicę polsko-białoruską, wasi posłowie pajacowali na granicy, wpisując się w ruską propagandę i niszcząc nasz wizerunek.","['Loaded_Language', 'Name_Calling-Labeling', 'Guilt_by_Association']","['Attack_on_Reputation', 'Manipulative_Wording']",True,False,False,False,False,True,"Ваші нинішні міністри хотіли перетнути польсько-білоруський кордон, ваші депутати розважалися на кордоні, вписуючись у російську пропаганду та руйнуючи наш імідж."
pl_defence_07_03_2025_n07.txt,4173,4417,"Ciągle jest sporo zaklęć, które działały w poprzedniej epoce, i widzę, że wiele osób ma przekonanie, że jeżeli będzie się je wypowiadać wystarczająco mocno i wystarczająco z dużym przekonaniem i zaangażowaniem emocjonalnym, to znowu zadziałają.","['Exaggeration-Minimisation', 'Loaded_Language', 'Doubt', 'Repetition']","['Attack_on_Reputation', 'Manipulative_Wording']",True,False,False,False,False,True,"Постійно є багато заклинань, які діяли в попередній епосі, і я бачу, що багато людей вважають, що якщо їх вимовляти достатньо сильно і з великою переконаністю та емоційною залученістю, то вони знову запрацюють."
pl_defence_07_03_2025_n07.txt,4059,4172,"Usłyszałem w tej debacie ciągle sporo o złudzeniach zarówno po prawej stronie sceny politycznej, jak i w centrum.","['Loaded_Language', 'Doubt', 'Repetition']","['Attack_on_Reputation', 'Manipulative_Wording']",True,False,False,False,False,True,"Я чув у цій дискусії багато розмов про ілюзії як з правого боку політичної сцени, так і в центрі."
pl_hate_speech_act_19_12_2024_n02.txt,0,195,"Proszę także zauważyć, że poza rozszerzeniem katalogu przesłanek przestępstw motywowanych nienawiścią następuje także jedna, może przez niektórych niezauważona, może czasami niedoceniana, zmiana.","['Exaggeration-Minimisation', 'Obfuscation-Vagueness-Confusion']",['Manipulative_Wording'],False,False,False,False,False,True,"Будь ласка, зверніть увагу, що окрім розширення каталогу злочинів, мотивованих ненавистю, відбувається ще одна зміна, яку деякі можуть не помітити, а іноді й не оцінити."
pl_eu_12_06_2024_n02.txt,2961,3275,"Cieszę się, że rząd Donalda Tuska po zmianie, po 15 października przejął stery naszej dyplomacji, bo to jest gwarancja tego, że wykorzystamy ten czas jak najlepiej (Dzwonek) dla zapewnienia i realizacji interesów Polski, m.in. poprzez poprawę bezpieczeństwa i zaangażowania w tę kwestię członków Unii Europejskiej.","['Consequential_Oversimplification', 'Flag_Waving']","['Justification', 'Simplification']",False,True,False,True,False,False,"Я радий, що уряд Дональда Туска після зміни, після 15 жовтня, взяв на себе управління нашою дипломатією, бо це гарантія того, що ми використаємо цей час якомога краще (Дзвоник) для забезпечення та реалізації інтересів Польщі, зокрема, шляхом покращення безпеки та залучення до цього питання членів Європейського Союзу."
pl_abortion_11_04_2024_n12.txt,7099,7174,"Ale spokojnie, możecie siedzieć, nie musicie odpowiadać, bo odpowiedź znam.","['Appeal_to_Hypocrisy', 'Doubt']",['Attack_on_Reputation'],True,False,False,False,False,False,"Але спокійно, можете сидіти, не мусите відповідати, бо відповідь знаю."
pl_defence_22_05_2024_n03.txt,5796,5862,One są naturalną konsekwencją akcesji Szwecji i Finlandii do NATO.,[],[],False,False,False,False,False,False,Це є природною консеквенцією вступу Швеції та Фінляндії до НАТО.
pl_eu_12_06_2024_n01.txt,1277,1569,"Prezentowany na posiedzeniu projekt ustawy, opracowany w celu wzmocnienia bezpieczeństwa podczas przebiegu najważniejszych wydarzeń, które odbędą się w Polsce w czasie trwania polskiej prezydencji, wyznacza zadania i ich realizację przez poszczególne służby i organy administracji publicznej.",[],[],False,False,False,False,False,False,"Представлений на засіданні проект закону, розроблений для зміцнення безпеки під час проведення найважливіших заходів, які відбудуться в Польщі під час польського головування, визначає завдання та їх виконання окремими службами та органами державної влади."
pl_eu_03_04_2025_n08.txt,4964,5085,"Zwrot tych środków z Unii Europejskiej wstrzymywany jest właśnie przez Węgry, przez rząd węgierski, który obecnie rządzi.",[],[],False,False,False,False,False,False,"Повернення цих коштів з Європейського Союзу наразі блокується Угорщиною, угорським урядом, який зараз перебуває при владі."
pl_statements_20_02_2025_n03.txt,178,292,Co zdaniem młodych Europejczyków powinno być priorytetem w działaniach Unii Europejskiej w ciągu następnych 5 lat?,[],[],False,False,False,False,False,False,"Що, на думку молодих європейців, має бути пріоритетом у діяльності Європейського Союзу протягом наступних 5 років?"
pl_abortion_11_04_2024_n11.txt,4229,4392,"Sąd Najwyższy stanu Arizona rękoma republikanów przywrócił w ten wtorek 160-letnie prawo zakazujące aborcji we wszystkich przypadkach, poza ratowaniem życia matki.",['Guilt_by_Association'],['Attack_on_Reputation'],True,False,False,False,False,False,"Верховний суд штату Арізона руками республіканців у вівторок повернув 160-річне законодавство, яке забороняє аборти у всіх випадках, за винятком порятунку життя матері."
pl_abortion_11_04_2024_n14.txt,2205,2279,"Przez blisko 30 lat przyszło nam udowadniać, że nie jesteśmy inkubatorami.","['Flag_Waving', 'Loaded_Language', 'Repetition']","['Justification', 'Manipulative_Wording']",False,True,False,False,False,True,"Протягом майже 30 років нам довелося доводити, що ми не є інкубаторами."
pl_hate_speech_act_19_12_2024_n08.txt,6274,6328,To na tym haśle budowaliście swoje poparcie społeczne.,['Appeal_to_Hypocrisy'],['Attack_on_Reputation'],True,False,False,False,False,False,Саме на цьому гаслі ви будували свою суспільну підтримку.
pl_eu_03_04_2025_n03.txt,2906,3052,Natomiast zwyczajowo do tego dokumentu informującego o wynikach prac Polski w okresie prezydencji był dołączany też bilans przepływów finansowych.,[],[],False,False,False,False,False,False,"Проте, зазвичай до цього документа, що містить інформацію про результати роботи Польщі під час головування, також додавався звіт про фінансові потоки."
pl_hate_speech_act_19_12_2024_n09.txt,7534,7592,"Przede wszystkim dziękuję, że ten projekt trafił do Sejmu.",[],[],False,False,False,False,False,False,"Насамперед дякую, що цей проєкт потрапив до Сейму."
pl_defence_22_05_2024_n04.txt,8312,8380,"(Głos z sali: Co ty mówisz, kobieto…) To jest właśnie wstyd i hańba.",['Loaded_Language'],['Manipulative_Wording'],False,False,False,False,False,True,"(Голос з залу: Що ти говориш, жінко…) Це просто сором і ганьба."
pl_statements_20_02_2025_n03.txt,3193,3326,Historia Armii Krajowej jest jednym z fundamentów naszej tożsamości narodowej i symbolem polskiej niezłomności w walce o suwerenność.,[],[],False,False,False,False,False,False,Історія Армії Крайової є одним із фундаментів нашої національної ідентичності та символом польської непохитності в боротьбі за суверенітет.
pl_abortion_11_04_2024_n12.txt,4534,4697,"Niedopuszczalne jest również to, żeby nie dokonywać aborcji tylko dlatego, że patronem jest Jan Paweł II, bo jedna z kobiet, które zmarły, zmarła w takim szpitalu.","['Conversation_Killer', 'Causal_Oversimplification', 'Straw_Man', 'Repetition']","['Distraction', 'Simplification', 'Call', 'Manipulative_Wording']",False,False,True,True,True,True,"Неприйнятно також не проводити абортів лише тому, що покровителем є Іван Павло II, оскільки одна з жінок, які померли, померла в такій лікарні."
pl_abortion_11_04_2024_n02.txt,2859,2914,"A państwo polskie ściga tych, którzy pomagają kobietom.","['Questioning_the_Reputation', 'Appeal_to_Values', 'Straw_Man']","['Attack_on_Reputation', 'Justification', 'Distraction']",True,True,True,False,False,False,"А польська держава переслідує тих, хто допомагає жінкам."
pl_abortion_11_04_2024_n06.txt,1879,1963,"Naszą rolą, posłów… (Poruszenie na sali) (Poseł Krystyna Skowrońska: A co pan robi?)",[],[],False,False,False,False,False,False,"Наша роль, депутатів… (Шум у залі) (Депутат Кристина Сковронська: А що ви робите?)"
pl_current_affairs_09_01_2025_n03.txt,2999,3025,Mówił: Po co te zbiorniki?,[],[],False,False,False,False,False,False,Він сказав: Навіщо ці резервуари?
pl_hate_speech_act_19_12_2024_n04.txt,6644,6689,Poseł Michał Pyrzyk: Szanowna Pani Marszałek!,[],[],False,False,False,False,False,False,Шановний пане Маршалку!
pl_eu_03_04_2025_n07.txt,199,302,"To chyba podsumowuje kompetencje polskiego rządu w tej sprawie, bo jedno z drugim nie ma nic wspólnego.",['Doubt'],['Attack_on_Reputation'],True,False,False,False,False,False,"Це, мабуть, підсумовує компетенції польського уряду в цьому питанні, адже одне з іншим не має нічого спільного."
pl_defence_22_05_2024_n02.txt,9552,9637,"Wciąż nie mamy dyskusji, której tchórzliwie PiS unikał, o prawie do posiadania broni.","['Loaded_Language', 'Repetition']",['Manipulative_Wording'],False,False,False,False,False,True,"Досі ми не маємо дискусії, якої ПіС боягузливо уникав, про право на володіння зброєю."
pl_hate_speech_act_19_12_2024_n07.txt,4070,4142,"Nienawiść, wrogość, niesmak, wstręt, odraza, niechęć, zazdrość, awersja.",['Loaded_Language'],['Manipulative_Wording'],False,False,False,False,False,True,"Ненависть, ворожість, огида, відраза, відразу, неприязнь, заздрість, відраза."
pl_abortion_11_04_2024_n06.txt,1150,1275,"Żadna z nas ani żaden z nas, niezależnie od naszego sumienia, wiary albo jej braku, o decyzji kobiet nie mogą sami decydować.","['Conversation_Killer', 'Appeal_to_Values', 'False_Dilemma-No_Choice']","['Justification', 'Simplification', 'Call']",False,True,False,True,True,False,"Жодна з нас і жоден з нас, незалежно від нашого сумління, віри або її відсутності, не може самостійно вирішувати за жінок."
pl_statements_20_02_2025_n02.txt,5524,5650,"Właśnie to umożliwiło dynamiczny rozwój i zdobycie uznania międzynarodowego, co doprowadziło do powstania królestwa polskiego.",[],[],False,False,False,False,False,False,"Саме це дозволило досягти динамічного розвитку та міжнародного визнання, що призвело до створення Польського королівства."
pl_defence_22_05_2024_n04.txt,1400,1509,"Ale wracając do merytoryki dzisiejszej debaty, chciałabym zadać panu premierowi, panu ministrowi dwa pytania.",[],[],False,False,False,False,False,False,"Але повертаючись до суті сьогоднішньої дискусії, я хотіла б поставити пану прем'єр-міністру та пану міністру два питання."
pl_abortion_11_04_2024_n06.txt,1430,1577,"Każdej kobiety, która ma przed sobą pozytywny wynik testu ciążowego, która ma swoją historię, która ma swoje doświadczenia i która ma swoje powody.",[],[],False,False,False,False,False,False,"Кожна жінка, яка має перед собою позитивний результат тесту на вагітність, яка має свою історію, яка має свій досвід і яка має свої причини."
pl_abortion_11_04_2024_n02.txt,5914,5983,"Usłyszcie lekarzy, którzy chcą wykonywać zabiegi spokojnie. (Dzwonek)",['Repetition'],['Manipulative_Wording'],False,False,False,False,False,True,"Почуйте лікарів, які хочуть спокійно проводити операції. (Дзвінок)"
pl_abortion_11_04_2024_n11.txt,6516,6630,"Będzie też artykuł, który penalizuje – i słusznie – nieudzielenie pomocy temu, kto stoi wobec groźby utraty życia.",['Straw_Man'],['Distraction'],False,False,True,False,False,False,"Також буде стаття, яка карає – і справедливо – за ненадання допомоги тому, хто перебуває під загрозою втрати життя."
pl_defence_07_03_2025_n07.txt,3756,3805,Przywitajmy uczniów Szkoły Podstawowej nr 162 im.,[],[],False,False,False,False,False,False,Привітаймо учнів Школи № 162 ім.
pl_defence_22_05_2024_n04.txt,8027,8080,To położenie szczególnie wrażliwe w obecnej sytuacji.,['Appeal_to_Fear-Prejudice'],['Justification'],False,True,False,False,False,False,Це положення особливо вразливе в поточній ситуації.
pl_eu_03_04_2025_n05.txt,5572,5614,Dziękuję panu ministrowi za tę informację.,[],[],False,False,False,False,False,False,Дякую пану міністру за цю інформацію.
pl_defence_22_05_2024_n02.txt,9214,9267,Dofinansujmy i wzmocnijmy polskie służby wywiadowcze.,[],[],False,False,False,False,False,False,Донанасуймо та зміцнюймо польські розвідувальні служби.
pl_abortion_11_04_2024_n10.txt,8073,8329,"(Poseł Witold Tumanowicz: Zwróciłem uwagę na transparent przy mównicy.) Szkoda, że jest pan tak krótkowidzący i widzący tylko w jedną stronę. (Poseł Witold Tumanowicz: Pytam o to, czy to będzie standardem.) Zapraszam pana posła Jarosława Sachajkę, Kukiz’15.",['Questioning_the_Reputation'],['Attack_on_Reputation'],True,False,False,False,False,False,"(Депутат Вітольд Тумановіч: Я звернув увагу на транспарант біля трибуни.) Шкода, що ви так короткозорі і бачите лише в один бік. (Депутат Вітольд Тумановіч: Я запитую, чи це буде стандартом.) Запрошую пана депутата Ярослава Сахайку, Kukiz'15."
pl_abortion_11_04_2024_n14.txt,5675,5762,"Zapraszam pana posła Władysława Kurowskiego, Klub Parlamentarny Prawo i Sprawiedliwość.",[],[],False,False,False,False,False,False,"Запрошую пана посла Владислава Куровського, Парламентський клуб «Право і Справедливість»."
pl_abortion_11_04_2024_n03.txt,2905,3117,"Jak mam dzisiaj jako polityczka wytłumaczyć jej, jej koleżankom i wszystkim tym młodym kobietom, że ich zdrowie i życie zależą od widzimisię kilku panów w garniturach, którzy po prostu boją się panów w sutannach.","['Loaded_Language', 'Questioning_the_Reputation']","['Attack_on_Reputation', 'Manipulative_Wording']",True,False,False,False,False,True,"Як я сьогодні як політикиня маю пояснити їй, її подругам і всім тим молодим жінкам, що їхнє здоров'я і життя залежать від примхи кількох панів у костюмах, які просто бояться панів у сутанах."
pl_current_affairs_09_01_2025_n01.txt,2647,2780,"Chciałam zapytać, w jakiej ogólnej kwocie już zostały wypłacone pieniądze i na jaką ogólną kwotę zostały złożone wnioski w roku 2024.",[],[],False,False,False,False,False,False,"Я хотіла запитати, яку загальну суму грошей вже було виплачено та на яку загальну суму було подано заявки у 2024 році."
pl_statements_20_02_2025_n03.txt,961,1052,Także demokracja i praworządność znalazły się na ostatnich miejscach na liście priorytetów.,[],[],False,False,False,False,False,False,Також демократія та верховенство права опинилися на останніх місцях у списку пріоритетів.
pl_abortion_11_04_2024_n09.txt,5169,5174,Może…,[],[],False,False,False,False,False,False,Можливо…
pl_eu_03_04_2025_n02.txt,4488,4513,To jest 42. sprawozdanie.,[],[],False,False,False,False,False,False,Це 42-й звіт.
pl_hate_speech_act_19_12_2024_n07.txt,7618,7880,Pytanie: W jaki sposób proponowane zmiany w art. 256 § 1 k.k. zostaną zbalansowane z konstytucyjnym prawem do wolności słowa? (Dzwonek) Czy istnieją mechanizmy zabezpieczające przed ewentualnym nadużywaniem nowych przepisów w celu ograniczenia debaty publicznej?,['Doubt'],['Attack_on_Reputation'],True,False,False,False,False,False,"Питання: Як запропоновані зміни до статті 256 § 1 КК будуть збалансовані з конституційним правом на свободу слова? (Дзвоник) Чи існують механізми, які захищають від можливого зловживання новими положеннями для обмеження публічної дискусії?"
pl_abortion_11_04_2024_n03.txt,1839,2256,"Mam dzisiaj zaszczyt i przyjemność jako posłanka klubu parlamentarnego Lewicy i wnioskodawczyni projektu o bezpiecznym przerywaniu ciąży przedstawić państwu projekt, który jest oparty na trosce i empatii w stosunku do kobiet, które po 30 latach obowiązywania zakazu aborcji muszą w końcu odzyskać odebrane im wiele lat temu prawo do podejmowania samodzielnych decyzji w sprawie macierzyństwa, swojego zdrowia i życia.","['Appeal_to_Time', 'Appeal_to_Pity', 'Appeal_to_Values']","['Justification', 'Distraction', 'Call']",False,True,True,False,True,False,"Сьогодні маю честь і задоволення як депутатка парламентської фракції «Лівиці» та ініціаторка проєкту про безпечне переривання вагітності представити вам проєкт, який ґрунтується на турботі та емпатії до жінок, які після 30 років дії заборони абортів нарешті повинні повернути собі право на прийняття самостійних рішень щодо материнства, свого здоров’я та життя, відібране у них багато років тому."
pl_abortion_11_04_2024_n01.txt,1830,1889,W ostatnim miesiącu w Polsce 9 tys. kobiet przerwało ciążę.,['Appeal_to_Popularity'],['Justification'],False,True,False,False,False,False,В останній місяць у Польщі 9 тис. жінок перервали вагітність.
pl_statements_20_02_2025_n03.txt,8691,8823,W montażu słowno-muzycznym pt. „Ksiądz Jerzy Popiełuszko – człowiek prawdy” wystąpili młodzi artyści ze Szkoły Podstawowej nr 11 im.,[],[],False,False,False,False,False,False,У монтажі слово-музичному під назвою «Отець Єжи Попелюшко – людина правди» виступили молоді артисти з Початкової школи № 11 імені
pl_eu_12_06_2024_n02.txt,1035,1111,Natomiast odniosę się bezpośrednio do tych rozwiązań ustawowych. 7 miesięcy.,[],[],False,False,False,False,False,False,Проте я безпосередньо звернуся до цих законодавчих рішень. 7 місяців.
pl_eu_12_06_2024_n01.txt,3966,3990,Wielce Szanowni Państwo!,[],[],False,False,False,False,False,False,Шановні пані та панове!
pl_abortion_11_04_2024_n05.txt,5643,5680,Kobieta z ciążą zostaje sama ze sobą.,['Appeal_to_Pity'],['Distraction'],False,False,True,False,False,False,Жінка з вагітністю залишається сама з собою.
pl_abortion_11_04_2024_n09.txt,7013,7126,"Jako kobieta chcę się wypowiedzieć na temat tej manipulacji, której jesteśmy świadkami od wielu zresztą miesięcy.",[],[],False,False,False,False,False,False,"Як жінка, я хочу висловитися щодо цієї маніпуляції, свідком якої ми є вже багато місяців."
pl_hate_speech_act_19_12_2024_n04.txt,1555,1673,"Zredukowanie całego człowieka, w jego całej złożoności, we wszystkich jego cechach i doświadczeniach, do jednej cechy.",['Appeal_to_Fear-Prejudice'],['Justification'],False,True,False,False,False,False,"Зменшення всієї людини, в її всій складності, в усіх її рисах та досвіді, до однієї риси."
pl_abortion_11_04_2024_n09.txt,1474,1527,"Proszę, dotrzymajcie chociaż tej obietnicy wyborczej.",['Questioning_the_Reputation'],['Attack_on_Reputation'],True,False,False,False,False,False,"Будь ласка, дотримайтеся хоча б цієї передвиборної обіцянки."
pl_statements_20_02_2025_n01.txt,5616,5747,"Badania pokazują, że w ciągu ostatnich kilku lat liczba młodych ludzi zmagających się z tą chorobą wzrasta w zastraszającym tempie.","['Loaded_Language', 'Appeal_to_Fear-Prejudice']","['Justification', 'Manipulative_Wording']",False,True,False,False,False,True,"Дослідження показують, що за останні кілька років кількість молодих людей, які борються з цією хворобою, зростає в загрозливих темпах."
pl_abortion_11_04_2024_n12.txt,3092,3143,To dlaczego wy możecie podejmować decyzje za kogoś?,"['Appeal_to_Hypocrisy', 'False_Dilemma-No_Choice']","['Attack_on_Reputation', 'Simplification']",True,False,False,True,False,False,Чому ви можете приймати рішення за когось?
pl_hate_speech_act_19_12_2024_n03.txt,6468,6520,"Poseł Łukasz Schreiber: Już kończę, ostatnie zdanie.",[],[],False,False,False,False,False,False,"Депутат Лукаш Шрайбер: Я вже закінчую, останнє речення."
pl_statements_20_02_2025_n04.txt,851,892,"To tak, jak by co dobę znikała mała wieś.",['Appeal_to_Fear-Prejudice'],['Justification'],False,True,False,False,False,False,"Це так, ніби щодня зникає невелике село."
pl_hate_speech_act_19_12_2024_n08.txt,6926,7054,"Ile jest według pana płci?) Swoją drogą jestem bardzo ciekawy, co odpowie na to pan minister. (Poseł Marcin Józefaciuk: Są dwie.",[],[],False,False,False,False,False,False,"Скільки, на вашу думку, є статей?) До речі, мені дуже цікаво, що відповість на це пан міністр. (Депутат Марцін Йозефак: Є дві."
pl_abortion_11_04_2024_n03.txt,7914,7996,"Te bogatsze, zamożniejsze kobiety po prostu zapłacą i wyjadą na zabieg za granicę.",[],[],False,False,False,False,False,False,"Ці багатші, заможніші жінки просто заплатять і виїдуть на операцію за кордон."
pl_defence_22_05_2024_n02.txt,6205,6319,"Przypomnę, że niemiecka Reichswehra w czasie pokoju w 1933 r. liczyła 100 tys. żołnierzy, 5 lat później – 1,5 mln.",[],[],False,False,False,False,False,False,"Нагадаю, що німецька Рейхсвер під час миру в 1933 році налічувала 100 тисяч солдатів, через 5 років – 1,5 мільйона."
pl_abortion_11_04_2024_n11.txt,0,40,Poseł Jarosław Sachajko: Pani Marszałek!,[],[],False,False,False,False,False,False,Депутат Ярослав Сахайко: Пані Маршалку!
pl_hate_speech_act_19_12_2024_n08.txt,5014,5115,"Tworzycie pałkę do bicia po głowie wszystkich, których poglądy politykom Lewicy po prostu nie pasują.","['Loaded_Language', 'Appeal_to_Fear-Prejudice']","['Justification', 'Manipulative_Wording']",False,True,False,False,False,True,"Ви створюєте палицю, щоб бити по голові всіх, чиї політичні погляди просто не підходять політикам Лівиці."
pl_statements_20_02_2025_n01.txt,2109,2188,"Stany Zjednoczone wyszły z tej organizacji, Argentyna również, Węgry rozważają.",['Appeal_to_Popularity'],['Justification'],False,True,False,False,False,False,"Сполучені Штати вийшли з цієї організації, Аргентина також, Угорщина розглядає можливість виходу."
pl_current_affairs_09_01_2025_n02.txt,5095,5304,"Stopień wodny w Siarzewie to gwarancja bezpieczeństwa zapory we Włocławku, która jest mocno wysłużona i co roku wymaga poważnego doinwestowania finansowego, by nie zagrozić katastrofą powodziową i ekologiczną.",[],[],False,False,False,False,False,False,"Водопропускна споруда в Сіаржеві – це гарантія безпеки греблі у Влоцлавеку, яка сильно зношена і щороку потребує значних фінансових інвестицій, щоб не загрожувати катастрофічною повінню та екологічною катастрофою."
pl_hate_speech_act_19_12_2024_n09.txt,3176,3405,"Czy ofiary przestępstw z nienawiści, szczególnie osoby z niepełnosprawnością, osoby starsze będą mogły liczyć na pomoc prawną z Funduszu Sprawiedliwości? (Dzwonek) Czy Fundusz Sprawiedliwości będzie przywrócony ofiarom? (Oklaski)",[],[],False,False,False,False,False,False,"Чи жертви злочинів на ґрунті ненависті, особливо люди з інвалідністю, люди похилого віку, зможуть розраховувати на правову допомогу з Фонду Справедливості? (Дзвінок) Чи Фонд Справедливості буде відновлено для жертв? (Оплески)"
pl_defence_07_03_2025_n02.txt,2273,2378,W imieniu Klubu Parlamentarnego Koalicja Obywatelska głos zabierze pan przewodniczący Zbigniew Konwiński.,[],[],False,False,False,False,False,False,Від імені парламентського клубу «Громадянська коаліція» слово бере пан голова Збігнєв Конвінський.
pl_abortion_11_04_2024_n09.txt,7256,7388,"Zabijanie drugiego człowieka co do zasady nie może być prawem, a połowa abortowanych dzieci to są dziewczynki, one też są kobietami.","['False_Equivalence', 'Loaded_Language', 'Appeal_to_Fear-Prejudice']","['Justification', 'Simplification', 'Manipulative_Wording']",False,True,False,True,False,True,"Вбивство іншої людини в принципі не може бути правом, а половина абортованих дітей – це дівчатка, вони теж є жінками."
pl_hate_speech_act_19_12_2024_n10.txt,960,990,Chcecie walczyć z nienawiścią?,['Appeal_to_Hypocrisy'],['Attack_on_Reputation'],True,False,False,False,False,False,Хочете боротися з ненавистю?
pl_abortion_11_04_2024_n10.txt,2278,2399,"Niekwestionowanym obowiązkiem każdego rodzica jest wsparcie swoich dzieci, zadbanie o ich zdrowie i o ich bezpieczeństwo.",['Appeal_to_Values'],['Justification'],False,True,False,False,False,False,"Безсумнівним обов'язком кожного батька є підтримка своїх дітей, турбота про їхнє здоров'я та безпеку."
pl_defence_07_03_2025_n07.txt,6562,6699,"To, co jest dzisiaj potrzebne, i słusznie pan premier o tym wspomniał, to zwrócenie się w stronę Turcji i zwrócenie się w stronę Rumunii.",['Appeal_to_Time'],['Call'],False,False,False,False,True,False,"Те, що потрібно сьогодні, і пан прем'єр-міністр про це згадав, – це звернення до Туреччини та звернення до Румунії."
pl_current_affairs_09_01_2025_n03.txt,5376,5390,To wtedy było.,[],[],False,False,False,False,False,False,Ось так було.
pl_hate_speech_act_19_12_2024_n04.txt,7572,7835,"Dlatego Klub Parlamentarny Polskie Stronnictwo Ludowe złożył również poselski projekt ustawy w sprawie tzw. mowy nienawiści, który z kolei w postępowaniu cywilnym przewiduje trzy uproszczone tryby postępowania w sprawach o naruszenie dóbr osobistych w Internecie.",['Appeal_to_Time'],['Call'],False,False,False,False,True,False,"Тому Клуб Парламенту Польського Народного Руху також подав депутатський законопроект про так звану «мову ненависті», який, у свою чергу, у цивільному провадженні передбачає три спрощені процедури розгляду справ про порушення особистих прав в Інтернеті."
pl_defence_07_03_2025_n03.txt,3461,3486,To jesteśmy winni Polsce.,"['Conversation_Killer', 'Flag_Waving']","['Justification', 'Call']",False,True,False,False,True,False,Ми винні цьому Польщі.
pl_abortion_11_04_2024_n07.txt,4488,4703,"Nienarodzone dziecko jest także podmiotem praw pacjenta, pacjentem, którego, zamiast leczyć, lekarze będą mogli bądź będą zmuszeni w świetle proponowanego prawa zabić, bo jest niechciane albo tylko dlatego, że żyje.","['Appeal_to_Values', 'Appeal_to_Fear-Prejudice']",['Justification'],False,True,False,False,False,False,"Ненароджена дитина також є суб'єктом прав пацієнта, пацієнтом, якого лікарі зможуть або будуть змушені вбити відповідно до запропонованого закону, оскільки вона небажана або лише тому, що живе."
pl_current_affairs_09_01_2025_n03.txt,3488,3511,Dopiero 4 lata po niej.,['Doubt'],['Attack_on_Reputation'],True,False,False,False,False,False,Тільки через 4 роки після цього.
pl_defence_22_05_2024_n01.txt,6005,6063,Za pierwszego Tuska zmniejszyliście tę jednostkę do pułku.,[],[],False,False,False,False,False,False,За першого Туска ви зменшили цю одиницю до полку.
pl_hate_speech_act_19_12_2024_n01.txt,2749,2881,"Często mówi się też o mowie nienawiści, która wynika wprost z uprzedzeń w stosunku do konkretnych grup społecznych, z dyskryminacji.",['Loaded_Language'],['Manipulative_Wording'],False,False,False,False,False,True,"Часто також говорять про мову ненависті, яка виникає безпосередньо з упереджень щодо конкретних соціальних груп, з дискримінації."
pl_eu_12_06_2024_n02.txt,585,632,Podstawowe pytanie: Jaka to będzie prezydencja?,[],[],False,False,False,False,False,False,Основне питання: Якою буде ця президентська каденція?
pl_eu_03_04_2025_n06.txt,3997,4093,"Natomiast taka tępa antywęgierska propaganda, taka zwykła małostkowość nie powinna mieć miejsca.",['Name_Calling-Labeling'],['Attack_on_Reputation'],True,False,False,False,False,False,"Проте така тупа антиугорська пропаганда, така звичайна дріб’язковість не повинна мати місця."
pl_abortion_11_04_2024_n06.txt,2663,2699,Poseł Monika Rosa: Szanowni państwo…,[],[],False,False,False,False,False,False,Депутат Моніка Роза: Шановні пані та панове…
pl_hate_speech_act_19_12_2024_n03.txt,5590,5802,"Był pytany przez dziennikarzy i potwierdził, że takie prawo ma zagrozić więzieniem np. kibicom sportowym za antyimigrancki transparent „Refugees welcome” czy kibicom Polonii za transparent „Strefa wolna od LGBT”.",['Appeal_to_Hypocrisy'],['Attack_on_Reputation'],True,False,False,False,False,False,"Його запитали журналісти, і він підтвердив, що таке право може загрожувати в'язницею, наприклад, футбольним уболівальникам за антиімміграційний банер «Ласкаво просимо біженців» або уболівальникам «Полонії» за банер «Зона, вільна від ЛГБТ»."
pl_eu_03_04_2025_n03.txt,98,320,"Podkreślaliśmy też, że Polska wspierała i inicjowała prace nad poprawą zdolności obronnych Unii Europejskiej, i rozwijaniem europejskiej bazy przemysłowej i współpracy w zakresie cyberbezpieczeństwa i mobilności wojskowej.",[],[],False,False,False,False,False,False,"Ми також наголошували, що Польща підтримувала та ініціювала роботу над покращенням оборонних можливостей Європейського Союзу, а також розвитком європейської промислової бази та співпраці у сфері кібербезпеки та військової мобільності."
pl_eu_12_06_2024_n03.txt,1164,1231,"Pan poseł Paweł Hreniak, Klub Parlamentarny Prawo i Sprawiedliwość.",[],[],False,False,False,False,False,False,"Пане посол Павел Хреніак, Парламентський клуб Право і Справедливість."
pl_defence_22_05_2024_n03.txt,0,54,"Wicemarszałek Włodzimierz Czarzasty: Dziękuję, bardzo.",[],[],False,False,False,False,False,False,"Віцемаршалок Влодзімеж Чарзастий: Дякую, дуже."
pl_defence_22_05_2024_n02.txt,192,260,"Donald Tusk wiosną tego roku mówił, że żyjemy w epoce przedwojennej.",['Appeal_to_Fear-Prejudice'],['Justification'],False,True,False,False,False,False,"Дональд Туск навесні цього року сказав, що ми живемо в передвоєнну епоху."
pl_defence_22_05_2024_n03.txt,4143,4180,Bezpieczeństwo Polski ponad wszystko.,['Flag_Waving'],['Justification'],False,True,False,False,False,False,Безпека Польщі понад усе.
pl_defence_22_05_2024_n03.txt,2453,2545,"Siedzi przedstawiciel Ministerstwa Aktywów Państwowych i mówi: tak, ale ja czekam na wojsko.",[],[],False,False,False,False,False,False,"Сидить представник Міністерства державного майна і каже: так, але я чекаю на армію."
pl_abortion_11_04_2024_n03.txt,5853,6143,"Lekarze zarabiali na aborcjach, także ci, którzy dzisiaj znaj- dują się po prawej stronie sceny politycznej i na co dzień pracują tutaj jako posłowie. (Oklaski) Rozwija- ła się turystyka aborcyjna, kwitły chwilówki i dalej wszyscy udawali, że nie widzą, nie wiedzą, i wciąż byli zadowoleni.","['Appeal_to_Hypocrisy', 'Loaded_Language']","['Attack_on_Reputation', 'Manipulative_Wording']",True,False,False,False,False,True,"Лікарі заробляли на абортах, зокрема ті, хто сьогодні перебуває на правому боці політичної сцени та щодня працює тут як депутати. (Оплески) Розвивалася туристична індустрія абортів, процвітали короткострокові кредити, і всі продовжували вдавати, що не бачать, не знають, і все ще були задоволені."
pl_hate_speech_act_19_12_2024_n07.txt,6070,6186,"Personel wyprasza delikwenta, jednak ten protestuje, podając, że według jego identyfikacji płciowej on jest kobietą.",['Straw_Man'],['Distraction'],False,False,True,False,False,False,"Персонал просить деліквента піти, але той протестує, заявляючи, що згідно з його гендерною ідентичністю він жінка."
pl_abortion_11_04_2024_n08.txt,4633,4682,Technicznie to jest dokładnie to samo co aborcja.,[],[],False,False,False,False,False,False,"Технічно це те саме, що й аборт."
pl_eu_03_04_2025_n04.txt,4859,4874,Panie Posłanki!,[],[],False,False,False,False,False,False,Пані Послівко!
pl_eu_03_04_2025_n07.txt,1388,1561,"Jeżeli w każdym dokumencie zaczynacie od tego, że najważniejszym polskim interesem jest Ukraina, to chyba polski rolnik niczego dobrego po tej ciszy spodziewać się nie może.",['Questioning_the_Reputation'],['Attack_on_Reputation'],True,False,False,False,False,False,"Якщо в кожному документі ви починаєте з того, що найважливішим польським інтересом є Україна, то, мабуть, польський фермер не може очікувати нічого доброго від цієї тиші."
pl_hate_speech_act_19_12_2024_n01.txt,4363,4954,"Przywołując zalecenia Komitetu Rady Ministrów Europy z 2022 r., wprost się wskazuje, że mowa nienawiści to wszystkie rodzaje wyrażania, które promują, rozpowszechniają lub usprawiedliwiają przemoc i nienawiść wobec osoby lub grupy osób oraz dyskryminację tych osób bądź które je oczerniają ze względu na ich status czy rzeczywiste lub przypisane cechy osobiste, takie jak rasa, kolor skóry, język, religia, narodowość, pochodzenie narodowe lub etniczne, wiek, niepełnosprawność, płeć, tożsamość płciowa i orientacja seksualna, a także podżegają do tej przemocy, nienawiści lub dyskryminacji.","['Obfuscation-Vagueness-Confusion', 'Appeal_to_Authority']","['Justification', 'Manipulative_Wording']",False,True,False,False,False,True,"Посилаючись на рекомендації Комітету міністрів Ради Європи від 2022 року, прямо вказується, що мова ненависті – це всі види висловлювань, які пропагують, поширюють або виправдовують насильство та ненависть до особи чи групи осіб, а також дискримінують цих осіб або очорнюють їх через їхній статус чи реальні або приписувані особисті риси, такі як раса, колір шкіри, мова, релігія, національність, національне або етнічне походження, вік, інвалідність, стать, гендерна ідентичність та сексуальна орієнтація, а також підбурюють до цього насильства, ненависті або дискримінації."
pl_abortion_11_04_2024_n01.txt,310,345,Dziękujemy wam bardzo za przybycie.,[],[],False,False,False,False,False,False,"Дякуємо вам дуже за те, що ви прийшли."
pl_defence_07_03_2025_n06.txt,8981,8992,No litości.,['Loaded_Language'],['Manipulative_Wording'],False,False,False,False,False,True,Без жалю.
pl_defence_22_05_2024_n03.txt,1843,1884,Serdecznie pozdrawiam panią prezes z WZM.,[],[],False,False,False,False,False,False,Щиро вітаю пані президента з ВЗМ.
pl_defence_22_05_2024_n02.txt,2871,2989,"Polski żołnierz słyszy od marszałka Hołowni, że będzie wdeptywał Putina w ziemię, a często nie ma nawet dobrych butów.","['Exaggeration-Minimisation', 'Loaded_Language', 'Doubt']","['Attack_on_Reputation', 'Manipulative_Wording']",True,False,False,False,False,True,"Український солдат чує від маршала Холуні, що буде втискати Путіна в землю, а часто навіть не має хорошого взуття."
pl_abortion_11_04_2024_n02.txt,2549,2631,"Pomoc w aborcji to jest wyraz troski, szacunku do drugiej osoby, to jest wsparcie.",['Appeal_to_Values'],['Justification'],False,True,False,False,False,False,"Допомога в аборті – це прояв турботи, поваги до іншої людини, це підтримка."
pl_abortion_11_04_2024_n12.txt,6798,6847,"Ludzie prawi to ci, którzy żyją zgodnie z prawem.","['Slogans', 'Questioning_the_Reputation']","['Attack_on_Reputation', 'Call']",True,False,False,False,True,False,"Люди правові – це ті, хто живуть згідно із законом."
pl_defence_07_03_2025_n03.txt,4933,4962,To jest fundamentalnie ważne.,['Loaded_Language'],['Manipulative_Wording'],False,False,False,False,False,True,Це фундаментально важливо.
pl_abortion_11_04_2024_n12.txt,1153,1189,Czy to dziecko komukolwiek zawiniło?,['Appeal_to_Pity'],['Distraction'],False,False,True,False,False,False,Чи ця дитина комусь нашкодила?
pl_defence_07_03_2025_n04.txt,4694,4776,Wczoraj liderzy na szczycie w Brukseli dali zielone światło na dozbrajanie Europy.,[],[],False,False,False,False,False,False,Вчора лідери на саміті в Брюсселі дали зелене світло на доозброєння Європи.
pl_abortion_11_04_2024_n02.txt,5620,5683,Dlatego apeluję do wszystkich posłów i posłanek: usłyszcie nas.,['Slogans'],['Call'],False,False,False,False,True,False,Тому закликаю всіх депутатів: почуйте нас.
pl_defence_07_03_2025_n08.txt,7824,7941,"To, co wydarzyło się 3 lata temu, kiedy rozpoczęła się pełnoskalowa inwazja, sprawiło, że te relacje zostały zerwane.",['Loaded_Language'],['Manipulative_Wording'],False,False,False,False,False,True,"Те, що сталося 3 роки тому, коли почалася повномасштабна інвазія, призвело до того, що ці відносини були розірвані."
pl_defence_07_03_2025_n04.txt,8585,8815,"Dzisiaj można śmiało powiedzieć, że minister obrony narodowej Władysław Kosiniak-Kamysz jest nie tylko partnerem dla szefa Pentagonu, lecz również swoistym łącznikiem Unii Europejskiej, Polski z administracją Stanów Zjednoczonych.",['Exaggeration-Minimisation'],['Manipulative_Wording'],False,False,False,False,False,True,"Сьогодні можна сміливо сказати, що міністр оборони національної оборони Владислав Косіняк-Камиш є не лише партнером для голови Пентагону, але й своєрідним зв’язковим між Європейським Союзом, Польщею та адміністрацією Сполучених Штатів."
pl_defence_22_05_2024_n02.txt,6629,6727,"Zmiany w prawie i nowelizacje ustaw obronnych powinny się dokonywać natychmiast, nawet co miesiąc.",['Appeal_to_Time'],['Call'],False,False,False,False,True,False,"Зміни в законодавстві та оновлення законів про оборону повинні відбуватися негайно, навіть щомісяця."
pl_defence_22_05_2024_n01.txt,7013,7061,(Głos z sali: Hełmy zardzewiałe.) 5 tys. hełmów.,"['Loaded_Language', 'Questioning_the_Reputation']","['Attack_on_Reputation', 'Manipulative_Wording']",True,False,False,False,False,True,(Голос з залу: Шоломи заржавілі.) 5 тис. шоломів.
pl_abortion_11_04_2024_n02.txt,4516,4666,"Byłam wręcz przekonana, że to zrobimy, że wprowadzimy dekryminalizację aborcji, bo przecież to jest projekt tak naprawdę zachowawczy, to jest minimum.",[],[],False,False,False,False,False,False,"Я була переконана, що ми це зробимо, що запровадимо декриміналізацію абортів, адже це насправді консервативний проєкт, це мінімум."
pl_eu_03_04_2025_n01.txt,4618,4705,Dzięki aktywności Polski przyjęto kolejny pakiet sankcji z ponad 130 nowymi podmiotami.,[],[],False,False,False,False,False,False,Завдяки активності Польщі було прийнято черговий пакет санкцій з понад 130 новими суб'єктами.
pl_current_affairs_09_01_2025_n02.txt,3826,3909,Bardzo serdecznie państwu dziękuję za to bardzo ważne pytanie i dyskusję. (Oklaski),[],[],False,False,False,False,False,False,Дуже щиро дякую вам за це дуже важливе питання та дискусію. (Оплески)
pl_defence_07_03_2025_n03.txt,3564,3930,"Szanowni państwo, przywitajmy przysłuchujących się naszym obradom przedstawicieli koła gospodyń wiejskich z powiatu puckiego – witamy bardzo serdecznie – a także uczniów Zespołu Szkół Ekonomicznych w Starogardzie Gdańskim, których także witamy bardzo serdecznie. (Oklaski) Stanowisko Klubu Parlamentarnego Polska 2050 – Trzecia Droga przedstawi pan poseł Paweł Śliz.",[],[],False,False,False,False,False,False,"Шановні пані та панове, привітаймо представників Асоціації сільських господинь з Пуцького повіту, які слухають наші дебати, – вітаємо їх дуже сердечно – а також учнів Економічного навчального закладу в Старогарді Гданському, яких також вітаємо дуже сердечно. (Оплески) Позицію Парламентського клубу Polska 2050 – Trzecia Droga представить пан депутат Павел Сліз."
pl_eu_03_04_2025_n07.txt,2992,3130,"Fantastyczny naród, fantastyczne państwo z piękną historią, związaną także z polskim narodem, natomiast mają pecha do obecnych rządzących.","['Loaded_Language', 'Repetition']",['Manipulative_Wording'],False,False,False,False,False,True,"Фантастичний народ, фантастична держава з прекрасною історією, пов'язаною також з польським народом, але їм не щастить з нинішніми правителями."
pl_eu_12_06_2024_n01.txt,6640,6830,"Jest paradoksem, że tego rodzaju – w mojej opinii – budzące wątpliwości co do zgodności z prawem unijnym rozwiązanie jest przyjmowane akurat w celu organizacji polskiej prezydencji w Radzie.",['Doubt'],['Attack_on_Reputation'],True,False,False,False,False,False,"Це парадокс, що такого роду – на мій погляд – рішення, яке викликає сумніви щодо відповідності праву ЄС, приймається саме для організації польського головування в Раді."
pl_abortion_11_04_2024_n11.txt,285,339,O ile zwiększy się finansowanie opieki okołoporodowej?,['Repetition'],['Manipulative_Wording'],False,False,False,False,False,True,На скільки збільшиться фінансування перинатальної допомоги?
pl_eu_12_06_2024_n03.txt,6069,6125,"Uczcie się, bo zawsze warto, na każdym etapie. (Oklaski)",['Questioning_the_Reputation'],['Attack_on_Reputation'],True,False,False,False,False,False,"Вчіться, бо це завжди варто, на кожному етапі. (Оплески)"
pl_eu_03_04_2025_n05.txt,3852,4070,"W pozostałym zakresie Węgry jednak nie zrealizowały wielu deklarowanych priorytetów, a sama prezydencja została trafnie określona jako zmarnowana szansa dla Unii Europejskiej, nad czym oczywiście Polska bardzo ubolewa.","['Loaded_Language', 'Doubt']","['Attack_on_Reputation', 'Manipulative_Wording']",True,False,False,False,False,True,"В іншому випадку Угорщина не виконала багатьох заявлених пріоритетів, а саме головування було точно визначено як втрачена можливість для Європейського Союзу, що, звичайно, дуже засмучує Польщу."
pl_abortion_11_04_2024_n10.txt,2168,2227,Zapraszam do głosu panią poseł Joannę Wichę z klubu Lewica.,[],[],False,False,False,False,False,False,Запрошую до слова пані Йоанну Віху з клубу Lewica.
pl_eu_12_06_2024_n04.txt,2727,2745,Zapraszam państwa.,[],[],False,False,False,False,False,False,Запрошуємо вас.
pl_abortion_11_04_2024_n07.txt,3046,3055,Co dalej?,[],[],False,False,False,False,False,False,Що далі?
pl_abortion_11_04_2024_n05.txt,1696,1720,I to jest pierwszy krok.,[],[],False,False,False,False,False,False,І це перший крок.
pl_eu_03_04_2025_n07.txt,8099,8239,"Chodziło o to, że NATO-wskie instalacje wojska mają się cofnąć za linię tego nowego, ostatniego rozszerzenia NATO-wskiego na Europę Środkową.",[],[],False,False,False,False,False,False,"Мова йшла про те, що НАТОвські військові об'єкти мають відступити за лінію останнього розширення НАТО на Центральну Європу."
pl_statements_20_02_2025_n04.txt,4523,4703,Non possumus – tą łacińską sentencją jako katolik pragnę odnieść się do destruktywnych działań Ministerstwa Kultury i Dziedzictwa Narodowego wobec Muzeum Pamięć i Tożsamość im. św.,"['Loaded_Language', 'Appeal_to_Values']","['Justification', 'Manipulative_Wording']",False,True,False,False,False,True,Non possumus – цією латинській сентенцією як католик хочу звернутися до руйнівних дій Міністерства культури та національної спадщини щодо Музею Пам'ять і Тотожність ім. св.
pl_hate_speech_act_19_12_2024_n10.txt,1534,1571,Poseł Dorota Łoboda: Panie Marszałku!,[],[],False,False,False,False,False,False,Пані Маршалку!
pl_abortion_11_04_2024_n05.txt,4412,4630,"Bo państwo zawodzi, bo politycy zabrali kobietom wolność: wolność, która niesie ze sobą możliwość wyboru; wolność, która niesie ze sobą możliwość podejmowania decyzji; wolność, która jest prawem do decydowania o sobie.","['Exaggeration-Minimisation', 'Questioning_the_Reputation', 'Appeal_to_Values', 'Repetition']","['Attack_on_Reputation', 'Justification', 'Manipulative_Wording']",True,True,False,False,False,True,"Бо держава не справляється, бо політики забрали у жінок свободу: свободу, яка несе з собою можливість вибору; свободу, яка несе з собою можливість прийняття рішень; свободу, яка є правом вирішувати за себе."
pl_abortion_11_04_2024_n01.txt,268,309,"Panowie, halo, szanujmy wszystkich gości.",[],[],False,False,False,False,False,False,"Панове, привіт, поважаймо всіх гостей."
pl_defence_22_05_2024_n02.txt,8695,8802,Wciąż nie mamy wydanych brakujących rozporządzeń do pisanej na kolanie przez PiS ustawy o obronie Ojczyzny.,"['Loaded_Language', 'Repetition']",['Manipulative_Wording'],False,False,False,False,False,True,"Досі не видано відсутніх постанов до закону про оборону Вітчизни, написаного на коліні партією PiS."
pl_current_affairs_09_01_2025_n02.txt,140,146,Mogę?),[],[],False,False,False,False,False,False,Чи можу я?)
pl_eu_03_04_2025_n05.txt,2223,2444,"Zanim przejdziemy do kolejnego wystąpienia, chciałbym przywitać gości przysłuchujących się naszym obradom, a mianowicie mieszkańców gminy Puck i uczniów z Redy goszczących tu na zaproszenie pana posła Michała Kowalskiego.",[],[],False,False,False,False,False,False,"Перш ніж перейти до наступного виступу, я хотів би привітати гостей, які слухають наші дебати, а саме мешканців гміни Пуцьк та учнів з Реди, які тут гостюють на запрошення пана посла Міхала Ковальські."
pl_defence_07_03_2025_n03.txt,8026,8109,"Demokracja, wolność, praworządność – to jest właśnie ta siła, która buduje sojusze.",['Slogans'],['Call'],False,False,False,False,True,False,"Демократія, свобода, верховенство права – це саме та сила, яка будує союзи."
pl_defence_07_03_2025_n02.txt,6884,7057,"Polska podąża wreszcie drogą nie podległości, a niepodległości. (Poseł Krzysztof Ciecióra: Słabe to było, panie pośle.) (Poseł Anna Paluch: Słabe i załgane do szpiku kości.)","['Flag_Waving', 'Loaded_Language', 'Slogans', 'Questioning_the_Reputation']","['Attack_on_Reputation', 'Justification', 'Call', 'Manipulative_Wording']",True,True,False,False,True,True,"Польща нарешті йде шляхом незалежності, а не залежності. (Депутат Кшиштоф Цеціора: Це було слабо, пане депутате.) (Депутат Анна Палюх: Слабо і фальшиво до глибини душі.)"
pl_abortion_11_04_2024_n04.txt,4271,4391,"Czy polskie kobiety oczekują od nas, polityczek i polityków, kłótni i krzyków z mównicy, wewnętrznych wojen i obrażania?","['Appeal_to_Values', 'Straw_Man']","['Justification', 'Distraction']",False,True,True,False,False,False,"Чи польські жінки очікують від нас, політикинь і політиків, сварок і криків з трибуни, внутрішніх війн і образ?"
pl_defence_07_03_2025_n04.txt,7892,7998,Kluczowe dla nas jest również utrzymanie jedności państw w ramach NATO i wspólnego stanowiska wobec Rosji.,[],[],False,False,False,False,False,False,Для нас також важливо підтримувати єдність країн у рамках НАТО та спільну позицію щодо Росії.
pl_abortion_11_04_2024_n12.txt,7051,7098,"Ale że to ma być runda pytań, to zadam pytanie.",[],[],False,False,False,False,False,False,"Але оскільки це має бути раунд запитань, я задам питання."
pl_hate_speech_act_19_12_2024_n03.txt,7123,7233,"Od wielu lat polskie prawo było krytykowane za zbyt wąski katalog grup, których może dotyczyć mowa nienawiści.",[],[],False,False,False,False,False,False,"Протягом багатьох років польське законодавство критикувалося за занадто вузький перелік груп, на які може поширюватися мова ненависті."
pl_statements_20_02_2025_n02.txt,2922,3405,"W styczniu 2025 r. (Gwar na sali, dzwonek) minęła 1. rocznica nieprzekazania posłom Komisji Ochrony Środowiska, Zasobów Naturalnych i Leśnictwa analiz społeczno-gospodarczo-przyrodniczych, które były podstawą (Gwar na sali, dzwonek) wprowadzenia w życie przez dyrektora generalnego Lasów Państwowych polecenia pani minister Pauliny Hennig-Kloski z dnia 8 stycznia 2024 r. w sprawie tzw. moratorium, czyli zaniechania zrównoważonej gospodarki leśnej na powierzchni blisko 100 tys. ha.",[],[],False,False,False,False,False,False,"У січні 2025 року (Гучний дзвінок у залі) минув 1 рік з моменту непередачі депутатам Комісії з охорони навколишнього середовища, природних ресурсів та лісового господарства соціально-економічно-природних аналізів, які були основою (Гучний дзвінок у залі) для впровадження генеральним директором Державних лісів розпорядження пані міністерки Пауліни Генніг-Клоскі від 8 січня 2024 року щодо так званого мораторію, тобто припинення сталого лісового господарства на площі близько 100 тис. га."
pl_eu_03_04_2025_n02.txt,2328,2499,"To będzie ważna dyskusja już w kolejnych prezydencjach: i w czasie polskiej prezydencji, i w czasie kolejnej prezydencji, bo będzie wpływała na wieloletnie ramy finansowe.",['Repetition'],['Manipulative_Wording'],False,False,False,False,False,True,"Це буде важлива дискусія вже в наступних президентствах: і під час польського президентства, і під час наступного президентства, оскільки вона впливатиме на багаторічні фінансові рамки."
pl_defence_22_05_2024_n04.txt,4299,4309,I pytanie…,[],[],False,False,False,False,False,False,Питання…
pl_eu_12_06_2024_n04.txt,7409,7508,Będziemy w tej chwili żelazem wypalać wszystkie wasze przypadki korupcji i wyprowadzenia pieniędzy.,"['Loaded_Language', 'Questioning_the_Reputation']","['Attack_on_Reputation', 'Manipulative_Wording']",True,False,False,False,False,True,Ми зараз залізом випалимо всі ваші випадки корупції та виведення грошей.
pl_defence_22_05_2024_n01.txt,4942,5061,Pierwsze egzemplarze już niedługo będą na wyposażeniu Wojska Polskiego – dziś są w starszej wersji – zamówione później.,[],[],False,False,False,False,False,False,Перші зразки вже незабаром будуть на озброєнні Війська Польського – сьогодні вони в старій версії – замовлені пізніше.
pl_statements_20_02_2025_n01.txt,3583,3620,Poseł Grzegorz Lorek: Pani Marszałek!,[],[],False,False,False,False,False,False,Депутат Гжегож Лорек: Пані Маршалку!
pl_eu_03_04_2025_n01.txt,3279,3410,Mimo niesprzyjających warunków Polska konstruktywnie współpracowała na rzecz interesów polskich i wspólnych interesów europejskich.,[],[],False,False,False,False,False,False,"Незважаючи на несприятливі умови, Польща конструктивно співпрацювала в інтересах польських та спільних європейських інтересів."
pl_hate_speech_act_19_12_2024_n09.txt,2895,3175,"Wyższy wymiar kary to jest nasz sprzeciw wobec szerzenia mowy nienawiści i kreowania mody na hejt i na dyskryminację ze względów rasowych, narodowościowych, etnicznych i religijnych oraz ze względu na orientację seksualną, wobec osób z niepełnosprawnościami, wobec osób starszych.",['Appeal_to_Values'],['Justification'],False,True,False,False,False,False,"Більш суворе покарання – це наш протест проти поширення ненависті та створення моди на хейт і дискримінацію за расовою, національною, етнічною та релігійною ознакою, а також через сексуальну орієнтацію, проти людей з інвалідністю та людей похилого віку."
pl_abortion_11_04_2024_n12.txt,1237,1272,"Nie, nikomu nie wyrządziło krzywdy.",['Appeal_to_Pity'],['Distraction'],False,False,True,False,False,False,"Ні, ніхто нікому не завдав шкоди."
pl_defence_07_03_2025_n04.txt,4142,4192,Wicemarszałek Piotr Zgorzelski: Bardzo dziękujemy.,[],[],False,False,False,False,False,False,Віцемаршалок Пьотр Згожельський: Дуже дякуємо.
pl_hate_speech_act_19_12_2024_n04.txt,390,502,"Pokażcie, że dla nich chcecie naprawić dziś to, czego nie zdołaliście w swej niemocy zrobić przez ostatnie lata.",['Doubt'],['Attack_on_Reputation'],True,False,False,False,False,False,"Покажіть, що ви хочете виправити те, чого не змогли зробити через свою слабкість протягом останніх років."
pl_defence_07_03_2025_n04.txt,6027,6191,"Polska podtrzymuje swoje stanowisko, akcentując potrzebę promowania w ramach Unii Europejskiej zarówno wspólnych, jak i krajowych zakupów oraz produkcji uzbrojenia.",[],[],False,False,False,False,False,False,"Польща підтримує свою позицію, наголошуючи на необхідності сприяння в рамках Європейського Союзу як спільним, так і національним закупівлям та виробництву озброєння."
pl_hate_speech_act_19_12_2024_n08.txt,1554,1671,"Witam was bardzo serdecznie. (Oklaski) (Głos z sali: Brawo!) Bardzo proszę, pan poseł Konrad Berkowicz, Konfederacja.",[],[],False,False,False,False,False,False,"Вітаю вас дуже сердечно. (Оплески) (Голос із залу: Браво!) Дуже прошу, пане депутате Конраде Берковічу, Конфедерація."
pl_abortion_11_04_2024_n12.txt,5719,5734,Dajcie nam żyć.,"['Flag_Waving', 'Slogans', 'Straw_Man', 'Repetition']","['Justification', 'Distraction', 'Call', 'Manipulative_Wording']",False,True,True,False,True,True,Дозвольте нам жити.
pl_hate_speech_act_19_12_2024_n02.txt,2978,3038,Zapraszam panią minister do spraw równości Katarzynę Kotulę.,[],[],False,False,False,False,False,False,Запрошую пані міністерку з питань рівності Катажину Котулу.
pl_abortion_11_04_2024_n10.txt,5096,5314,"Ja wiem, że dzisiaj i Lewica, i koalicja, i Prawo i Sprawiedliwość, episkopat, Konfederacja sprzeciwiają się referendum, ale my musimy działać skutecznie, a referendum jest najwyższym wymiarem demokracji bezpośredniej.",['Appeal_to_Popularity'],['Justification'],False,True,False,False,False,False,"Я знаю, що сьогодні і Лівиця, і коаліція, і Право і Справедливість, єпископат, Конфедерація виступають проти референдуму, але ми повинні діяти ефективно, а референдум є найвищим рівнем прямої демократії."
pl_current_affairs_09_01_2025_n01.txt,909,1114,"Pytanie to kierowane jest do ministra rodziny, pracy i polityki społecznej, w imieniu którego odpowie sekretarz stanu w Ministerstwie Rodziny, Pracy i Polityki Społecznej pani ministra Aleksandra Gajewska.",[],[],False,False,False,False,False,False,"Це питання адресоване міністру сім'ї, праці та соціальної політики, від імені якого відповідатиме державний секретар Міністерства сім'ї, праці та соціальної політики пані міністр Олександра Гаєвська."
pl_abortion_11_04_2024_n03.txt,58,175,Bardzo proszę panią posłankę Katarzynę Kotulę o przedstawienie uzasadnienia projektu ustawy zawartego w druku nr 177.,[],[],False,False,False,False,False,False,"Дуже прошу пані депутатку Катажину Котулу представити обґрунтування законопроекту, що міститься в документі № 177."
pl_abortion_11_04_2024_n14.txt,5358,5393,Patrzcie dzisiaj politykom na ręce.,['Appeal_to_Time'],['Call'],False,False,False,False,True,False,Дивіться сьогодні на руки політикам.
pl_eu_03_04_2025_n07.txt,524,552,Czy wy sobie żarty stroicie?,['Loaded_Language'],['Manipulative_Wording'],False,False,False,False,False,True,Чи ви собі жарти робите?
pl_defence_07_03_2025_n07.txt,1011,1112,"To moment, w którym wiadomo, że będą się wycofywać z różnych miejsc świata i muszą wybrać priorytety.",['Consequential_Oversimplification'],['Simplification'],False,False,False,True,False,False,"Момент, коли відомо, що вони будуть відступати з різних місць світу і повинні вибрати пріоритети."
pl_abortion_11_04_2024_n07.txt,2567,2696,"Ich fałszywy heroizm i wygodnictwo nie byłyby jednak możliwe, gdyby nie wsparcie ruchu aborcyjnego, który rośnie w siłę od dekad.","['Loaded_Language', 'Questioning_the_Reputation']","['Attack_on_Reputation', 'Manipulative_Wording']",True,False,False,False,False,True,"Їхній фальшивий героїзм і конформізм не були б можливі, якби не підтримка абортного руху, який зростає протягом десятиліть."
pl_defence_22_05_2024_n04.txt,5905,6116,"Skorzystam z okazji, że jest pan premier (Dzwonek), i zapytam o interpelację, którą złożyłam w sprawie budowania jednostki w Sobieszynie, na którą czekają mieszkańcy Lubelszczyzny i nie tylko, mieszkańcy Polski.",[],[],False,False,False,False,False,False,"Використаю нагоду, що ви прем'єр-міністр (Дзвонек), і запитаю про інтерпеляцію, яку я подала щодо будівництва об'єкта в Собєшині, на яку чекають мешканці Люблінщини та не тільки, мешканці Польщі."
pl_eu_03_04_2025_n04.txt,3267,3444,"Prawdziwie ciekawa debata – już na nią czekam, panie ministrze – będzie za pół roku, kiedy się tu spotkamy i będziemy oceniać pańską pracę. (Poseł Agnieszka Pomaska: W wakacje.)",['Questioning_the_Reputation'],['Attack_on_Reputation'],True,False,False,False,False,False,"Справді цікава дискусія – вже чекаю на неї, пане міністре – буде за півроку, коли ми тут зустрінемося і будемо оцінювати вашу роботу. (Депутат Агнешка Помаська: У відпустці.)"
pl_hate_speech_act_19_12_2024_n04.txt,3406,3480,Choćby tylko dla osób młodych musimy przyjąć ten projekt ustawy. (Oklaski),[],[],False,False,False,False,False,False,Хоча б тільки заради молодих людей ми повинні прийняти цей законопроект. (Оплески)
pl_hate_speech_act_19_12_2024_n07.txt,4211,4459,"Przykładem jest dzisiejszy filmik posła Mentzena, który wraz z posłem Berkowiczem, członkiem Komisji Etyki Poselskiej, przy pakowaniu zakupionej choinki marzą o pakowaniu ciała w dywan i siatkę, podając przy tym moje nazwisko. (Głos z sali: Wstyd!)","['Loaded_Language', 'Questioning_the_Reputation']","['Attack_on_Reputation', 'Manipulative_Wording']",True,False,False,False,False,True,"Приклад – сьогоднішній відеоролик депутата Менцена, який разом із депутатом Берковичем, членом Комісії депутатської етики, під час пакування придбаної ялинки мріє про пакування тіла в килим і сітку, при цьому називаючи моє ім'я. (Голос із залу: Сором!)"
pl_eu_12_06_2024_n03.txt,7227,7427,"Poseł Szymon Szynkowski vel Sęk wyraził troskę – nareszcie – o rzetelność przeprowadzania zamówień publicznych związanych z prezydencją, krytykując art. 8 ustawy mówiący o trybie zamówień publicznych.",[],[],False,False,False,False,False,False,"Депутат Шимон Шиньковський вель Сек висловив занепокоєння – нарешті – щодо достовірності проведення публічних закупівель, пов’язаних з президентством, критикуючи статтю 8 закону, яка стосується порядку публічних закупівель."
pl_eu_12_06_2024_n01.txt,8364,8550,"Ustawa ma regulować to w taki sposób, że, po pierwsze, ilość nadgodzin nie będzie limitowana, po drugie, mogą to odbierać tylko jako rekompensatę, bez możliwości odbioru w czasie wolnym.",[],[],False,False,False,False,False,False,"Закон має регулювати це таким чином, що, по-перше, кількість понаднормових годин не буде обмежена, по-друге, їх можна буде отримати лише як компенсацію, без можливості отримання у вільний час."
pl_statements_20_02_2025_n01.txt,1096,1185,Pierwszego do wygłoszenia oświadczenia zapraszam pana posła Romana Fritza z Konfederacji.,[],[],False,False,False,False,False,False,Першого до виступу з заявою запрошую пана депутата Романа Фріца з Конфедерації.
pl_eu_03_04_2025_n05.txt,1317,1452,Pan poseł Mosiński protestuje przeciwko centrom integracji europejskiej. (Poseł Szymon Szynkowski vel Sęk: Bo zepsuliście ten projekt.),"['Appeal_to_Hypocrisy', 'Doubt']",['Attack_on_Reputation'],True,False,False,False,False,False,Пан посол Мосінський протестує проти центрів інтеграції європейської. (Посол Шимон Шиньковський вель Сек: Бо ви зіпсували цей проєкт.)
pl_eu_03_04_2025_n08.txt,7163,7300,"Oczywiście wy się powołujecie na to, że przyjęliśmy Ukraińców do Polski i że nie będziecie wprowadzać w życie zapisów paktu migracyjnego.",[],[],False,False,False,False,False,False,"Звісно, ви посилаєтесь на те, що ми прийняли українців до Польщі і що ви не будете впроваджувати в життя положення міграційного пакту."
pl_abortion_11_04_2024_n13.txt,1739,1782,Poseł Daria Gosek-Popiołek: Pani Marszałek!,[],[],False,False,False,False,False,False,Депутат Дарія Госек-Попіолек: Пані Маршалку!
pl_abortion_11_04_2024_n10.txt,945,986,Poseł Iwona Karolewska: Pani Marszałkini!,[],[],False,False,False,False,False,False,Депутат Івона Каролевська: Пані Маршалку!
pl_statements_20_02_2025_n01.txt,2409,2692,"Tydzień temu pani minister Paulina Hennig-Kloska (Gwar na sali, dzwonek) wydała polecenie dyrektorowi generalnemu Lasów Państwowych, aby wstrzymać do końca 2027 r. wszelkie cięcia w projektowanych i proponowanych rezerwatach, w tym tych zgłoszonych przez wszelkie kluby przyrodników.",[],[],False,False,False,False,False,False,"Тиждень тому пані міністр Пауліна Генніг-Клоска (Гучний сміх у залі, дзвінок) видала розпорядження генеральному директору Державних лісів, щоб призупинити до кінця 2027 року всі вирубки в запланованих і запропонованих заповідниках, зокрема тих, які подали всі клуби натуралістів."
pl_abortion_11_04_2024_n07.txt,1841,1997,"Słuchając też ich wypowiedzi na temat kobiet i losu dzieci nienarodzonych, można by uznać, że powstają one w ogóle bez udziału mężczyzn i należy go pominąć.",['Questioning_the_Reputation'],['Attack_on_Reputation'],True,False,False,False,False,False,"Слухаючи їхні висловлювання про жінок і долю ненароджених дітей, можна було б подумати, що вони взагалі виникають без участі чоловіків і їх слід ігнорувати."
pl_hate_speech_act_19_12_2024_n09.txt,7168,7242,(Głos z sali: Dlatego potrzebny jest… Dlatego walczymy.) Taka jest prawda.,['Conversation_Killer'],['Call'],False,False,False,False,True,False,(Голос з залу: Тому потрібен… Тому ми боремося.) Така правда.
pl_eu_12_06_2024_n04.txt,1465,1498,Poseł Marek Gróbarczyk: Dziękuję.,[],[],False,False,False,False,False,False,Депутат Марек Ґробарчик: Дякую.
pl_defence_22_05_2024_n01.txt,2644,2672,Pan prezydent był atakowany.,['Doubt'],['Attack_on_Reputation'],True,False,False,False,False,False,Пан президент був атакований.
pl_eu_03_04_2025_n01.txt,4531,4616,W czasie prezydencji węgierskiej specjalnych sukcesów na jej konto zapisać nie można.,['Doubt'],['Attack_on_Reputation'],True,False,False,False,False,False,Під час угорського головування особливих успіхів на її рахунку не можна записати.
pl_hate_speech_act_19_12_2024_n04.txt,2065,2084,Państwo musi pomóc.,['Slogans'],['Call'],False,False,False,False,True,False,Держава повинна допомогти.
pl_eu_03_04_2025_n08.txt,5445,5489,Określam czas na zadanie pytania – 1 minuta.,[],[],False,False,False,False,False,False,Визначаю час на запитання – 1 хвилина.
pl_defence_07_03_2025_n06.txt,2581,2620,Poseł Krzysztof Bosak: Panie Marszałku!,[],[],False,False,False,False,False,False,Депутат Кшиштоф Босак: Пане Маршалку!
pl_abortion_11_04_2024_n09.txt,1112,1303,"Tak, niestety to prawda, ale nie dodają państwo, że w Polsce mamy dobrą służbę zdrowia i polskie kobiety mają najlepszą opiekę okołoporodową spośród 38 najbardziej rozwiniętych państw świata.",['Appeal_to_Authority'],['Justification'],False,True,False,False,False,False,"Так, на жаль, це правда, але ви не згадуєте, що в Польщі є хороша система охорони здоров'я і польські жінки мають найкращу допомогу під час пологів серед 38 найбільш розвинених країн світу."
pl_hate_speech_act_19_12_2024_n08.txt,5238,5313,Na Islandii skazano mężczyznę za krytykę zajęć dotyczących LGBT w szkołach.,['Red_Herring'],['Distraction'],False,False,True,False,False,False,В Ісландії чоловіка засудили за критику занять з питань ЛГБТ у школах.
pl_eu_03_04_2025_n03.txt,428,699,"Węgry deklarowały podjęcie działań na rzecz powstrzymywania nielegalnej migracji, poprawy bezpieczeństwa granic zewnętrznych Unii Europejskiej, zaś Polska zainicjowała przyjęcie konkluzji na posiedzeniu Rady Europejskiej 17 października w tym niezmiernie ważnym zakresie.",[],[],False,False,False,False,False,False,"Угорщина заявила про намір вжити заходів для стримування нелегальної міграції, покращення безпеки зовнішніх кордонів Європейського Союзу, а Польща ініціювала прийняття висновків на засіданні Європейської ради 17 жовтня в цій надзвичайно важливій сфері."
pl_defence_22_05_2024_n01.txt,4725,4792,Pierwsze egzemplarze będą w tym roku już w rękach polskich pilotów.,[],[],False,False,False,False,False,False,Перші екземпляри вже цього року будуть у руках польських пілотів.
pl_eu_03_04_2025_n06.txt,7987,8053,"A teraz wychodzi jeszcze na to, że nawet nie chce wam się rządzić.",['Questioning_the_Reputation'],['Attack_on_Reputation'],True,False,False,False,False,False,"А тепер виходить, що ви навіть не хочете правити."
pl_abortion_11_04_2024_n03.txt,11454,11646,"Rozmawiajmy, bo w powiedzeniu, że zgoda buduje, niezgoda rujnuje, jest oczywiście prawda, ale nie będziemy rozmawiać, jeśli nie skierujecie tych wszystkich czterech projektów do dalszych prac.","['Conversation_Killer', 'Obfuscation-Vagueness-Confusion']","['Call', 'Manipulative_Wording']",False,False,False,False,True,True,"Поговоримо, бо в прислів'ї, що згода будує, а незгода руйнує, є правда, але ми не будемо говорити, якщо ви не скеруєте всі ці чотири проєкти на подальшу роботу."
pl_abortion_11_04_2024_n07.txt,2884,2911,Jestem za młoda na dziecko.,[],[],False,False,False,False,False,False,"Я занадто молода, щоб мати дитину."
pl_eu_03_04_2025_n03.txt,9081,9134,Ale w innych obszarach niestety tego nie dostrzegłem.,['Doubt'],['Attack_on_Reputation'],True,False,False,False,False,False,"Але в інших сферах я, на жаль, цього не помітив."
pl_hate_speech_act_19_12_2024_n02.txt,6234,6324,"Jest też odpowiedzią, co ważne, na międzynarodowe zalecenia i rekomendacje w tym zakresie.",['Appeal_to_Authority'],['Justification'],False,True,False,False,False,False,Це також важлива відповідь на міжнародні рекомендації та рекомендації в цій сфері.
pl_abortion_11_04_2024_n03.txt,6145,6469,"W szpitalach na Podlasiu i Podkarpaciu nawet ten pseudokompromis nie działał, bo żadna, ale to żadna, kobieta od lat, nawet w przypadku zagrożenia zdrowia i życia, nie mogła tam otrzymać pomocy i była odsyłana z kwitkiem, chociaż w zasadzie raczej bez kwitka, bo lekarze odmawiali aborcji, zasłaniając się klauzulą sumienia.","['Loaded_Language', 'Appeal_to_Hypocrisy', 'Appeal_to_Values', 'Repetition']","['Attack_on_Reputation', 'Justification', 'Manipulative_Wording']",True,True,False,False,False,True,"У лікарнях на Підляшші та Підкарпатті навіть цей псевдокомпроміс не діяв, бо жодна, але це жодна, жінка протягом багатьох років, навіть у разі загрози здоров’ю та життю, не могла отримати допомоги і її відсилали з відпискою, хоча насправді скоріше без відписки, бо лікарі відмовлялися робити аборти, посилаючись на застереження совісті."
pl_defence_22_05_2024_n02.txt,2795,2870,Ci wyśmiewani mobilizowani Rosjanie lepiej wyglądają niż polscy rezerwiści.,['Questioning_the_Reputation'],['Attack_on_Reputation'],True,False,False,False,False,False,"Ці висміяні мобілізовані росіяни виглядають краще, ніж польські резервісти."
pl_hate_speech_act_19_12_2024_n09.txt,4514,4549,"Dlatego mówimy: dość, stop hejtowi.",['Slogans'],['Call'],False,False,False,False,True,False,"Тому ми кажемо: досить, стоп ненависті."
pl_abortion_11_04_2024_n05.txt,3403,3446,Poseł Monika Wielichowska: Panie Marszałku!,[],[],False,False,False,False,False,False,Пані Маршалку!
pl_abortion_11_04_2024_n09.txt,5474,5552,"Poseł Jarosław Sachajko: Pani marszałek, były przerywane… Została mi 1 minuta.",[],[],False,False,False,False,False,False,"Депутат Ярослав Сахайко: Пані маршалку, були перервані… Мені залишилася 1 хвилина."
pl_eu_03_04_2025_n04.txt,4644,4742,"Zapraszam panią poseł Agnieszkę Pomaskę, która przedstawi stanowisko klubu Koalicji Obywatelskiej.",[],[],False,False,False,False,False,False,"Запрошую пані депутатку Агнєшку Помаську, яка представить позицію клубу Громадянська коаліція."
pl_eu_03_04_2025_n04.txt,4357,4411,To jest gra na serio o bardzo ważne dla Polski sprawy.,['Flag_Waving'],['Justification'],False,True,False,False,False,False,Це серйозна гра про дуже важливі для Польщі справи.
pl_eu_03_04_2025_n05.txt,62,106,"Dziwię się, że pan o tym nic nie powiedział.",['Questioning_the_Reputation'],['Attack_on_Reputation'],True,False,False,False,False,False,"Я дивуюся, що ви про це нічого не сказали."
pl_hate_speech_act_19_12_2024_n08.txt,3911,4098,"Zgodnie z obowiązującymi przepisami do kategorii przestępstw motywowanych uprzedzeniami należą przestępstwa popełnione ze względu na przynależność narodową, etniczną, rasową i wyznaniową.",[],[],False,False,False,False,False,False,"Згідно з чинними правилами, до категорії злочинів, мотивованих упередженнями, належать злочини, скоєні через національну, етнічну, расову та релігійну приналежність."
pl_eu_12_06_2024_n03.txt,3237,3316,"Wicemarszałek Włodzimierz Czarzasty: Pan poseł Witold Tumanowicz, Konfederacja.",[],[],False,False,False,False,False,False,"Віцемаршалок Влодзімеж Чарзастий: Пане депутат Вітольд Туманович, Конфедерація."
pl_hate_speech_act_19_12_2024_n08.txt,2878,2976,"Wejdzie w życie tylko wtedy, gdy prezydentem zostanie przyjaciel środowisk LGBT Rafał Trzaskowski.","['Consequential_Oversimplification', 'Name_Calling-Labeling']","['Attack_on_Reputation', 'Simplification']",True,False,False,True,False,False,"Він набуде чинності лише тоді, коли президентом стане друг ЛГБТ-спільноти Рафал Тжасковський."
pl_abortion_11_04_2024_n04.txt,5869,5908,Koniec z lękiem przed zajściem w ciążę.,"['Conversation_Killer', 'Slogans']",['Call'],False,False,False,False,True,False,Кінець страху перед вагітністю.
pl_statements_20_02_2025_n04.txt,664,724,Podczas wczorajszego posiedzenia Parlamentarnego Zespołu ds.,[],[],False,False,False,False,False,False,Під час вчорашнього засідання Парламентської групи з питань
pl_statements_20_02_2025_n04.txt,8122,8186,"Od razu zaznaczam, że nie życzę wam, aby ta choroba was dopadła.",[],[],False,False,False,False,False,False,"Відразу зазначу, що не бажаю вам, щоб ця хвороба вас спіткала."
pl_eu_03_04_2025_n08.txt,1271,1318,Wicemarszałek Krzysztof Bosak: Dziękuję bardzo.,[],[],False,False,False,False,False,False,Віцемаршалок Кшиштоф Босак: Дуже дякую.
pl_abortion_11_04_2024_n03.txt,4275,4663,"Najpierw efektem tego było prawo aborcyjne oparte na czterech przesłankach, w tym przesłance ekonomiczno-społecznej, a finalnie, po wyroku Trybunału Konstytucyjnego w 1997 r. zakończyło się to wprowadzeniem zakazu aborcji opartego na trzech wąskich przesłankach, dla niepoznaki i czystych sumień konserwatywnych polityków i duchownych Kościoła katolickiego zwanego kompromisem aborcyjnym.",['Appeal_to_Hypocrisy'],['Attack_on_Reputation'],True,False,False,False,False,False,"Спочатку результатом цього стало законодавство про аборти, засноване на чотирьох підставах, зокрема на соціально-економічній підставі, а зрештою, після рішення Конституційного суду у 1997 році, це призвело до запровадження заборони абортів на основі трьох вузьких підстав, для видимості та чистого сумління консервативних політиків і священнослужителів Католицької церкви, що називається абортивним компромісом."
pl_eu_03_04_2025_n02.txt,3894,3919,Szanowny Panie Ministrze!,[],[],False,False,False,False,False,False,Шановний пане міністре!
pl_hate_speech_act_19_12_2024_n09.txt,4803,4933,"Mowa nienawiści, która tu jest rozumiana jako każda forma wypowiedzi, którą wyinterpretujemy, wymyślimy, zmyślimy, będzie atakiem.","['Exaggeration-Minimisation', 'Appeal_to_Hypocrisy', 'Appeal_to_Fear-Prejudice']","['Attack_on_Reputation', 'Justification', 'Manipulative_Wording']",True,True,False,False,False,True,"Мова ненависті, яка тут розуміється як будь-яка форма висловлювання, яку ми інтерпретуємо, вигадуємо, уявляємо, буде нападом."
pl_hate_speech_act_19_12_2024_n08.txt,2196,2267,Według wszelkich badań rasa żółta ma wyraźnie wyższe IQ niż rasa biała.,['Red_Herring'],['Distraction'],False,False,True,False,False,False,"Згідно з усіма дослідженнями, жовта раса має значно вищий IQ, ніж біла."
pl_eu_12_06_2024_n02.txt,2426,2507,"Przez 8 lat wiedzieliście dokładnie, że w 2025 r. będziemy obejmować prezydencję.",['Appeal_to_Hypocrisy'],['Attack_on_Reputation'],True,False,False,False,False,False,"Протягом 8 років ви точно знали, що у 2025 році ми будемо головувати."
pl_eu_12_06_2024_n03.txt,7920,8013,Dodatkowo wprowadzona została tarcza antykorupcyjna uszczelniająca bezpieczeństwo postępowań.,[],[],False,False,False,False,False,False,"Додатково було запроваджено антикорупційний щит, який зміцнює безпеку проваджень."
pl_defence_07_03_2025_n06.txt,2554,2579,"Prosimy, panie marszałku.",[],[],False,False,False,False,False,False,"Будь ласка, пане маршалку."
pl_current_affairs_09_01_2025_n02.txt,297,453,"Chciałabym mimo wszystko jeszcze otrzymać informację, ile wniosków nie zostało do tej pory rozpatrzonych skutecznie, tzn. tak, żeby mogły być sfinalizowane.",[],[],False,False,False,False,False,False,"Я все ж хотіла б отримати інформацію про те, скільки заяв досі не були ефективно розглянуті, тобто так, щоб їх можна було завершити."
pl_defence_07_03_2025_n07.txt,5738,5844,"To niestety powoduje, że musimy liczyć się także z perspektywą możliwości odwrócenia Ukrainy przez Rosjan.",['Repetition'],['Manipulative_Wording'],False,False,False,False,False,True,"Це, на жаль, означає, що ми також повинні враховувати можливість того, що росіяни можуть повернути Україну."
pl_current_affairs_09_01_2025_n03.txt,7027,7111,Skutki tego Polska niestety odczuwa do dzisiaj. (Dzwonek) Dziękuję bardzo. (Oklaski),['Flag_Waving'],['Justification'],False,True,False,False,False,False,"Наслідки цього Польща, на жаль, відчуває і сьогодні. (Дзвоник) Дякую дуже. (Оплески)"
pl_defence_07_03_2025_n04.txt,380,421,Nie wystarczy wyłącznie wydawać fundusze.,[],[],False,False,False,False,False,False,Недостатньо просто виділяти кошти.
pl_eu_12_06_2024_n04.txt,5059,5288,Przepisy te wyłączają stosowanie Prawa zamówień publicznych przy jednoczesnym zapewnieniu mechanizmów gwarancyjnych zabezpieczających przed próbami podejmowania w tym obszarze działań korupcyjnych lub innych nielegalnych praktyk.,[],[],False,False,False,False,False,False,"Ці правила виключають застосування Закону про державні закупівлі, водночас забезпечуючи гарантійні механізми, які захищають від спроб здійснення корупційних дій або інших незаконних практик у цій сфері."
pl_eu_03_04_2025_n05.txt,1705,1732,Wyjątkowo niekonstruktywną.,"['Loaded_Language', 'Repetition']",['Manipulative_Wording'],False,False,False,False,False,True,Надзвичайно неконструктивною.
pl_abortion_11_04_2024_n12.txt,7273,7374,Wicemarszałek Monika Wielichowska: Zapraszam pana posła Pawła Szefernakera z Prawa i Sprawiedliwości.,[],[],False,False,False,False,False,False,Віцемаршалок Моніка Веліховська: Запрошую пана депутата Павла Шефернакера з партії «Право і Справедливість».
pl_abortion_11_04_2024_n13.txt,2544,2551,Rodacy!,[],[],False,False,False,False,False,False,Співвітчизники!
pl_defence_07_03_2025_n04.txt,316,379,"Chodzi o budowę własnego potencjału obronnego, własnych fabryk.",[],[],False,False,False,False,False,False,"Йдеться про створення власного оборонного потенціалу, власних заводів."
pl_statements_20_02_2025_n03.txt,9088,9164,"Przed laty uczestniczyłem w mszy świętej, którą odprawiał w Mistrzejowicach.",[],[],False,False,False,False,False,False,"Кілька років тому я брав участь у месі, яку відправляли в Містжейовичах."
pl_eu_12_06_2024_n04.txt,1529,1832,"Trzeba zwrócić uwagę i wskazać na niezwykle ważny element związany z polską prezydencją, a więc transport morski, polskie rybołówstwo oraz żeglugę śródlądową, w związku z tym, że wchodzą nowe regulacje związane przede wszystkim z ETS-em, który będzie dotyczył polskich armatorów, ale również światowych.",['Flag_Waving'],['Justification'],False,True,False,False,False,False,"Треба звернути увагу та вказати на надзвичайно важливий елемент, пов'язаний з польським президентством, а саме морський транспорт, польське рибальство та річкову навігацію, оскільки вступають у силу нові правила, пов'язані насамперед з ETS, який стосуватиметься польських судновласників, але також і світових."
pl_defence_07_03_2025_n03.txt,4232,4324,Ona jest skierowana do wszystkich ugrupowań i ma jedno bardzo ważne pytanie: Gdzie jesteśmy?,[],[],False,False,False,False,False,False,Вона звернена до всіх угруповань і має одне дуже важливе питання: Де ми?
pl_hate_speech_act_19_12_2024_n02.txt,1887,2071,"Dla mnie wolność słowa to jest wolność ekspresji, wyrażania poglądów z poszanowaniem drugiej strony, z poszanowaniem innych osób, bez ukierunkowania na wyrządzenie komukolwiek krzywdy.",['Obfuscation-Vagueness-Confusion'],['Manipulative_Wording'],False,False,False,False,False,True,"Для мене свобода слова – це свобода вираження, вираження поглядів з повагою до іншої сторони, з повагою до інших людей, без наміру завдати комусь шкоди."
pl_eu_12_06_2024_n01.txt,5813,5892,To również budzi wątpliwości i naszym zdaniem nie ma obiektywnego uzasadnienia.,['Doubt'],['Attack_on_Reputation'],True,False,False,False,False,False,"Це також викликає сумніви, і на нашу думку, не має об'єктивного обґрунтування."
pl_defence_22_05_2024_n01.txt,6262,6329,"Tylko patriotyzm trzeba budować, nie wolno wyśmiewać za patriotyzm.",['Flag_Waving'],['Justification'],False,True,False,False,False,False,"Тільки патріотизм потрібно будувати, не можна висміювати за патріотизм."
pl_defence_22_05_2024_n03.txt,5735,5753,"Po drugie, Bałtyk.",[],[],False,False,False,False,False,False,"По-друге, Балтика."
pl_abortion_11_04_2024_n11.txt,557,655,"Wicemarszałek Monika Wielichowska: Zapraszam pana posła Marusza Krystiana, Prawo i Sprawiedliwość.",[],[],False,False,False,False,False,False,"Віцемаршалок Моніка Веліховська: Запрошую пана посла Маруса Кшиштофа, Право і Справедливість."
pl_eu_12_06_2024_n01.txt,6256,6347,Ta przewidziała zamknięty katalog wyjątków od stosowania wyłączeń przepisów o zamówieniach.,[],[],False,False,False,False,False,False,Це передбачає закритий каталог винятків від застосування винятків з правил щодо закупівель.
pl_abortion_11_04_2024_n12.txt,8089,8149,Życie jest prawem człowieka. (Oklaski) (Głos z sali: Brawo!),"['Slogans', 'Appeal_to_Values']","['Justification', 'Call']",False,True,False,False,True,False,Життя – це право людини. (Оплески) (Голос із залу: Браво!)
pl_current_affairs_09_01_2025_n02.txt,6592,6680,Sekretarz Stanu w Ministerstwie Klimatu i Środowiska Urszula Zielińska: Panie Marszałku!,[],[],False,False,False,False,False,False,Державний секретар Міністерства клімату та навколишнього середовища Уршуля Зелінська: Пане Маршалку!
pl_abortion_11_04_2024_n04.txt,3517,3619,"Wprowadza dodatkowe regulacje w zakresie klauzuli sumienia, bo miejsce klauzuli sumienia jest w koszu.",['Conversation_Killer'],['Call'],False,False,False,False,True,False,"Впроваджує додаткові правила щодо застереження совісті, оскільки місце застереження совісті – у кошику."
pl_abortion_11_04_2024_n01.txt,54,82,Witam wszystkich na galerii.,[],[],False,False,False,False,False,False,Вітаю всіх на галереї.
pl_hate_speech_act_19_12_2024_n02.txt,7584,7906,"Badanie CBOS z 2019 r. mówi jasno, że z doświadczeń badanych wynika, że mowa nienawiści najczęściej jest obecna w Internecie, to prawie 65%, w drugiej kolejności w telewizji – 57%, niespełna połowa – 45% słyszy ją w miejscach publicznych, np. na ulicy, a 1/3 – 33% dostrzega tego typu napisy na murach i ścianach budynków.","['Conversation_Killer', 'Appeal_to_Authority']","['Justification', 'Call']",False,True,False,False,True,False,"Дослідження CBOS за 2019 рік чітко показує, що з досвіду опитаних, мова ненависті найчастіше зустрічається в Інтернеті – майже 65%, на другому місці – телебачення – 57%, трохи менше половини – 45% чують її в громадських місцях, наприклад, на вулиці, а 1/3 – 33% помічають такі написи на стінах і стінах будинків."
pl_abortion_11_04_2024_n09.txt,3360,3465,"Zło było i będzie, ale nie powinniśmy go promować, pochwalać ani legalizować w imię źle pojętej wolności.","['Conversation_Killer', 'Appeal_to_Fear-Prejudice']","['Justification', 'Call']",False,True,False,False,True,False,"Зло було і буде, але ми не повинні його просувати, схвалювати чи легалізувати в ім'я погано зрозумілої свободи."
pl_abortion_11_04_2024_n10.txt,57,82,Pani mnie źle zrozumiała.,[],[],False,False,False,False,False,False,Ви мене неправильно зрозуміли.
pl_hate_speech_act_19_12_2024_n07.txt,4630,4732,"Gdyby tak było, duża część z nas siedziałaby już dawno w więzieniu, co jest swoją drogą kuszącą wizją.","['Loaded_Language', 'Whataboutism']","['Distraction', 'Manipulative_Wording']",False,False,True,False,False,True,"Якби так було, велика частина з нас вже давно сиділа б у в’язниці, що є своєю чергою спокусливою візією."
pl_statements_20_02_2025_n04.txt,5383,5481,Nie można również nie odnieść się do destrukcyjnych działań wymierzonych w Fundację Lux Veritatis.,['Loaded_Language'],['Manipulative_Wording'],False,False,False,False,False,True,"Не можна також не згадати про деструктивні дії, спрямовані проти Фонду Lux Veritatis."
pl_abortion_11_04_2024_n04.txt,2093,2547,"Wiele słów zostało wypowiedzianych czy wręcz wykrzyczanych na ulicach, gdy jako aktywistki czy później posłanki zbierałyśmy podpisy pod projektem obywatelskim, zostało wypowiedzianych z tej mównicy, gdy projekty były prezentowane w tej Izbie, zostało wykrzyczanych wspólnie na protestach po tym, jak lądowały one w sejmowych koszach (Dzwonek), gdy upolityczniony trybunał wydawał nieludzki wyrok na kobiety, gdy złe prawo skazywało aktywistki na empatię.","['Appeal_to_Pity', 'Obfuscation-Vagueness-Confusion', 'Name_Calling-Labeling']","['Attack_on_Reputation', 'Distraction', 'Manipulative_Wording']",True,False,True,False,False,True,"Багато слів було сказано чи навіть викрикнуто на вулицях, коли ми, як активістки, а пізніше депутатки, збирали підписи під громадянським проектом, було сказано з цієї трибуни, коли проекти представляли в цій залі, було викрикнуто разом на протестах після того, як вони потрапляли в парламентські кошики (Дзвоник), коли політизований суд виносив нелюдський вирок жінкам, коли погане право засуджувало активісток до емпатії."
pl_current_affairs_09_01_2025_n02.txt,11172,11437,"Zapytany o plan budowy zbiorników retencyjnych – nie stopnia wodnego, który de facto służyłby żegludze, a nie (Dzwonek) spełniał warunków koniecznych do zapewnienia ochrony przeciwpowodziowej… (Poseł Joanna Borowiak: Pani minister, na Wiśle jesteśmy, nie na Odrze.)",['Questioning_the_Reputation'],['Attack_on_Reputation'],True,False,False,False,False,False,"Запитаний про план будівництва резервуарів для зберігання води – не водного шляху, який фактично слугував би для судноплавства, а не (Дзвоник) відповідав би необхідним умовам для забезпечення захисту від повеней… (Депутат Йоанна Боров’як: Пані міністр, ми на Віслі, а не на Одері.)"
pl_hate_speech_act_19_12_2024_n09.txt,228,401,"Vance zapytany o to, co zrobią jako administracja Donalda Trumpa, gdy Unia Europejska zacznie cenzurować X, serwis Elona Muska, odpowiedział: rzeczywiście będziemy reagować.",['Appeal_to_Authority'],['Justification'],False,True,False,False,False,False,"Венс, відповідаючи на запитання про те, що зробить адміністрація Дональда Трампа, коли Європейський Союз почне цензурувати X, сервіс Ілона Маска, відповів: дійсно, ми будемо реагувати."
pl_eu_03_04_2025_n03.txt,5163,5247,Natomiast w odróżnieniu od pana postrzegam każdą prezydencję jako szansę dla Polski.,['Straw_Man'],['Distraction'],False,False,True,False,False,False,"Проте, на відміну від вас, я розглядаю кожну президентську каденцію як можливість для Польщі."
pl_abortion_11_04_2024_n10.txt,5048,5095,To ustali nadzwyczajna komisja albo referendum.,[],[],False,False,False,False,False,False,Це має встановити надзвичайна комісія або референдум.
pl_eu_03_04_2025_n02.txt,3332,3396,"Wicemarszałek Krzysztof Bosak: Dziękuję bardzo, panie ministrze.",[],[],False,False,False,False,False,False,"Віцемаршалок Кшиштоф Босак: Дуже дякую, пане міністре."
pl_hate_speech_act_19_12_2024_n09.txt,4645,4703,"Pan poseł Włodzimierz Tomaszewski, Prawo i Sprawiedliwość.",[],[],False,False,False,False,False,False,"Пане посол Влодзімеж Томашевський, Право і Справедливість."
pl_current_affairs_09_01_2025_n01.txt,5962,6091,"To nie jest powszechne świadczenie, przysługuje tylko rodzicom dzieci w konkretnym wieku, którzy wykazują właśnie taką aktywność.",[],[],False,False,False,False,False,False,"Це не є загальне надання, воно доступне лише батькам дітей певного віку, які демонструють таку активність."
pl_defence_22_05_2024_n01.txt,3110,3159,(Głos z sali: Hańba.) Nie miał kto Polski bronić.,"['Exaggeration-Minimisation', 'Loaded_Language']",['Manipulative_Wording'],False,False,False,False,False,True,(Голос з залу: Ганьба.) Не було кому захищати Польщу.
pl_statements_20_02_2025_n03.txt,706,868,"Kolejne istotne rzeczy dla młodych, które uplasowały się na czwartej, piątej i szóstej pozycji, to ochrona społeczna, opieka zdrowotna, edukacja i mieszkalnictwo.",[],[],False,False,False,False,False,False,"Наступні важливі речі для молоді, які посіли четверте, п'яте та шосте місця, – це соціальний захист, охорона здоров'я, освіта та житло."
pl_current_affairs_09_01_2025_n02.txt,4289,4483,"To pytanie jest skierowane do prezesa Rady Ministrów, a odpowie na nie z upoważnienia prezesa Rady Ministrów sekretarz stanu w Ministerstwie Klimatu i Środowiska pani ministra Urszula Zielińska.",[],[],False,False,False,False,False,False,"Це питання адресоване Прем'єр-міністру, і на нього відповість державний секретар Міністерства клімату та навколишнього середовища пані міністр Уршуля Зелінська за дорученням Прем'єр-міністра."
pl_hate_speech_act_19_12_2024_n08.txt,472,546,Powtarzam raz jeszcze: wszystkich wyborców. (Poseł Paweł Szrot: Pani też.),['Repetition'],['Manipulative_Wording'],False,False,False,False,False,True,Повторюю ще раз: усіх виборців. (Депутат Павел Шрот: Пані теж.)
pl_defence_07_03_2025_n03.txt,5223,5269,Czasem widok za oknem nie napawa nas nadzieją.,[],[],False,False,False,False,False,False,Іноді вид за вікном не вселяє в нас надії.
pl_statements_20_02_2025_n01.txt,1463,1496,Co uderza w tego typu dyskusjach?,[],[],False,False,False,False,False,False,Що вражає в таких дискусіях?
pl_statements_20_02_2025_n03.txt,5990,6107,"Do tej pory w ramach zwolnień czy odejść dobrowolnych odeszło już ponad 700 osób, 8,5–9 tys. osób jest do zwolnienia.",[],[],False,False,False,False,False,False,"До цього часу в рамках звільнень чи добровільних відставок вже пішло понад 700 осіб, 8,5–9 тис. осіб підлягають звільненню."
pl_abortion_11_04_2024_n13.txt,286,357,"Staliśmy się samotną wyspą na mapie już nie tylko Europy, ale i świata.",['Appeal_to_Popularity'],['Justification'],False,True,False,False,False,False,"Ми стали самотнім островом на карті вже не тільки Європи, але й світу."
pl_defence_07_03_2025_n04.txt,2303,2408,Na apodyktyczne maniery i zachowanie Ameryki musimy odpowiedzieć: po naszej stronie nic się nie zmieniło.,"['Loaded_Language', 'Questioning_the_Reputation']","['Attack_on_Reputation', 'Manipulative_Wording']",True,False,False,False,False,True,На апдиктичні манери та поведінку Америки ми повинні відповісти: з нашого боку нічого не змінилося.
pl_eu_03_04_2025_n08.txt,1376,1407,Poseł Rafał Kasprzyk: Dziękuję.,[],[],False,False,False,False,False,False,Депутат Рафал Касприк: Дякую.
pl_defence_22_05_2024_n04.txt,3602,3793,"Więc do protokołu tego posiedzenia dyktuję: nie, nie jest bezdyskusyjne, bezkrytyczne i bez końca dosypywanie do ukraińskiej studni bez dna z funduszy, budżetu, sił, środków Wojska Polskiego.","['Exaggeration-Minimisation', 'Repetition']",['Manipulative_Wording'],False,False,False,False,False,True,"Отже, до протоколу цього засідання я диктую: ні, це не є бездискусійним, безкритичним і нескінченним додаванням до української криниці без дна коштів, бюджету, сил, засобів Війська Польського."
pl_defence_07_03_2025_n04.txt,1034,1097,Europa musi też być odważna i stanowcza w podejmowaniu decyzji.,[],[],False,False,False,False,False,False,Європа також повинна бути сміливою та рішучою у прийнятті рішень.
pl_defence_22_05_2024_n04.txt,197,435,"W swoich wystąpieniach zarówno pan premier Władysław Kosiniak-Kamysz, jak i przewodniczący Mirosław Suchoń mówili o postulacie, o gwarancji Trzeciej Drogi, żeby przynajmniej 50% wydatków na armię przeznaczać na wydatki w polskich firmach.",[],[],False,False,False,False,False,False,"У своїх виступах як прем'єр-міністр Владислав Косіняк-Камиш, так і голова Мирослав Сухонь говорили про постулат, про гарантію Третьої Дороги, щоб принаймні 50% витрат на армію спрямовувалися на витрати в польських компаніях."
pl_abortion_11_04_2024_n09.txt,5685,5888,"W swoim bezwzględnym stanowisku staje pan po stronie tych wszystkich, którzy nie słyszą i nie widzą potrzeby najbardziej bezbronnych, a od stosunku do właśnie takich osób zależy jakość życia społecznego…","['Appeal_to_Pity', 'Questioning_the_Reputation']","['Attack_on_Reputation', 'Distraction']",True,False,True,False,False,False,"У своїй категоричній позиції ви стоїте на боці тих, хто не чує і не бачить потреби найбільш беззахисних, а від ставлення до таких людей залежить якість суспільного життя…"
pl_hate_speech_act_19_12_2024_n03.txt,1044,1086,Dziękuję kolegom i koleżankom za poparcie.,[],[],False,False,False,False,False,False,Дякую колегам за підтримку.
pl_abortion_11_04_2024_n06.txt,1017,1148,"Bo te historie, których jest niestety zbyt wiele, pokazują, że zakaz aborcji w Polsce dosłownie, nie w przenośni, po prostu zabija.","['Slogans', 'Appeal_to_Fear-Prejudice']","['Justification', 'Call']",False,True,False,False,True,False,"Бо ці історії, яких, на жаль, занадто багато, показують, що заборона абортів у Польщі буквально, не в переносному сенсі, просто вбиває."
pl_abortion_11_04_2024_n07.txt,2929,2973,Nie mam jeszcze dzieci albo mam ich za dużo.,[],[],False,False,False,False,False,False,У мене ще немає дітей або їх у мене занадто багато.
pl_defence_22_05_2024_n01.txt,10426,10503,"Uczcie się historii, wyciągajcie wnioski z tego, co działo się w przeszłości.",['Slogans'],['Call'],False,False,False,False,True,False,"Вивчайте історію, робіть висновки з того, що відбувалося в минулому."
pl_abortion_11_04_2024_n08.txt,1795,1884,Chodziło o fizyczne zniszczenie ludności niearyjskiej i zdobycie lebensraumu dla Niemców.,['False_Equivalence'],['Simplification'],False,False,False,True,False,False,Мова йшла про фізичне знищення неарійської населення і завоювання життєвого простору для німців.
pl_abortion_11_04_2024_n12.txt,5121,5182,"Proszę państwa, od kilku godzin dyskutujemy na temat aborcji.",[],[],False,False,False,False,False,False,"Шановні пані та панове, ми обговорюємо питання абортів вже кілька годин."
pl_hate_speech_act_19_12_2024_n09.txt,170,227,Niedawno w jednym z wywiadów wiceprezydent elekt USA J.D.,['Appeal_to_Authority'],['Justification'],False,True,False,False,False,False,Нещодавно в одному з інтерв'ю віцепрезидент США Дж.Д.
pl_eu_12_06_2024_n01.txt,6084,6255,"Warto też pamiętać, że przecież Prawo zamówień publicznych funkcjonuje w określonym kontekście prawa unijnego, kontekście dyrektywy 2014/24 w sprawie zamówień publicznych.",['Appeal_to_Authority'],['Justification'],False,True,False,False,False,False,"Варто також пам'ятати, що Закон про публічні закупівлі функціонує в певному контексті права Європейського Союзу, контексті Директиви 2014/24 про публічні закупівлі."
pl_abortion_11_04_2024_n08.txt,6182,6595,"Chcecie odesłać te projekty do jakiejś dziwnej speckomisji, żeby się mroziły, leżały, z nadzieją, że wygracie wybory prezydenckie i mając swojego prezydenta, wprowadzicie niezgodne z konstytucją prawo, tak jak niezgodnie z prawem przejęliście prokuraturę, tak jak niezgodnie z prawem odwołujecie sędziów sądów apelacyjnych, jak pozwalacie sobie na bezprawie, korzystając z tego, jak beznadziejną mamy konstytucję.","['Loaded_Language', 'Questioning_the_Reputation', 'Whataboutism', 'Repetition']","['Attack_on_Reputation', 'Distraction', 'Manipulative_Wording']",True,False,True,False,False,True,"Хочете відіслати ці проекти до якоїсь дивної спеціальної комісії, щоб вони заморожувалися, лежали, з надією, що виграєте президентські вибори і, маючи свого президента, введете законодавство, яке не відповідає конституції, так само, як незаконно захопили прокуратуру, так само, як незаконно відкликаєте суддів апеляційних судів, як дозволяєте собі беззаконня, користуючись тим, що у нас безнадійна конституція."
pl_statements_20_02_2025_n03.txt,2489,2539,"83 lata temu, 14 lutego 1942 r. naczelny wódz gen.",[],[],False,False,False,False,False,False,"83 роки тому, 14 лютого 1942 р. головнокомандувач ген."
pl_hate_speech_act_19_12_2024_n08.txt,5314,5386,W Wielkiej Brytanii politycy zostali zatrzymani za cytowanie Churchilla.,['Red_Herring'],['Distraction'],False,False,True,False,False,False,У Великій Британії політиків затримали за цитування Черчилля.
pl_hate_speech_act_19_12_2024_n10.txt,1255,1387,"Pokazała to choćby pani poseł Ueberhan: ustawa jeszcze nie została uchwalona, a ona już grozi posłom ze względu na wyrażane poglądy.","['Loaded_Language', 'Questioning_the_Reputation']","['Attack_on_Reputation', 'Manipulative_Wording']",True,False,False,False,False,True,"Це продемонструвала, зокрема, пані депутат Уберган: закон ще не був ухвалений, а вона вже погрожує депутатам через їхні погляди."
pl_abortion_11_04_2024_n07.txt,1282,1335,"Miała być wolna, a w rzeczywistości nie miała wyboru.",[],[],False,False,False,False,False,False,"Вона мала бути вільною, але насправді не мала вибору."
pl_defence_07_03_2025_n07.txt,1473,1682,"Powinniśmy zmniejszyć poziom wojny polsko-polskiej, która, jak widzieliśmy, nawet w Sejmie jest nakręcana, ponieważ jest ona traktowana przez obecny rząd, a przynajmniej przez jego część, jako paliwo wyborcze.","['Loaded_Language', 'Appeal_to_Hypocrisy', 'Repetition']","['Attack_on_Reputation', 'Manipulative_Wording']",True,False,False,False,False,True,"Ми повинні зменшити рівень польсько-польської війни, яку, як ми бачили, навіть у Сеймі нагнітають, оскільки її розглядає нинішній уряд, принаймні його частина, як виборче паливо."
pl_defence_07_03_2025_n04.txt,6694,6813,"To nie tylko wpływa na bezpieczeństwo Europy, ale również wpływa na suwerenność gospodarczą Unii Europejskiej i Polski.",['Flag_Waving'],['Justification'],False,True,False,False,False,False,"Це не тільки впливає на безпеку Європи, але також впливає на економічну незалежність Європейського Союзу та Польщі."
pl_abortion_11_04_2024_n14.txt,5622,5628,A ty?),['Questioning_the_Reputation'],['Attack_on_Reputation'],True,False,False,False,False,False,А ти?)
pl_eu_03_04_2025_n03.txt,8356,8434,"To jest też nasz interes, interes zbieżny, więc powinniśmy się z tego cieszyć.",[],[],False,False,False,False,False,False,"Це також наш інтерес, спільний інтерес, тому ми повинні цим радіти."
pl_hate_speech_act_19_12_2024_n08.txt,6450,6520,Chcecie blokować możliwość wypowiadania się zgodnie z rzeczywistością.,"['Appeal_to_Hypocrisy', 'Straw_Man', 'Appeal_to_Fear-Prejudice']","['Attack_on_Reputation', 'Justification', 'Distraction']",True,True,True,False,False,False,Хочете заблокувати можливість висловлюватись відповідно до реальності.
pl_statements_20_02_2025_n03.txt,1940,2276,"Cytuję: W obliczu Boga Wszechmogącego i Najświętszej Maryi Panny, Królowej Korony Polskiej, kładę swe ręce na ten Święty Krzyż, znak Męki i Zbawienia, i przysięgam być wiernym Ojczyźnie mej, Rzeczypospolitej Polskiej, stać nieugięcie na straży Jej honoru i o wyzwolenie Jej z niewoli walczyć ze wszystkich sił – aż do ofiary życia mego.",[],[],False,False,False,False,False,False,"Цитую: В ім'я Бога Всемогутнього та Пресвятої Діви Марії, Королеви Польської Корони, я кладу свої руки на цей Святий Хрест, знак Муки та Спасіння, і присягаю бути вірним своїй Батьківщині, Республіці Польща, непохитно стояти на сторожі її честі та боротися за її визволення з неволі всіма силами – аж до жертви мого життя."
pl_hate_speech_act_19_12_2024_n01.txt,2882,3060,"To nie są przestępstwa wymierzone w jedną konkretną osobę fizyczną, ale ich ofiarami padają całe grupy społeczne tylko z uwagi na posiadaną przez siebie konkretną cechę osobistą.",[],[],False,False,False,False,False,False,"Це не злочини, спрямовані проти конкретної фізичної особи, але їхніми жертвами стають цілі соціальні групи лише через те, що вони мають певну особисту ознаку."
pl_statements_20_02_2025_n02.txt,4060,4167,"I najbardziej niezrozumiałe jest to, że posłowie koalicji 13 grudnia także nie dostali od roku tych analiz.",['Name_Calling-Labeling'],['Attack_on_Reputation'],True,False,False,False,False,False,"Найбільш незрозумілим є те, що депутати коаліції 13 грудня також не отримали цих аналізів протягом року."
pl_defence_07_03_2025_n01.txt,1497,1552,W naszym położeniu geograficznym nie ma trzeciej drogi.,['False_Dilemma-No_Choice'],['Simplification'],False,False,False,True,False,False,У нашій географічній ситуації немає третього шляху.
pl_defence_22_05_2024_n02.txt,9506,9526,Ustanówmy tę ustawę.,[],[],False,False,False,False,False,False,Установимо цей закон.
pl_abortion_11_04_2024_n14.txt,3677,3798,"Jestem przekonana, że pozwoli to Polkom i Polakom na lepsze rozeznanie w tej trudnej, kontrowersyjnej społecznie kwestii.",['Flag_Waving'],['Justification'],False,True,False,False,False,False,"Я переконана, що це дозволить полякам та полякам краще розібратися в цьому складному, суперечливому соціальному питанні."
pl_current_affairs_09_01_2025_n02.txt,9656,9898,"Warto podkreślić, że inwestor w całym tym bardzo długim procesie od 2017 r. był wielokrotnie wzywany do przedłożenia i uzupełnienia raportu w zakresie braków ustawowych, które w tym raporcie były, jednak nie uzupełnił go zgodnie z wezwaniami.",['Doubt'],['Attack_on_Reputation'],True,False,False,False,False,False,"Варто підкреслити, що інвестор протягом усього цього дуже тривалого процесу з 2017 року неодноразово викликався до подання та доповнення звіту щодо законодавчих прогалин, які були в цьому звіті, проте він не доповнив його відповідно до викликів."
pl_eu_03_04_2025_n01.txt,1581,1764,"To był czas zmiany cyklu instytucjonalnego, czas, w którym tworzyła się nowa Komisja, tworzyły się nowe instytucje, mówię o Parlamencie, o Komisji, co też na pewno nie ułatwiało prac.",[],[],False,False,False,False,False,False,"Це був час зміни інституційного циклу, час, коли створювалася нова Комісія, створювалися нові інституції, я говорю про Парламент, про Комісію, що теж, безумовно, не полегшувало роботу."
pl_statements_20_02_2025_n04.txt,3103,3128,Na koniec przytoczę dane.,[],[],False,False,False,False,False,False,Насамкінець наведу дані.
pl_defence_07_03_2025_n04.txt,4964,5119,"To przede wszystkim wielki wysiłek Polaków, którzy poprzez podatki finansują, wspierają modernizację polskiej armii. 80% społeczeństwa popiera ten wysiłek.",[],[],False,False,False,False,False,False,"Це насамперед великі зусилля поляків, які через податки фінансують, підтримують модернізацію польської армії. 80% суспільства підтримує ці зусилля."
pl_defence_07_03_2025_n01.txt,1935,2048,"Słusznie, bo od lat podsycanie podziałów społecznych w innych krajach stanowi modus operandi rosyjskiego wywiadu.",[],[],False,False,False,False,False,False,"Правильно, адже протягом багатьох років розпалювання соціальних конфліктів в інших країнах є modus operandi російської розвідки."
pl_defence_22_05_2024_n02.txt,2434,2635,"Czy jak Rosja nas już zaatakuje, ładnie poprosimy Putina, żeby zaczekali jeszcze rok, bo musimy się przygotować do tej wojny, czy też wyślemy na pewną śmierć nieprzygotowanych, nieprzeszkolonych ludzi?",['Appeal_to_Fear-Prejudice'],['Justification'],False,True,False,False,False,False,"Чи якщо Росія нас атакує, ми гарно попросимо Путіна почекати ще рік, бо нам потрібно підготуватися до цієї війни, чи все ж відправимо на певну смерть непідготовлених, непідготовлених людей?"
pl_defence_22_05_2024_n02.txt,1784,1835,Przeciętny wiek polskiego rezerwisty wynosi 50 lat.,['Doubt'],['Attack_on_Reputation'],True,False,False,False,False,False,Середній вік польського резервіста становить 50 років.
pl_eu_03_04_2025_n01.txt,3669,3880,"Pan Piotr Serafin został komisarzem do spraw budżetu, co jest szczególnie ważne, bo w następnych miesiącach i latach będą wypracowywane kolejne wieloletnie ramy finansowe i jest to absolutnie w interesie Polski.","['Flag_Waving', 'Loaded_Language']","['Justification', 'Manipulative_Wording']",False,True,False,False,False,True,"Пан Пьотр Серафін став комісаром з питань бюджету, що особливо важливо, оскільки в наступні місяці та роки будуть розроблені наступні багаторічні фінансові рамки, і це абсолютно в інтересах Польщі."
pl_hate_speech_act_19_12_2024_n09.txt,8042,8250,"W ostatnich latach te zjawiska narastały i mamy liczne przykłady, które pokazywały, że ochrona nie była zapewniona, dlatego konieczne jest rozszerzenie ochrony przed przestępstwami motywowanymi dyskryminacją.","['Consequential_Oversimplification', 'Appeal_to_Fear-Prejudice']","['Justification', 'Simplification']",False,True,False,True,False,False,"В останні роки ці явища наростали, і ми маємо численні приклади, які показали, що захист не був забезпечений, тому необхідно розширити захист від злочинів, мотивованих дискримінацією."
pl_statements_20_02_2025_n01.txt,6130,6258,"Dziś apeluję do wszystkich: nie bądźmy obojętni, zwracajmy uwagę na sygnały, które mogą świadczyć o depresji u naszych bliskich.","['Appeal_to_Time', 'Slogans']",['Call'],False,False,False,False,True,False,"Сьогодні я звертаюся до всіх: не будьмо байдужими, звертайте увагу на сигнали, які можуть свідчити про депресію у наших близьких."
pl_abortion_11_04_2024_n12.txt,7547,7629,"Jako ojciec nie zgadzam się z tezą, że mężczyźni powinni milczeć na temat aborcji.","['Appeal_to_Authority', 'Appeal_to_Fear-Prejudice']",['Justification'],False,True,False,False,False,False,"Як батько, я не згоден з тезою, що чоловіки повинні мовчати про аборти."
pl_hate_speech_act_19_12_2024_n03.txt,8248,8512,"Wszystkie te wnioski różnych organizacji przez lata trafiały w nicość, bo w kraju rządziła partia, dla której mowa nienawiści stała się codziennością, językiem powszechnym i symbolem tworzenia własnych idei. (Poruszenie na sali) (Poseł Władysław Dajczak: Żenujące.)","['Appeal_to_Hypocrisy', 'Loaded_Language', 'Questioning_the_Reputation', 'Doubt']","['Attack_on_Reputation', 'Manipulative_Wording']",True,False,False,False,False,True,"Усі ці висновки різних організацій протягом багатьох років потрапляли в нікуди, бо в країні правила партія, для якої мова ненависті стала повсякденністю, загальною мовою та символом створення власних ідей. (Шум у залі) (Депутат Владислав Даччак: Соромно.)"
pl_defence_07_03_2025_n01.txt,4657,4922,"Przez litość nie będę przypominał, jak Platforma z Lewicą głosowała w sprawie abramsów dla Polski, w sprawie budowy zapory na granicy z Białorusią, utworzenia Wojsk Obrony Terytorialnej, ani tego, co kandydat Rafał Trzaskowski mówił o Nord Stream 1 i Nord Stream 2.",['Appeal_to_Hypocrisy'],['Attack_on_Reputation'],True,False,False,False,False,False,"З милосердя я не буду нагадувати, як Платформа з Лівицею голосували за Абрамси для Польщі, за будівництво паркану на кордоні з Білоруссю, за створення Територіальної оборони, і що кандидат Рафал Тжасковський говорив про Північний потік 1 і Північний потік 2."
pl_defence_07_03_2025_n08.txt,8107,8114,Brawo!),[],[],False,False,False,False,False,False,Браво!)
pl_hate_speech_act_19_12_2024_n10.txt,4951,5077,"Poseł Agata Wojtyszek: …jeżeli chodzi o niepełnosprawność, płeć czy orientację seksualną w kontekście proponowanych przepisów?",[],[],False,False,False,False,False,False,"Депутат Агата Войтишек: …якщо йдеться про інвалідність, стать чи сексуальну орієнтацію в контексті запропонованих положень?"
pl_eu_12_06_2024_n01.txt,0,120,Wicemarszałek Włodzimierz Czarzasty: Bardzo proszę panią poseł Danutę Jazłowiecką o przedstawienie sprawozdania komisji.,[],[],False,False,False,False,False,False,Віцемаршалок Влодзімеж Чарзастий: Дуже прошу пані депутатку Дануту Язловецьку представити звіт комісії.
pl_eu_03_04_2025_n03.txt,3373,3383,Reasumuję.,[],[],False,False,False,False,False,False,Підсумовуючи.
pl_eu_03_04_2025_n07.txt,2505,2619,Dziś obrazem polskiej prezydencji jest rechot ministra Szłapki na debacie o palestyńskich ofiarach w Strefie Gazy.,"['Appeal_to_Hypocrisy', 'Loaded_Language']","['Attack_on_Reputation', 'Manipulative_Wording']",True,False,False,False,False,True,Сьогодні образ польського президентства – це сміх міністра Шлапки на дебатах про палестинські жертви в Секторі Гази.
pl_eu_12_06_2024_n01.txt,2653,2738,Po prezentacji przez ministrów uzasadnienia projektu ustawy odbyła się krótka debata.,[],[],False,False,False,False,False,False,Після презентації міністрами обґрунтування проекту закону відбулася коротка дискусія.
pl_abortion_11_04_2024_n02.txt,813,828,Historia druga.,[],[],False,False,False,False,False,False,Історія друга.
pl_hate_speech_act_19_12_2024_n08.txt,6772,6889,"Za osiem gwiazdek ścigać nie będziecie, będziecie ścigać tych, którzy będą mówili, że są dwie płcie, a nie 68 czy 69.","['Appeal_to_Hypocrisy', 'Appeal_to_Fear-Prejudice']","['Attack_on_Reputation', 'Justification']",True,True,False,False,False,False,"За вісім зірок ви не будете переслідувати, ви будете переслідувати тих, хто скаже, що є дві статі, а не 68 чи 69."
pl_abortion_11_04_2024_n13.txt,459,561,"I nie mieszajmy do tego religii, bo jesteśmy tutaj, w parlamencie, świeckimi przedstawicielami narodu.","['Exaggeration-Minimisation', 'Loaded_Language']",['Manipulative_Wording'],False,False,False,False,False,True,"І не змішуймо з цим релігію, бо ми тут, у парламенті, є світськими представниками народу."
pl_abortion_11_04_2024_n01.txt,2293,2315,Dla kogo jest ta kara?,[],[],False,False,False,False,False,False,Для кого це покарання?
pl_abortion_11_04_2024_n09.txt,156,170,Drodzy Polacy!,[],[],False,False,False,False,False,False,Шановні поляки!
pl_defence_22_05_2024_n02.txt,5059,5215,"W polskiej polityce obronnej od lat trwa impas, którego przejawem jest brak określenia jasnej strategii i wizji Sił Zbrojnych, głównie przez organy cywilne.",['Doubt'],['Attack_on_Reputation'],True,False,False,False,False,False,"У польській оборонній політиці вже багато років триває глухий кут, проявом якого є відсутність чіткого визначення стратегії та бачення Збройних сил, головним чином через цивільні органи."
pl_abortion_11_04_2024_n13.txt,108,166,Poseł Katarzyna Kierzek-Koperska: Szanowna Pani Marszałek!,[],[],False,False,False,False,False,False,Пані Маршалку!
pl_abortion_11_04_2024_n01.txt,1097,1154,"Bo chcą, bo to jest ich decyzja, która dotyczy ich ciała.",[],[],False,False,False,False,False,False,"Бо вони хочуть, бо це їхнє рішення, яке стосується їхнього тіла."
pl_abortion_11_04_2024_n14.txt,3989,4092,"Na koniec chcę powiedzieć, że to przede wszystkim kobiety mają prawo decydować o swoim zdrowiu i życiu.","['Flag_Waving', 'Appeal_to_Values', 'False_Dilemma-No_Choice']","['Justification', 'Simplification']",False,True,False,True,False,False,"На завершення хочу сказати, що саме жінки мають право вирішувати питання свого здоров'я та життя."
pl_abortion_11_04_2024_n06.txt,97,132,Poseł Monika Rosa: Panie Marszałku!,[],[],False,False,False,False,False,False,Депутат Моніка Роза: Пане Маршалку!
pl_abortion_11_04_2024_n04.txt,7809,7870,Bardzo proszę panią poseł Urszulę Pasławską o zabranie głosu.,[],[],False,False,False,False,False,False,Дуже прошу пані депутатку Уршулю Паславську взяти слово.
pl_eu_03_04_2025_n01.txt,4235,4342,"Kluczowy dla Polski jest, co podkreślaliśmy, rozwój zdolności obronnych Unii Europejskiej, w tym przemysłu.",[],[],False,False,False,False,False,False,"Ключовим для Польщі є, як ми підкреслювали, розвиток оборонних можливостей Європейського Союзу, включаючи промисловість."
pl_eu_12_06_2024_n04.txt,7509,7519,Spokojnie…,[],[],False,False,False,False,False,False,Спокійно…
pl_abortion_11_04_2024_n14.txt,7151,7208,"Wicemarszałek Monika Wielichowska: Dziękuję, panie pośle.",[],[],False,False,False,False,False,False,"Віцемаршалок Моніка Веліховська: Дякую, пане депутате."
pl_defence_22_05_2024_n02.txt,5325,5448,Od lat mamy do czynienia z niską kulturą strategiczną wielu osób w państwie współdecydujących o polskiej polityce obronnej.,['Doubt'],['Attack_on_Reputation'],True,False,False,False,False,False,"Протягом багатьох років ми маємо справу з низькою стратегічною культурою багатьох людей у державі, які приймають рішення щодо польської оборонної політики."
pl_defence_07_03_2025_n07.txt,9096,9376,"Poseł Adrian Zandberg: Chciałbym usłyszeć od pana premiera konkrety, bo od tych decyzji, od tego, czy te zasady zostaną zmienione naprawdę, a nie tylko teoretycznie, będzie zależało to, czy za 5, za 7 lat, kiedy realne stanie się zagrożenie dla polskiej granicy, będziemy odporni.","['Appeal_to_Hypocrisy', 'Doubt', 'Appeal_to_Fear-Prejudice']","['Attack_on_Reputation', 'Justification']",True,True,False,False,False,False,"Депутат Адріан Зандберг: Я хотів би почути від пана прем'єр-міністра конкретику, бо від цих рішень, від того, чи будуть змінені ці принципи насправді, а не лише теоретично, залежатиме те, чи будемо ми стійкими через 5, через 7 років, коли стане реальною загроза для польського кордону."
pl_defence_22_05_2024_n02.txt,3057,3103,Obrona cywilna w Polsce zupełnie nie istnieje.,['Doubt'],['Attack_on_Reputation'],True,False,False,False,False,False,Цивільна оборона в Польщі взагалі не існує.
pl_defence_07_03_2025_n05.txt,3336,3405,"NATO jest sojuszem obronnym, naszym najważniejszym sojuszem obronnym.","['Appeal_to_Values', 'Repetition']","['Justification', 'Manipulative_Wording']",False,True,False,False,False,True,"НАТО є оборонним альянсом, нашим найважливішим оборонним альянсом."
pl_hate_speech_act_19_12_2024_n01.txt,279,397,Proszę sekretarza stanu w Ministerstwie Sprawiedliwości pana Arkadiusza Myrchę o przedstawienie uzasadnienia projektu.,[],[],False,False,False,False,False,False,Прошу державного секретаря Міністерства юстиції пана Аркадіуша Мірчу представити обґрунтування проєкту.
pl_abortion_11_04_2024_n02.txt,1970,2047,"Czy naprawdę chcemy, żeby nastolatki bały się zwrócić do swojej mamy o pomoc?","['Appeal_to_Values', 'Repetition']","['Justification', 'Manipulative_Wording']",False,True,False,False,False,True,"Чи справді ми хочемо, щоб підлітки боялися звернутися до своєї мами по допомогу?"
pl_defence_22_05_2024_n02.txt,5840,5954,Wszystkie cząstkowe projekty wzmocnienia stanu osobowego Sił Zbrojnych były i są tylko pudrowaniem rzeczywistości.,['Loaded_Language'],['Manipulative_Wording'],False,False,False,False,False,True,Усі часткові проєкти зміцнення особового складу Збройних сил були і є лише пудруванням реальності.
pl_hate_speech_act_19_12_2024_n08.txt,6106,6273,"Z tej strony, z lewej strony sali mówicie dzisiaj, że chcecie walczyć z nienawiścią, a to nienawiść was wyniosła do władzy: osiem gwiazdek, czyli wasze naczelne hasło.",['Appeal_to_Hypocrisy'],['Attack_on_Reputation'],True,False,False,False,False,False,"З цього боку, з лівого боку зали, ви сьогодні говорите, що хочете боротися з ненавистю, а саме ненависть привела вас до влади: вісім зірок, тобто ваше головне гасло."
pl_statements_20_02_2025_n04.txt,1166,1209,"To epidemia, o której nikt głośno nie mówi.",[],[],False,False,False,False,False,False,"Це епідемія, про яку ніхто не говорить вголос."
pl_statements_20_02_2025_n01.txt,7705,7734,Dziękuję i dobranoc. (Oklaski),[],[],False,False,False,False,False,False,Дякую і на добраніч. (Оплески)
pl_hate_speech_act_19_12_2024_n04.txt,4389,4510,"Przecież ten problem dotyczy także was, którzy z tej mównicy mówicie o tym, że to jest forma jakiejś domniemanej cenzury.",['Appeal_to_Hypocrisy'],['Attack_on_Reputation'],True,False,False,False,False,False,"Адже ця проблема стосується і вас, хто з цієї трибуни говорить про те, що це є форма якоїсь надуманої цензури."
pl_defence_22_05_2024_n01.txt,2809,2923,Rząd koalicji PO–PSL zlikwidował w ciągu 8 lat swoich rządów ponad 600 jednostek organizacyjnych Wojska Polskiego.,['Questioning_the_Reputation'],['Attack_on_Reputation'],True,False,False,False,False,False,Уряд коаліції PO-PSL ліквідував протягом 8 років свого правління понад 600 організаційних одиниць Війська Польського.
pl_hate_speech_act_19_12_2024_n08.txt,7512,7635,"Jednym z największych polskich grzechów głównych jest brak tolerancji, a co za tym idzie – przyzwolenie na mowę nienawiści.","['Loaded_Language', 'Appeal_to_Values']","['Justification', 'Manipulative_Wording']",False,True,False,False,False,True,"Одним з найбільших польських гріхів є відсутність толерантності, а отже – потурання мові ненависті."
pl_abortion_11_04_2024_n01.txt,3216,3224,Ze sobą.,['Repetition'],['Manipulative_Wording'],False,False,False,False,False,True,З собою.
pl_defence_22_05_2024_n02.txt,5736,5839,"Trzeba sobie jasno powiedzieć, iż na obecną chwilę ani obecny, ani poprzedni rząd nie ma na to pomysłu.",[],[],False,False,False,False,False,False,"Треба чітко сказати, що на даний момент ні нинішній, ні попередній уряд не має на це ідеї."
pl_abortion_11_04_2024_n03.txt,790,823,Kto dłużej wytrzyma tę próbę sił?,[],[],False,False,False,False,False,False,Хто довше витримає це випробування сил?
pl_defence_22_05_2024_n03.txt,3394,3409,To o to chodzi?,"['Doubt', 'Appeal_to_Fear-Prejudice']","['Attack_on_Reputation', 'Justification']",True,True,False,False,False,False,Що це означає?
pl_eu_12_06_2024_n02.txt,532,548,Panie Marszałku!,[],[],False,False,False,False,False,False,Пане Маршалку!
pl_defence_07_03_2025_n02.txt,6711,6883,"Czasy, gdy premier Morawiecki traktowany był jak dziś rosyjski pomocnik Orbán, na szczęście już minęły. (Oklaski) Na szczęście, bo przecież widzimy, co się stało z Węgrami.","['Questioning_the_Reputation', 'Name_Calling-Labeling']",['Attack_on_Reputation'],True,False,False,False,False,False,"Часи, коли прем'єр-міністра Моравецького розглядали як сьогодні російського помічника Орбана, на щастя, вже минули. (Оплески) На щастя, бо ми бачимо, що сталося з Угорщиною."
pl_statements_20_02_2025_n01.txt,6938,7110,Ich zadania nie ograniczają się do przygotowania posiłków czy utrzymania porządku; to także wsparcie emocjonalne budujące poczucie bezpieczeństwa i wspólnoty wśród uczniów.,['Appeal_to_Values'],['Justification'],False,True,False,False,False,False,"Їхні завдання не обмежуються приготуванням їжі чи підтримкою порядку; це також емоційна підтримка, яка формує відчуття безпеки та спільноти серед учнів."
pl_defence_07_03_2025_n06.txt,8993,9025,Dalej: Usunąć deficyt w Europie.,['Slogans'],['Call'],False,False,False,False,True,False,Далі: Усунути дефіцит в Європі.
pl_defence_07_03_2025_n02.txt,6280,6443,"A jeżeli tak, to przestańcie nazywać się posłami na Sejm Rzeczypospolitej, bo nie jesteście godni tego miana. (Poseł Marcin Przydacz: O czym ty mówisz, człowieku?)","['Appeal_to_Hypocrisy', 'Questioning_the_Reputation']",['Attack_on_Reputation'],True,False,False,False,False,False,"А якщо так, то перестаньте називати себе депутатами Сейму Республіки Польща, бо ви не гідні цього звання. (Депутат Марцін Пжидач: Про що ти говориш, чоловіче?)"
pl_defence_07_03_2025_n04.txt,6814,6935,Dlatego budujemy z Amerykanami elektrownię jądrową i dywersyfikujemy źródła energii wspólnie z sojusznikami europejskimi.,[],[],False,False,False,False,False,False,Тому ми будуємо атомну електростанцію з американцями та диверсифікуємо джерела енергії разом з європейськими союзниками.
pl_eu_03_04_2025_n04.txt,5204,5353,"Chciałoby się powiedzieć, i w zasadzie tak jest, że wtedy, kiedy kończyła się prezydencja węgierska, Europa po prostu odetchnęła z ulgą, panie pośle.",['Doubt'],['Attack_on_Reputation'],True,False,False,False,False,False,"Хотілося б сказати, і насправді так і є, що коли закінчувалася президентура угорська, Європа просто зітхнула з полегшенням, пане посол."
pl_eu_12_06_2024_n04.txt,2814,2856,Czesław Mroczek: Szanowny Panie Marszałku!,[],[],False,False,False,False,False,False,Чеслав Мрочек: Шановний пане маршалку!
pl_current_affairs_09_01_2025_n03.txt,1986,2108,Sąd bazował na uzasadnieniu o niedostatecznym wykorzystywaniu przez ówczesnego ministra Michała Kurtykę procedury nadzoru.,[],[],False,False,False,False,False,False,Суд ґрунтувався на обґрунтуванні про недостатнє використання тодішнім міністром Міхалом Куртикою процедури нагляду.
pl_hate_speech_act_19_12_2024_n04.txt,8393,8477,"Przemoc, która ma swoje podłoże w nienawiści, jest szczególną kategorią przestępstw.",['Appeal_to_Fear-Prejudice'],['Justification'],False,True,False,False,False,False,"Насильство, яке має своє коріння в ненависті, є особливою категорією злочинів."
pl_defence_07_03_2025_n04.txt,7366,7529,W naszym interesie jest porozumienie gwarantujące sprawiedliwy i trwały – trwały – pokój dla Ukrainy w poszanowaniu jej suwerenności i integralności terytorialnej.,['Appeal_to_Values'],['Justification'],False,True,False,False,False,False,"В наших інтересах є угода, яка гарантує справедливий і тривалий – тривалий – мир для України з повагою до її суверенітету та територіальної цілісності."
pl_eu_03_04_2025_n06.txt,5602,5807,"W sytuacji, w której trzeba było i można było przejąć inicjatywę, można było próbować być pomostem wobec trudnych relacji administracji Trumpa z administracją unijną, nawet tego wam się nie chciało zrobić.",['Questioning_the_Reputation'],['Attack_on_Reputation'],True,False,False,False,False,False,"У ситуації, коли потрібно було і можна було взяти на себе ініціативу, можна було спробувати бути мостом у складних відносинах адміністрації Трампа з адміністрацією ЄС, навіть цього вам не хотілося робити."
pl_abortion_11_04_2024_n13.txt,5297,5341,"Zakaz aborcji nie spowoduje, że ona zniknie.",['Conversation_Killer'],['Call'],False,False,False,False,True,False,"Заборона абортів не призведе до того, що вони зникнуть."
pl_abortion_11_04_2024_n13.txt,1061,1147,"Dość już patrzenia na kobiety przez pryzmat prokreacji, bo to jest chore i nieludzkie.","['Appeal_to_Time', 'Loaded_Language', 'Slogans']","['Call', 'Manipulative_Wording']",False,False,False,False,True,True,"Досить вже дивитися на жінок крізь призму розмноження, бо це нездорово і нелюдяно."
pl_defence_07_03_2025_n07.txt,2336,2598,"Europa toczy w chwili obecnej wojnę gospodarczą, o konkurencję gospodarczą, i własnymi politykami przemysłowymi, rolnymi zabija własne rolnictwo i przemysł. (Oklaski) Ma najdroższy prąd na świecie, trzeba z tym skończyć, jeżeli Europa ma się zacząć tutaj liczyć.","['Exaggeration-Minimisation', 'Loaded_Language', 'Doubt']","['Attack_on_Reputation', 'Manipulative_Wording']",True,False,False,False,False,True,"Європа зараз веде економічну війну, економічну конкуренцію, і власними промисловою та сільськогосподарською політикою знищує власне сільське господарство та промисловість. (Оплески) У неї найдорожча електроенергія у світі, і з цим потрібно покінчити, якщо Європа хоче тут мати значення."
pl_eu_03_04_2025_n01.txt,1503,1580,"Tutaj uczciwie trzeba powiedzieć, co miało wpływ na przebieg tej prezydencji.",[],[],False,False,False,False,False,False,"Тут чесно треба сказати, що вплинуло на перебіг цієї президентської каденції."
pl_abortion_11_04_2024_n06.txt,6282,6334,"Prawa, które daje wybór i które daje bezpieczeństwo.",['Appeal_to_Values'],['Justification'],False,True,False,False,False,False,"Права, які дають вибір і які дають безпеку."
pl_eu_03_04_2025_n02.txt,5595,5950,"Należy podkreślić, że na uznanie zasługuje, po pierwsze, deklaracja na rzecz konkurencyjności jako odpowiedź na raport premiera Draghiego, w której stwierdzono, że celem Unii Europejskiej jest przekazanie do 3% PKP na badania i rozwój do 2030 r., a także wdrożenie unii rynku kapitałowego czy też ograniczenia co najmniej o 1/4 obciążeń administracyjnych.",[],[],False,False,False,False,False,False,"Слід підкреслити, що визнання заслуговує, по-перше, декларація на підтримку конкурентоспроможності як відповідь на звіт прем'єр-міністра Драгі, в якому зазначено, що метою Європейського Союзу є виділення до 3% ВВП на дослідження та розробки до 2030 року, а також впровадження союзу ринків капіталу або зменшення адміністративних витрат щонайменше на 1/4."
pl_eu_03_04_2025_n07.txt,3851,4043,"Od kłamania to jest gościu, który ucieka hulajnogą przed wyborcami, pana kolega, a nie marszałek Szymon Hołownia. (Oklaski) (Poseł Witold Tumanowicz: Biegnie na kolejne spotkania z wyborcami.)","['Loaded_Language', 'Questioning_the_Reputation', 'Red_Herring']","['Attack_on_Reputation', 'Distraction', 'Manipulative_Wording']",True,False,True,False,False,True,"Від брехні це гість, який тікає на самокаті від виборців, пане колего, а не маршалок Шимон Головня. (Оплески) (Депутат Вітольд Туманович: Біжить на наступні зустрічі з виборцями.)"
pl_abortion_11_04_2024_n09.txt,957,1111,"Jak tego nie zmienimy, za kilkadziesiąt lat Polski nie będzie, a państwo chcą ten proces przyspieszyć, strasząc kobiety, że w szpitalach kobiety umierają.",['Appeal_to_Fear-Prejudice'],['Justification'],False,True,False,False,False,False,"Якщо ми цього не змінимо, за кілька десятків років Польщі не буде, а держава хоче прискорити цей процес, лякаючи жінок тим, що в лікарнях жінки помирають."
pl_eu_03_04_2025_n04.txt,2155,2400,"W związku z tym namawiam do tego, panie ministrze, żeby pan wziął ten leżak kampusowy i żeby pan wziął konsolę tego didżeja promującego rosyjską propagandę, bo przecież osiem gwiazdek, które pan tak chętnie promował, to jest rosyjska propaganda.","['Questioning_the_Reputation', 'Name_Calling-Labeling', 'Red_Herring']","['Attack_on_Reputation', 'Distraction']",True,False,True,False,False,False,"У зв'язку з цим я закликаю вас, пане міністре, щоб ви взяли цей кампусний лежак і щоб ви взяли консоль цього діджея, який просуває російську пропаганду, адже вісім зірок, які ви так охоче просовуєте, – це російська пропаганда."
pl_hate_speech_act_19_12_2024_n10.txt,794,958,"Mową nienawiści jest cytowanie badań naukowych, które mówią o tym, że wśród pedofilów występuje wyraźna nadreprezentacja osób o orientacji homoseksualnej. (Oklaski)","['Repetition', 'Appeal_to_Fear-Prejudice']","['Justification', 'Manipulative_Wording']",False,True,False,False,False,True,"Мовою ненависті є цитування наукових досліджень, які стверджують, що серед педофілів спостерігається чітка надпредставленість осіб з гомосексуальною орієнтацією. (Оплески)"
pl_hate_speech_act_19_12_2024_n03.txt,0,268,"Agencja Praw Podstawowych Unii Europejskiej w badaniu z 2020 r. wykazała, że 47% osób LGBT w Polsce w ciągu ostatnich 12 miesięcy do tego badania doświadczyło dyskryminacji w kluczowych obszarach życia, takich jak zatrudnienie, edukacja, opieka zdrowotna czy rozrywka.",[],[],False,False,False,False,False,False,"Агентство фундаментальних прав Європейського Союзу в дослідженні 2020 року показало, що 47% ЛГБТ-осіб у Польщі протягом останніх 12 місяців до цього дослідження зазнали дискримінації в ключових сферах життя, таких як працевлаштування, освіта, охорона здоров’я чи розваги."
pl_abortion_11_04_2024_n13.txt,2367,2396,"Nie widzę, nie ma pana posła.",[],[],False,False,False,False,False,False,"Не бачу, немає пана посла."
pl_defence_07_03_2025_n07.txt,1212,1323,"Bo Amerykanie i ich prezydent wygrali te wybory, wybrali opcję pod tytułem: Po pierwsze Ameryka, Ameryka First.",['Slogans'],['Call'],False,False,False,False,True,False,"Бо американці та їхній президент виграли ці вибори, обрали варіант під назвою: По-перше Америка, Америка First."
pl_eu_12_06_2024_n03.txt,4020,4160,Zgodnie z harmonogramem przyjętym jeszcze przez rząd Prawa i Sprawiedliwości pierwsze przetargi miały rozpocząć się już w I kwartale 2024 r.,[],[],False,False,False,False,False,False,"Згідно з графіком, затвердженим ще урядом Права і Справедливості, перші тендери мали розпочатися вже в першому кварталі 2024 року."
pl_eu_03_04_2025_n06.txt,2042,2329,"Zwraca się również do instytucji i państw członkowskich, aby w trybie priorytetowym dokonały postępów w pracach, w szczególności w związku z wyzwaniami, które są wskazane w raportach Enrica Letty „Znacznie więcej niż rynek” czy Maria Draghiego „Przyszłość europejskiej konkurencyjności”.",[],[],False,False,False,False,False,False,"Також звертаються до інституцій та держав-членів, щоб вони в пріоритетному порядку досягли прогресу в роботі, особливо у зв’язку з викликами, які зазначені в доповідях Енріко Летті «Значно більше, ніж ринок» та Марії Драгі «Майбутнє європейської конкурентоспроможності»."
pl_eu_12_06_2024_n03.txt,4905,4966,"Przedstawiciel PiS oświadczył, że będą przeciwko tej ustawie.",['False_Dilemma-No_Choice'],['Simplification'],False,False,False,True,False,False,"Представник PiS заявив, що вони будуть проти цього закону."
pl_defence_22_05_2024_n02.txt,8803,8871,"Uzupełnijcie je jak najszybciej, zamiast zapowiadać, że to zrobicie.","['Appeal_to_Hypocrisy', 'Appeal_to_Time']","['Attack_on_Reputation', 'Call']",True,False,False,False,True,False,"Заповніть їх якомога швидше, замість того, щоб обіцяти, що зробите це."
pl_eu_03_04_2025_n05.txt,5615,5675,Chciałbym zaapelować do całej Wysokiej Izby o jej przyjęcie.,[],[],False,False,False,False,False,False,Я хотів би звернутися до всієї Високої Палати з проханням про її прийняття.
pl_eu_03_04_2025_n06.txt,4095,4252,"W Parlamencie Europejskim na ostatnim posiedzeniu odbyła się debata dotycząca zmian prawnych na Węgrzech, zmian wzmacniających dobro i bezpieczeństwo dzieci.",['Doubt'],['Attack_on_Reputation'],True,False,False,False,False,False,"У Європейському парламенті на останньому засіданні відбулася дискусія щодо змін у законодавстві Угорщини, змін, які зміцнюють добро та безпеку дітей."
pl_defence_22_05_2024_n04.txt,1761,1879,"Mówił pan minister o tym, że w tym roku będzie zawartych 150 umów, w poprzednim było 23, na polskim rynku na 18,5 mld.",[],[],False,False,False,False,False,False,"Міністр говорив, що цього року буде укладено 150 угод, минулого року було 23, на польському ринку на 18,5 млрд."
pl_abortion_11_04_2024_n01.txt,3331,3415,To jest w tym momencie integralna część jej ciała. (Poseł Łukasz Kmita: Nowe życie.),['Appeal_to_Values'],['Justification'],False,True,False,False,False,False,Це зараз невід'ємна частина її тіла. (Депутат Лукаш Кміта: Нове життя.)
pl_abortion_11_04_2024_n06.txt,6022,6052,One po prostu będą bezpieczne.,['Appeal_to_Values'],['Justification'],False,True,False,False,False,False,Вони просто будуть у безпеці.
pl_current_affairs_09_01_2025_n02.txt,3577,3706,"Dzięki temu będzie też doceniona praca opiekunek, które tam pracują, przez ich dobre wynagradzanie i danie im możliwości rozwoju.",[],[],False,False,False,False,False,False,"Завдяки цьому також буде оцінена робота доглядальниць, які там працюють, завдяки їхньому гарному винагородженню та наданню їм можливостей для розвитку."
pl_hate_speech_act_19_12_2024_n07.txt,2411,2477,Jednocześnie wy wcale nie chcecie walczyć z żadną mową nienawiści.,['Appeal_to_Hypocrisy'],['Attack_on_Reputation'],True,False,False,False,False,False,Водночас ви взагалі не хочете боротися з жодною мовою ненависті.
pl_eu_03_04_2025_n08.txt,8038,8127,"Bardzo nam miło. (Oklaski) Pytanie zadaje pan poseł Marek Krząkała, Koalicja Obywatelska.",[],[],False,False,False,False,False,False,"Нам дуже приємно. (Оплески) Питання ставить пан депутат Марек Кжакаля, Громадянська коаліція."
pl_abortion_11_04_2024_n02.txt,975,1036,Justyna wyjmuje z szuflady swoje tabletki i wysyła je pocztą.,[],[],False,False,False,False,False,False,Юстина виймає зі скриньки свої таблетки і надсилає їх поштою.
pl_defence_22_05_2024_n01.txt,9773,10002,"Można powiedzieć, że 300 tys. żołnierzy wojsk operacyjnych i 50 tys. żołnierzy Wojsk Obrony Terytorialnej – to powinien być nasz wspólny cel, mówię o państwie polskim (Oklaski), bo w ten sposób możemy realnie odstraszyć agresora.","['Flag_Waving', 'Appeal_to_Fear-Prejudice']",['Justification'],False,True,False,False,False,False,"Можна сказати, що 300 тисяч солдатів оперативних військ і 50 тисяч солдатів Територіальної оборони – це має бути наша спільна мета, я говорю про польську державу (Оплески), бо так ми можемо реально відлякати агресора."
pl_defence_07_03_2025_n07.txt,5845,6066,"I tutaj słowa o tłumaczeniu, o perswadowaniu nie wystarczą, bo widać, że nowe podejście amerykańskiej administracji zostawia jeszcze mniej miejsca niż dotąd na to, żeby tłumaczenie, perswadowanie czy prośby coś zmieniały.","['Obfuscation-Vagueness-Confusion', 'Slogans', 'Repetition']","['Call', 'Manipulative_Wording']",False,False,False,False,True,True,"І тут слів про переклад, про переконання недостатньо, бо видно, що новий підхід американської адміністрації залишає ще менше місця, ніж досі, щоб переклад, переконання чи прохання щось змінили."
pl_defence_22_05_2024_n02.txt,9350,9361,Zróbcie to.,['Slogans'],['Call'],False,False,False,False,True,False,Зробіть це.
pl_defence_22_05_2024_n02.txt,6889,7068,"Dzisiejsze Siły Zbrojne są w stanie walczyć na ok. 3% terytorium Polski, wzmocnione przez sojuszników – na ok. 4% terytorium Polski, oczywiście bez koncentracji wysiłku obronnego.",[],[],False,False,False,False,False,False,"Сьогодні Збройні сили можуть воювати приблизно на 3% території Польщі, а за підтримки союзників – приблизно на 4% території Польщі, звісно, без концентрації оборонних зусиль."
pl_abortion_11_04_2024_n08.txt,1475,1504,Były protesty strajku kobiet.,[],[],False,False,False,False,False,False,Були протести страйку жінок.
pl_defence_07_03_2025_n03.txt,7915,8025,"Dzięki atrakcyjności własnej kultury, dzięki polityce, dzięki ideałom, ale przede wszystkim dzięki wartościom.",[],[],False,False,False,False,False,False,"Завдяки привабливості власної культури, завдяки політиці, завдяки ідеалам, але насамперед завдяки цінностям."
pl_eu_12_06_2024_n04.txt,1991,2385,"Również na naszym rynku, tu, w Polsce, nasi armatorzy mogą ponieść ogromne straty w wyniku wprowadzenia złych regulacji, już nie mówiąc o rybołówstwie, które państwo zawsze traktowaliście – i całą gospodarkę morską – po macoszemu. (Poseł Danuta Jazłowiecka: To nie ta ustawa, panie pośle, to nie ta ustawa.) Czy państwo jesteście przygotowani w tym zakresie (Dzwonek) do reprezentowania Polski?","['Conversation_Killer', 'Flag_Waving', 'Loaded_Language', 'Questioning_the_Reputation', 'Doubt']","['Attack_on_Reputation', 'Justification', 'Call', 'Manipulative_Wording']",True,True,False,False,True,True,"Також на нашому ринку, тут, у Польщі, наші судновласники можуть зазнати величезних збитків через запровадження поганих регулювань, не кажучи вже про рибальство, яке держава завжди ставилася до них – і до всієї морської економіки – як до зведеної сестри. (Депутат Данута Язловєцка: Це не той закон, пане депутате, це не той закон.) Чи ви готові в цьому плані (Дзвінок) представляти Польщу?"
pl_hate_speech_act_19_12_2024_n03.txt,6709,6764,"A dla was nie tylko ma być to skandal, ale i więzienie.","['Appeal_to_Hypocrisy', 'Loaded_Language']","['Attack_on_Reputation', 'Manipulative_Wording']",True,False,False,False,False,True,"А для вас це має бути не лише скандалом, але й в’язницею."
pl_abortion_11_04_2024_n12.txt,4738,4923,"Chciałabym zaapelować do wszystkich posłanek i posłów, żeby poprzeć wszystkie te projekty, które są w tej chwili procedowane, żebyśmy mogli na ten temat dyskutować w specjalnej komisji.",[],[],False,False,False,False,False,False,"Я хотіла б звернутися до всіх депутаток і депутатів, щоб вони підтримали всі ці проєкти, які зараз розглядаються, щоб ми могли обговорити це питання на спеціальному засіданні."
pl_eu_03_04_2025_n03.txt,4158,4184,Szanowni Państwo Posłowie!,[],[],False,False,False,False,False,False,Шановні народні депутати!
pl_statements_20_02_2025_n03.txt,1643,1729,Oświadczenie moje wygłaszam z okazji Narodowego Dnia Pamięci Żołnierzy Armii Krajowej.,[],[],False,False,False,False,False,False,Моя заява виголошується з нагоди Національного Дня Пам'яті Солдатів Армії Крайової.
pl_eu_03_04_2025_n07.txt,2726,2773,"Zapraszam pana posła Kamila Wnuka, Polska 2050.",[],[],False,False,False,False,False,False,"Запрошую пана посла Каміля Внука, Польща 2050."
pl_eu_03_04_2025_n04.txt,5887,6018,"Myślę, że to jest dobry obraz tej sytuacji i dobry obraz, jak wyglądałaby polska sytuacja, gdyby dalej w Polsce rządzili populiści.",['Consequential_Oversimplification'],['Simplification'],False,False,False,True,False,False,"Думаю, що це хороший образ цієї ситуації і хороший образ, як виглядала б польська ситуація, якби в Польщі далі правили популісти."
pl_defence_22_05_2024_n02.txt,573,674,System kierowania i dowodzenia Siłami Zbrojnymi był kilkanaście razy zmieniany od czasu upadku PRL-u.,['Doubt'],['Attack_on_Reputation'],True,False,False,False,False,False,Система управління та командування Збройними силами була змінена кілька разів з моменту падіння ПНР.
pl_abortion_11_04_2024_n14.txt,6406,6519,"O zgrozo, aborcję, to okrutne morderstwo niewinnych dzieci, nazywa się w tych projektach świadczeniem zdrowotnym.","['Exaggeration-Minimisation', 'Appeal_to_Hypocrisy', 'Loaded_Language', 'Appeal_to_Pity']","['Attack_on_Reputation', 'Distraction', 'Manipulative_Wording']",True,False,True,False,False,True,"О жах, аборт, це жорстоке вбивство невинних дітей, називається в цих проектах наданням медичних послуг."
pl_abortion_11_04_2024_n10.txt,2400,2700,"Kiedy rodzic nastolatki staje przed dylematem wczesnej, nastoletniej ciąży, która może zagrażać życiu jego dziecka, albo po prostu jest to ciąża za wczesna, na pewno nieplanowana – najpierw myśli o tym, aby swojej córce pomóc, a dopiero później o konsekwencjach prawnych, które mogą go za to spotkać.","['Appeal_to_Pity', 'Appeal_to_Values']","['Justification', 'Distraction']",False,True,True,False,False,False,"Коли батько підлітка стикається з дилемою ранньої, підліткової вагітності, яка може загрожувати життю його дитини, або це просто вагітність, яка настала занадто рано, не запланована – спочатку він думає про те, щоб допомогти своїй дочці, і лише потім про юридичні наслідки, які можуть його спіткати."
pl_eu_12_06_2024_n02.txt,4871,4940,"Pan poseł Marcin Porzucek, Klub Parlamentarny Prawo i Sprawiedliwość.",[],[],False,False,False,False,False,False,"Пане депутате Марчине Порзучеку, Парламентський клуб Право і Справедливість."
pl_statements_20_02_2025_n03.txt,9165,9216,"Pamiętam, jak duże wrażenie wówczas na mnie zrobił.",[],[],False,False,False,False,False,False,"Пам'ятаю, яке велике враження він на мене справив."
pl_abortion_11_04_2024_n08.txt,2698,2732,"Posłanki, wybrane demokratycznie.)",['False_Equivalence'],['Simplification'],False,False,False,True,False,False,"Народні депутатки, обрані демократичним шляхом.)"
pl_defence_07_03_2025_n01.txt,885,1012,"Lecha Kaczyńskiego, które miały służyć temu, żeby budować jedność świata Zachodu w sprzeciwie wobec imperialnych zapędów Rosji.","['Loaded_Language', 'Doubt']","['Attack_on_Reputation', 'Manipulative_Wording']",True,False,False,False,False,True,"Леха Качинського, які мали служити тому, щоб будувати єдність західного світу в протистоянні імперським прагненням Росії."
pl_abortion_11_04_2024_n14.txt,4236,4285,Poseł Krzysztof Śmiszek: Szanowna Pani Marszałek!,[],[],False,False,False,False,False,False,Шановний пане Маршалку!
pl_defence_07_03_2025_n04.txt,2543,2654,"Nie zmieniło się także to, że rosyjska demokracja nie jest demokracją w znaczeniu demokracji Europy Zachodniej.",['Questioning_the_Reputation'],['Attack_on_Reputation'],True,False,False,False,False,False,"Не змінилося також те, що російська демократія не є демократією в значенні демократії Західної Європи."
pl_statements_20_02_2025_n04.txt,1211,1302,"Nie możemy pozwolić, by wolność rynku była ważniejsza od zdrowia i życia naszych obywateli.",['Appeal_to_Values'],['Justification'],False,True,False,False,False,False,"Ми не можемо дозволити, щоб свобода ринку була важливішою за здоров'я та життя наших громадян."
pl_abortion_11_04_2024_n14.txt,7908,7999,"Poseł Władysław Kurowski: Pozostawiam państwa z tą refleksją, z tą kwestią do przemyślenia.",[],[],False,False,False,False,False,False,"Депутат Владислав Куровський: Залишаю вас з цією рефлексією, з цим питанням для роздумів."
pl_eu_03_04_2025_n05.txt,1454,1521,Taka właśnie była wasza polityka i taką dzisiaj opozycją jesteście.,['Questioning_the_Reputation'],['Attack_on_Reputation'],True,False,False,False,False,False,"Ось така була ваша політика, і такою опозицією ви є сьогодні."
pl_eu_12_06_2024_n02.txt,4947,4990,Przygotowuje się pan poseł Janusz Kowalski.,[],[],False,False,False,False,False,False,Готується пан депутат Януш Ковальський.
pl_abortion_11_04_2024_n04.txt,426,454,"Aborcja była, jest i będzie.",['Conversation_Killer'],['Call'],False,False,False,False,True,False,"Аборт був, є і буде."
pl_defence_07_03_2025_n07.txt,5141,5391,"I Polska nie będzie tutaj bezpieczniejsza od owijania w bawełnę, bo choćbyśmy tę rzeczywistość owijali w bawełnę bardzo pracowicie i używali wielu eufemizmów, jak pan premier zanim opuścił tę salę, to od tej bawełny Polska bezpieczniejsza nie będzie.","['Loaded_Language', 'Questioning_the_Reputation', 'Repetition']","['Attack_on_Reputation', 'Manipulative_Wording']",True,False,False,False,False,True,"І Польща не буде тут безпечнішою від обгортання в бавовну, бо навіть якщо ми будемо дуже старанно обгортати цю реальність у бавовну і використовувати багато евфемізмів, як пан прем'єр-міністр перед тим, як покинути цю залу, то від цієї бавовни Польща безпечнішою не буде."
pl_defence_22_05_2024_n03.txt,6878,6923,Poseł Iwona Maria Kozłowska: Panie Marszałku!,[],[],False,False,False,False,False,False,Пані Маршалку!
pl_current_affairs_09_01_2025_n03.txt,405,593,"Mało tego, został uchwalony program wieloletni, który przewidywał także konkretne środki na realizację stopnia wodnego w Siarzewie, a pani minister teraz mówi, że wszystko jest winą PiS-u.",['Appeal_to_Hypocrisy'],['Attack_on_Reputation'],True,False,False,False,False,False,"Мало того, було прийнято багаторічну програму, яка також передбачала конкретні заходи для реалізації водного рівня в Сіаржеві, а пані міністр зараз каже, що все є провиною PiS."
pl_defence_22_05_2024_n04.txt,6827,6950,"To miało miejsce wczoraj czy przedwczoraj w Michałowie, tam byli politycy Platformy Obywatelskiej, nowy marszałek podlaski.",['Red_Herring'],['Distraction'],False,False,True,False,False,False,"Це сталося вчора чи позавчора в Міхалові, там були політики Платформи Оборчої, новий маршалок підляський."
pl_hate_speech_act_19_12_2024_n08.txt,8221,8350,"Jeżeli można wskazać dziedzinę, w której deklaracje polityków najbardziej rozmijają się z praktyką, to jest nią właśnie ta sfera.",['Appeal_to_Hypocrisy'],['Attack_on_Reputation'],True,False,False,False,False,False,"Якщо можна вказати сферу, в якій заяви політиків найбільше розходяться з практикою, то це саме ця сфера."
pl_abortion_11_04_2024_n08.txt,2207,2358,"A dyktator groził: osobiście zastrzelę tego idiotę, który chciałby wprowadzić w życie przepisy zabraniające aborcji na wschodnich terenach okupowanych.","['False_Equivalence', 'Loaded_Language']","['Simplification', 'Manipulative_Wording']",False,False,False,True,False,True,"Диктатор погрожував: особисто застрелю того ідіота, який захоче впровадити правила, що забороняють аборти на окупованих східних територіях."
pl_defence_07_03_2025_n06.txt,6527,7018,"Czas zacząć rozmawiać konkretnie o tempie konwersji wydatków na nowe zdolności obronne, o relacji koszt – efekt w przypadku wydatkowania środków na obronę, o autonomii technologicznej i strategicznej, jeżeli chodzi o kupowane przez nas uzbrojenie, o całym koszcie kupowanego uzbrojenia w cyklu życia, uwzględniając również zatrudnienie wysoko wyspecjalizowanych inżynierów do obsługi tego wszystkiego. (Oklaski) Dobrym przykładem są podejmowane decyzje o kupnie nowych śmigłowców, samolotów.","['Conversation_Killer', 'Doubt', 'Repetition']","['Attack_on_Reputation', 'Call', 'Manipulative_Wording']",True,False,False,False,True,True,"Час почати конкретно говорити про темпи перетворення витрат на нові оборонні можливості, про співвідношення витрат і результатів при витрачанні коштів на оборону, про технологічну та стратегічну автономію, коли мова йде про озброєння, яке ми купуємо, про загальну вартість придбаного озброєння протягом усього життєвого циклу, враховуючи також працевлаштування висококваліфікованих інженерів для обслуговування всього цього. (Оплески) Хорошим прикладом є рішення про придбання нових вертольотів і літаків."
pl_eu_03_04_2025_n05.txt,1899,1974,"Tak, dialog na posiedzeniu Komisji do Spraw Unii Europejskiej będzie trwał.",[],[],False,False,False,False,False,False,"Так, діалог на засіданні Комісії з питань Європейського Союзу триватиме."
pl_abortion_11_04_2024_n10.txt,5461,5539,Dlatego odrzucają najbardziej skrajne stanowiska prawej strony i lewej strony.,['Causal_Oversimplification'],['Simplification'],False,False,False,True,False,False,Тому вони відкидають найбільш крайні позиції правої та лівої сторін.
pl_defence_07_03_2025_n08.txt,2670,2735,"Albo to schizofrenia polityczna, albo coś naprawdę macie z głową.","['Loaded_Language', 'Questioning_the_Reputation', 'False_Dilemma-No_Choice', 'Name_Calling-Labeling']","['Attack_on_Reputation', 'Simplification', 'Manipulative_Wording']",True,False,False,True,False,True,"Або це політична шизофренія, або у вас щось з головою."
pl_defence_07_03_2025_n02.txt,4269,4390,"Naród ukraiński zmaga się z barbarzyńską, niczym niesprowokowaną i nieuzasadnioną agresją ze strony Federacji Rosyjskiej.","['Loaded_Language', 'Repetition']",['Manipulative_Wording'],False,False,False,False,False,True,"Український народ бореться з варварською, нічим не спровокованою та не виправданою агресією з боку Російської Федерації."
pl_abortion_11_04_2024_n01.txt,1062,1096,Dlaczego kobiety przerywają ciąże?,[],[],False,False,False,False,False,False,Чому жінки роблять аборти?
pl_defence_07_03_2025_n06.txt,4210,4271,"Jedyne konkrety, jakie mogliśmy usłyszeć, dotyczyły finansów.",['Doubt'],['Attack_on_Reputation'],True,False,False,False,False,False,"Єдине, що ми могли почути, стосувалося фінансів."
pl_hate_speech_act_19_12_2024_n03.txt,778,929,"Ten pierwszy historyczny rządowy projekt jest dzisiaj jasnym sygnałem, że każdy i każda z was zasługuje na ochronę przed przemocą, przed dyskryminacją.","['Causal_Oversimplification', 'Appeal_to_Values']","['Justification', 'Simplification']",False,True,False,True,False,False,"Цей перший історичний урядовий проєкт сьогодні є чітким сигналом, що кожен і кожна з вас заслуговує на захист від насильства, від дискримінації."
pl_hate_speech_act_19_12_2024_n07.txt,1228,1480,"Oczywiście, że już w obecnej sytuacji prawnej mamy przepisy, które penalizują groźby, przemoc, znieważenia niezależnie od cech osobistych ofiary, więc kwestia tego, co chcecie tutaj dołożyć, to jest kwestia tylko i wyłącznie waszej lewackiej ideologii.","['Loaded_Language', 'Questioning_the_Reputation', 'Name_Calling-Labeling']","['Attack_on_Reputation', 'Manipulative_Wording']",True,False,False,False,False,True,"Звісно, що вже в поточній правовій ситуації ми маємо норми, які карають за погрози, насильство, образи незалежно від особистих характеристик жертви, тому питання того, що ви хочете тут додати, є питанням лише вашої лівацької ідеології."
pl_current_affairs_09_01_2025_n03.txt,3252,3398,"To kolejny projekt ministra odpowiedzialnego za gospodarkę wodną, w tym za zabezpieczenie przeciwsuszowe i przeciwpowodziowe w Polsce przez 8 lat.",['Doubt'],['Attack_on_Reputation'],True,False,False,False,False,False,"Це черговий проєкт міністра, відповідального за управління водними ресурсами, зокрема за захист від посухи та паводків у Польщі протягом 8 років."
pl_defence_22_05_2024_n02.txt,1429,1531,Ostatnio Niemcy rozpoczęli budowę fabryki amunicji artyleryjskiej produkującej 200 tys. sztuk rocznie.,[],[],False,False,False,False,False,False,"Нещодавно Німеччина розпочала будівництво заводу з виробництва артилерійських боєприпасів, який вироблятиме 200 тисяч одиниць на рік."
pl_eu_03_04_2025_n01.txt,2697,2796,"Mówię tutaj o bardzo konkretnej sprawie, co do której, jak myślę, wszyscy się w tej Izbie zgodzimy.",[],[],False,False,False,False,False,False,"Я говорю про дуже конкретну справу, щодо якої, як я думаю, всі в цій залі погодяться."
pl_eu_03_04_2025_n06.txt,1792,2041,"W konkluzjach 17 października natomiast należy odczytać również, że w pkt 30 Rada Europejska zwraca się o zwiększenie konkurencyjności i odporności gospodarczej, doprowadzenia do przemysłowego odrodzenia i wykorzystania potencjału jednolitego rynku.",['Loaded_Language'],['Manipulative_Wording'],False,False,False,False,False,True,"У висновках від 17 жовтня також слід прочитати, що в пункті 30 Європейська рада закликає до підвищення конкурентоспроможності та економічної стійкості, досягнення промислового відродження та використання потенціалу єдиного ринку."
pl_eu_12_06_2024_n01.txt,7058,7158,"Zasadny jest więc wniosek mniejszości, by wykreślić art. 8 i powiązany z nim art. 9 projektu ustawy.",[],[],False,False,False,False,False,False,"Тому важливим є висновок меншості про те, щоб виключити статтю 8 та пов’язану з нею статтю 9 проєкту закону."
pl_abortion_11_04_2024_n05.txt,1909,1944,Oddajmy głos Polakom w tej sprawie.,['Flag_Waving'],['Justification'],False,True,False,False,False,False,Давайте запитаємо поляків щодо цього питання.
pl_defence_22_05_2024_n03.txt,5966,6140,"To znaczy baltyzacja polskiej polityki obronnej, w wymiarze zarówno technologicznym, jak i politycznym, jest po prostu koniecznością, jeśli chcemy stawić czoło tym wyzwaniom.",['Conversation_Killer'],['Call'],False,False,False,False,True,False,"Це означає, що балтизація польської оборонної політики, як у технологічному, так і в політичному плані, є просто необхідністю, якщо ми хочемо протистояти цим викликам."
pl_eu_12_06_2024_n02.txt,257,296,Ustalam czas zadania pytania na minutę.,[],[],False,False,False,False,False,False,Встановлюю час для відповіді на запитання – одну хвилину.
pl_abortion_11_04_2024_n05.txt,9883,9939,"Umarły pan Iza, pani Agnieszka, pani Marta, pani Dorota.",['Appeal_to_Fear-Prejudice'],['Justification'],False,True,False,False,False,False,"Померли пан Іза, пані Агнешка, пані Марта, пані Дорота."
pl_current_affairs_09_01_2025_n02.txt,4546,4559,Bardzo proszę,[],[],False,False,False,False,False,False,Будь ласка
pl_eu_03_04_2025_n05.txt,6163,6293,"W imieniu klubu chcę powiedzieć, że popieramy projekt uchwały, który został przygotowany przez Komisję do Spraw Unii Europejskiej.",[],[],False,False,False,False,False,False,"Від імені клубу хочу сказати, що підтримуємо проєкт постанови, який був підготовлений Комісією з питань Європейського Союзу."
pl_abortion_11_04_2024_n03.txt,1143,1289,"Otwórzmy w końcu oczy na to, co dzieje się w polskich szpitalach, i zadajmy sobie pytanie, czy aby na pewno chcemy podtrzymy- wać ten stan rzeczy.","['Slogans', 'Doubt']","['Attack_on_Reputation', 'Call']",True,False,False,False,True,False,"Відкриймо нарешті очі на те, що відбувається в польських лікарнях, і запитаймо себе, чи справді ми хочемо підтримувати такий стан речей."
pl_eu_12_06_2024_n03.txt,7428,7824,"Procedowana ustawa przygotowana została na wzór specustaw: specustawy NATO z 2016 r. dotyczącej organizacji szczytu Traktatu Północnoatlantyckiego w Warszawie, specustawy COP24 ze stycznia 2018 r. dotyczącej Konferencji Stron Ramowej konwencji Narodów Zjednoczonych w sprawie zmian klimatu czy specustawy WUF11 dotyczącej organizacji XI sesji Światowego Forum Miejskiego w Katowicach w roku 2022.",['Appeal_to_Popularity'],['Justification'],False,True,False,False,False,False,"Підготовлений законопроєкт був створений за зразком спеціальних законів: спеціального закону НАТО від 2016 року щодо організації саміту Північноатлантичного договору у Варшаві, спеціального закону COP24 від січня 2018 року щодо Конференції Сторін Рамкової конвенції ООН про зміну клімату, або спеціального закону WUF11 щодо організації XI сесії Всесвітнього міського форуму в Катовицях у 2022 році."
pl_defence_22_05_2024_n01.txt,1698,1826,"Otóż nawiążę do słów śp. prezydenta Lecha Kaczyńskiego wypowiedzianych w Tbilisi w 2008 r., wtedy kiedy Rosja napadła na Gruzję.",['Appeal_to_Authority'],['Justification'],False,True,False,False,False,False,"Отож, я звернуся до слів покійного президента Леха Качинського, сказаних у Тбілісі у 2008 році, коли Росія напала на Грузію."
pl_abortion_11_04_2024_n04.txt,7638,7652,"Są, jesteście.",[],[],False,False,False,False,False,False,Ви є.
pl_defence_07_03_2025_n04.txt,3228,3296,Dzisiaj wydaje się to równie aktualne w przypadku relacji z Kremlem.,['Guilt_by_Association'],['Attack_on_Reputation'],True,False,False,False,False,False,Сьогодні це здається таким же актуальним у відносинах з Кремлем.
pl_eu_12_06_2024_n02.txt,6637,6821,"W obecnej perspektywie budżetowej na lata 2021–2027 na unijnym systemie handlu emisjami Polska netto straci 100 mld zł, czyli co piątą złotówkę, którą otrzymujemy od Unii Europejskiej.",[],[],False,False,False,False,False,False,"У поточній бюджетній перспективі на 2021–2027 роки на європейській системі торгівлі викидами Польща втратить 100 млрд злотих, тобто кожну п'яту злотувку, яку ми отримуємо від Європейського Союзу."
pl_hate_speech_act_19_12_2024_n09.txt,1207,1432,"Poseł Przemysław Wipler: Czy nie myślicie, do jakich absurdalnych fikołków intelektualnych przed sądami doprowadzą tak absurdalne przepisy… (Wicemarszałek wyłącza mikrofon, poseł przemawia przy wyłączonym mikrofonie, oklaski)",['Loaded_Language'],['Manipulative_Wording'],False,False,False,False,False,True,"Депутат Пшемислав Віплер: Чи не думаєте ви, до яких абсурдних інтелектуальних помилок перед судами приведуть такі абсурдні закони… (Віце-маршалок вимикає мікрофон, депутат говорить з вимкненим мікрофоном, оплески)"
pl_eu_12_06_2024_n03.txt,7174,7226,"Poseł Danuta Jazłowiecka: Dziękuję, panie marszałku.",[],[],False,False,False,False,False,False,"Депутат Данута Язловецька: Дякую, пане маршалку."
pl_defence_07_03_2025_n04.txt,4012,4120,"Dziękuję także, panie marszałku, że zorganizował pan tę debatę, bo ona jest fundamentalnie ważna dla Polski.",['Flag_Waving'],['Justification'],False,True,False,False,False,False,"Дякую також, пане маршале, що ви організували цю дискусію, бо вона є фундаментально важливою для Польщі."
pl_abortion_11_04_2024_n05.txt,7771,7819,I nikt nikomu nie może narzucać swoich poglądów.,['Repetition'],['Manipulative_Wording'],False,False,False,False,False,True,І ніхто нікому не може нав'язувати своїх поглядів.
pl_abortion_11_04_2024_n13.txt,1912,1973,"Będą pomagać, bo kochają osoby, które są w niechcianej ciąży.","['Appeal_to_Pity', 'Repetition']","['Distraction', 'Manipulative_Wording']",False,False,True,False,False,True,"Вони допомагатимуть, бо люблять людей, які перебувають у небажаній вагітності."
pl_current_affairs_09_01_2025_n03.txt,4738,4906,"…a za rządów Jarosława Kaczyńskiego, Mateusza Morawieckiego i ministra Gróbarczyka odpowiedzialnego za zabezpieczenie przeciwpowodziowe – 303 km. 1732 km versus 303 km.",['Doubt'],['Attack_on_Reputation'],True,False,False,False,False,False,"…а за часів Ярослава Качинського, Матеуша Моравецького та міністра Ґробарчика, відповідального за протипаводковий захист, – 303 км. 1732 км проти 303 км."
pl_defence_07_03_2025_n05.txt,5458,5819,"Musimy też odpowiedzialnie domagać się zauważenia tego faktu przez naszych partnerów europejskich i zdecydowania o tym, żeby większość tych środków, większość produkcji zbrojeniowej… Chodzi o to, żeby to nie były zakupy właśnie w Ameryce, które – jeżeli będą wykonywane – powinny być elementem negocjacji ze Stanami Zjednoczonymi także w zakresie innych rzeczy.",[],[],False,False,False,False,False,False,"Ми також повинні відповідально вимагати, щоб наші європейські партнери визнали цей факт і вирішили, що більшість цих коштів, більшість виробництва зброї… Йдеться про те, щоб це не були закупівлі саме в Америці, які, якщо їх буде виконано, повинні бути елементом переговорів зі Сполученими Штатами також щодо інших питань."
pl_current_affairs_09_01_2025_n01.txt,4019,4115,"Program ten, jak pani wspomniała, bez żadnych komplikacji i opóźnień wystartował 1 października.",[],[],False,False,False,False,False,False,"Ця програма, як ви згадали, стартувала 1 жовтня без жодних ускладнень та затримок."
pl_eu_03_04_2025_n05.txt,8188,8319,"Oczywiście nie wskazuje się tam na konkretne mechanizmy, ale zwraca się do Komisji Europejskiej, aby przygotowała takie mechanizmy.",[],[],False,False,False,False,False,False,"Звісно, там не вказуються конкретні механізми, але звертається до Європейської Комісії з проханням підготувати такі механізми."
pl_eu_03_04_2025_n05.txt,5922,6005,"Odnosiłem wrażenie, że teraz powinna występować Polska 2050, ale jest jakaś zmiana.",[],[],False,False,False,False,False,False,"У мене склалося враження, що зараз має бути Польща 2050, але є якісь зміни."
pl_abortion_11_04_2024_n05.txt,586,731,"Ale w ostatnich kilkunastu miesiącach była ona rzeczywiście bardzo agresywna, a w ciągu ostatnich tygodni język tej dyskusji był niedopuszczalny.",[],[],False,False,False,False,False,False,"Але в останні кілька місяців вона була дійсно дуже агресивною, а протягом останніх тижнів мова цієї дискусії була неприпустимою."
pl_eu_12_06_2024_n03.txt,2065,2155,"Wicemarszałek Włodzimierz Czarzasty: Pan poseł Krzysztof Ciecióra, Prawo i Sprawiedliwość.",[],[],False,False,False,False,False,False,"Віцемаршалок Влодзімеж Чарзастий: Пане депутате Кшиштофе Цєціора, Право і Справедливість."
pl_defence_22_05_2024_n01.txt,4809,4913,Razem z panem premierem Jarosławem Kaczyńskim wystąpiliśmy o 250 czołgów Abrams w najnowszej wersji v.3.,[],[],False,False,False,False,False,False,Разом з паном прем'єр-міністром Ярославом Качинським ми звернулися з проханням про 250 танків Abrams у найновішій версії v.3.
pl_defence_07_03_2025_n04.txt,8412,8583,"Polska otrzyma również i utrzyma 11 mld dolarów na rozwój przemysłu zbrojeniowego, a doskonale wiemy, że administracja prezydenta ograniczyła wsparcie wobec innych krajów.","['False_Equivalence', 'Conversation_Killer']","['Simplification', 'Call']",False,False,False,True,True,False,"Польща також отримає та збереже 11 мільярдів доларів на розвиток оборонної промисловості, і ми добре знаємо, що адміністрація президента обмежила підтримку інших країн."
pl_hate_speech_act_19_12_2024_n03.txt,5244,5420,"Już do tego, że wielokrotnie, także w roku np. 2014, Sąd Najwyższy wypowiadał się, że dodawanie kolejnych cech chronionych jest po prostu niedorzecznością, wracać nie będziemy.",['Appeal_to_Authority'],['Justification'],False,True,False,False,False,False,"Ми вже не будемо повертатися до того, що неодноразово, зокрема у 2014 році, Верховний Суд зазначав, що додавання додаткових ознак захисту є просто безглуздям."
pl_statements_20_02_2025_n04.txt,6885,6926,"Nie jest to uczciwe, nie jest to etyczne.",[],[],False,False,False,False,False,False,"Це не чесно, це не етично."
pl_abortion_11_04_2024_n05.txt,5554,5627,"Tylko hipokryci myślą, że zakazy i nakazy sprawią, że aborcji nie będzie.","['Conversation_Killer', 'Repetition']","['Call', 'Manipulative_Wording']",False,False,False,False,True,True,"Тільки лицеміри вважають, що заборони та накази зроблять так, що абортів не буде."
pl_hate_speech_act_19_12_2024_n10.txt,191,477,"To wyjątkowo obrzydliwe, kiedy w tym punkcie obrad poseł Lewicy pani Żukowska wykorzystuje osobiste tragedie i śmierć młodych ludzi do uzasadniania swoich chorych wizji lewackiego świata, w którym nie tylko nie będzie już wolności słowa, ale tak naprawdę strach będzie po prostu myśleć.","['Loaded_Language', 'Questioning_the_Reputation', 'Appeal_to_Fear-Prejudice']","['Attack_on_Reputation', 'Justification', 'Manipulative_Wording']",True,True,False,False,False,True,"Це надзвичайно огидно, коли в цій точці обговорення депутат від Лівиці пані Жуковська використовує особисті трагедії та смерть молодих людей для обґрунтування своїх хворих поглядів на лівий світ, де не лише не буде свободи слова, але насправді буде страшно просто думати."
pl_hate_speech_act_19_12_2024_n10.txt,3224,3370,"Dlatego dobrze się stało, że postanowiono rozszerzyć katalog grup mniejszościowych szczególnie narażonych na dyskryminację, uprzedzenia i przemoc.",[],[],False,False,False,False,False,False,"Тому добре, що було вирішено розширити каталог груп меншин, які особливо вразливі до дискримінації, упереджень та насильства."
pl_hate_speech_act_19_12_2024_n07.txt,4545,4624,Czy obecnie panuje cenzura wypowiedzi dotycząca np. przynależności politycznej?,"['False_Equivalence', 'Whataboutism']","['Distraction', 'Simplification']",False,False,True,True,False,False,"Чи існує зараз цензура висловлювань, наприклад, щодо політичної приналежності?"
pl_abortion_11_04_2024_n12.txt,1047,1152,"Tak, to dziecko również mogłoby poznać swoją pierwszą miłość (Dzwonek), mogłoby przeżyć całe swoje życie.",['Appeal_to_Pity'],['Distraction'],False,False,True,False,False,False,"Так, ця дитина також могла б пізнати свою першу любов (Дзвіночок), могла б прожити все своє життя."
pl_statements_20_02_2025_n03.txt,7742,7947,"Jego partnerem była Komisja Międzyzakładowa NSZZ „Solidarność” Polskich Zakładów Lotniczych w Mielcu, reprezentowana przez przewodniczącego Mariana Kokoszkę i wiceprzewodniczącego Bartłomieja Duszkiewicza.",[],[],False,False,False,False,False,False,"Його партнером була Міжзаводська комісія NSZZ «Солідарність» Польських авіаційних заводів у Мєльцу, яку представляли голова Маріан Кокошка та заступник голови Бартоломей Душкевич."
pl_statements_20_02_2025_n01.txt,4059,4134,Przyspieszono na żądanie Brukseli likwidację kopalń i elektrowni węglowych.,[],[],False,False,False,False,False,False,Прискорено на вимогу Брюсселя ліквідацію вугільних шахт та електростанцій.
pl_defence_07_03_2025_n03.txt,6978,7083,"Powodem, dla którego ludzie zdecydowali się na ograniczenie swojej wolności, było właśnie bezpieczeństwo.",[],[],False,False,False,False,False,False,"Причиною, чому люди вирішили обмежити свою свободу, була саме безпека."
pl_defence_22_05_2024_n04.txt,2384,2400,To bardzo ważne.,[],[],False,False,False,False,False,False,Це дуже важливо.
pl_eu_03_04_2025_n03.txt,1020,1180,"W gruncie rzeczy nam również o to chodziło, żeby sama budowa Tarczy Wschód znalazła się wśród priorytetów finansowanych z funduszy europejskich na cele obronne.",[],[],False,False,False,False,False,False,"По суті, нам також було важливо, щоб саме будівництво Східного щита було серед пріоритетів, які фінансуються з європейських фондів на оборонні цілі."
pl_statements_20_02_2025_n02.txt,6259,6501,Tym oświadczeniem z wielką dumą z wielowiekowego dorobku naszej ojczyzny pragnę wyrazić uznanie znaczenia wydarzeń sprzed 1000 lat i serdecznie zaprosić mieszkańców do udziału w różnych uroczystościach organizowanych z okazji tego jubileuszu.,[],[],False,False,False,False,False,False,"Цим твердженням з великою гордістю за багатовікову спадщину нашої батьківщини я хочу висловити визнання важливості подій, що відбулися 1000 років тому, і щиро запросити мешканців до участі в різних урочистостях, організованих з нагоди цього ювілею."
pl_abortion_11_04_2024_n08.txt,1253,1309,"Proszę państwa, aborcjonizm w wersji light nie istnieje.",['Conversation_Killer'],['Call'],False,False,False,False,True,False,"Шановні пані та панове, аборталізм у легкій формі не існує."
pl_defence_22_05_2024_n03.txt,4434,4513,"Za moich czasów na każdym podwórku był schron, a dziś tych schronów już nie ma.",[],[],False,False,False,False,False,False,"За мого часу на кожному подвір'ї був притулок, а сьогодні цих притулків вже немає."
pl_eu_03_04_2025_n06.txt,2586,2626,I ostatnia konkluzja – z grudnia 2024 r.,[],[],False,False,False,False,False,False,Остання заключна думка – з грудня 2024 року.
pl_eu_03_04_2025_n07.txt,2300,2385,"Wasze kompleksy, wasza miłość do Europy, do Unii Europejskiej was po prostu zaślepia.","['Loaded_Language', 'Questioning_the_Reputation']","['Attack_on_Reputation', 'Manipulative_Wording']",True,False,False,False,False,True,"Ваші комплекси, ваша любов до Європи, до Європейського Союзу вас просто засліплюють."
pl_eu_03_04_2025_n04.txt,1509,1674,"Prawda jest jednak taka, wiecie państwo, że co zapamiętamy z pańskiej pracy podczas węgierskiej prezydencji? (Głos z sali: Pan poseł się nie przygotował ewidentnie.)",['Doubt'],['Attack_on_Reputation'],True,False,False,False,False,False,"Правда полягає в тому, що ви знаєте, що ми запам'ятаємо з вашої роботи під час угорського головування? (Голос з залу: Пан депутат очевидно не підготувався.)"
pl_eu_03_04_2025_n06.txt,4860,5098,"A choć w wielu sprawach nasze interesy nie są zbieżne, Węgry pozostają naszym sojusznikiem i powinny być naszym sojusznikiem w zakresie blokowania neoimperialnych zapędów pani von der Leyen i niemieckiej dyplomacji w strukturach unijnych.",['Name_Calling-Labeling'],['Attack_on_Reputation'],True,False,False,False,False,False,"Хоча в багатьох питаннях наші інтереси не збігаються, Угорщина залишається нашим союзником і повинна бути нашим союзником у блокуванні неоімперських прагнень пані фон дер Ляєн та німецької дипломатії в структурах ЄС."
pl_abortion_11_04_2024_n11.txt,3782,3859,"Apeluję, byśmy przestali się dzielić na przeciwników czy zwolenników aborcji.",['Slogans'],['Call'],False,False,False,False,True,False,"Закликаю, щоб ми перестали ділитися на противників чи прихильників абортів."
pl_abortion_11_04_2024_n06.txt,5340,5435,"Dramat pojawia się w sytuacji, w której ciąża była wyczekiwana i jest zagrożona, kiedy ma wadę.",['Appeal_to_Pity'],['Distraction'],False,False,True,False,False,False,"Драма виникає в ситуації, коли вагітність була бажаною і знаходиться під загрозою, коли має ваду."
pl_current_affairs_09_01_2025_n02.txt,6304,6351,Czy wrześniowa powódź niczego was nie nauczyła?,['Doubt'],['Attack_on_Reputation'],True,False,False,False,False,False,Чи вереснева повінь нічого вас не навчила?
pl_statements_20_02_2025_n02.txt,2070,2252,"Ale było to, drodzy państwo, spowodowane, myślę, również tym, że jestem członkiem Polskiego Czerwonego Krzyża i honorowym dawcą krwi, a przejęzyczać się jest rzeczą ludzką. (Oklaski)",[],[],False,False,False,False,False,False,"Але це, дорогі друзі, було викликано, думаю, також тим, що я є членом Польського Червоного Хреста та почесним донором крові, а помилитися – це людська справа. (Оплески)"
pl_hate_speech_act_19_12_2024_n07.txt,2199,2409,"Reprezentując bardzo liczną grupę w naszym społeczeństwie grubych i łysych, mówię, że nie potrzebujemy dodatkowej ochrony prawnej. (Oklaski) (Poseł Konrad Berkowicz: Brawo!) Bardzo dziękujemy, ale nie potrzeba.","['Loaded_Language', 'Appeal_to_Popularity', 'Doubt']","['Attack_on_Reputation', 'Justification', 'Manipulative_Wording']",True,True,False,False,False,True,"Представляючи дуже велику групу в нашому суспільстві — товстих і лисих, — кажу, що нам не потрібен додатковий правовий захист. (Оплески) (Депутат Конрад Беркович: Браво!) Дуже дякуємо, але не потрібно."
pl_abortion_11_04_2024_n03.txt,824,939,"Kobieta w stanie zagrażającym zdrowiu czy szpital, instytucja, która powinna jej pomóc, a nie kłaść kłody pod nogi?","['Loaded_Language', 'Questioning_the_Reputation', 'Appeal_to_Values']","['Attack_on_Reputation', 'Justification', 'Manipulative_Wording']",True,True,False,False,False,True,"Жінка в стані, що загрожує її здоров'ю, чи лікарня, яка повинна їй допомогти, а не ставити палиці в колеса?"
pl_statements_20_02_2025_n02.txt,2822,2863,Wicemarszałek Monika Wielichowska: Dobra.,[],[],False,False,False,False,False,False,Віцемаршалок Моніка Веліховська: Добре.
pl_defence_22_05_2024_n04.txt,1744,1760,Kolejne pytanie.,[],[],False,False,False,False,False,False,Наступне питання.
pl_abortion_11_04_2024_n12.txt,5004,5058,Zapraszam panią posłankę Wandę Nowicką z klubu Lewica.,[],[],False,False,False,False,False,False,Запрошую пані депутатку Ванду Новіцьку з клубу Lewica.
pl_abortion_11_04_2024_n07.txt,8653,8730,"I teraz pozwólcie państwo, że odniosę się do kilku kwestii, które dziś padły.",[],[],False,False,False,False,False,False,"Тепер дозвольте мені звернутися до кількох питань, які сьогодні були порушені."
pl_defence_07_03_2025_n03.txt,7419,7499,"Te wydatki są największe nie tylko w naszej historii, ale także w całej Europie.",['Exaggeration-Minimisation'],['Manipulative_Wording'],False,False,False,False,False,True,"Ці витрати є найбільшими не лише в нашій історії, але й у всій Європі."
pl_eu_03_04_2025_n03.txt,7436,7630,"Państwo mówiliście w lipcu, sierpniu o tym, że będzie obniżenie rangi, że nie będziecie się spotykać z ambasadorem Węgier, że straszny skandal, że na rady sektorowe będą jeździć wiceministrowie.",['Loaded_Language'],['Manipulative_Wording'],False,False,False,False,False,True,"Ви говорили в липні, серпні, що буде зниження рангу, що ви не будете зустрічатися з послом Угорщини, що це страшний скандал, що на секторальні ради їздитимуть заступники міністрів."
pl_eu_03_04_2025_n06.txt,2330,2584,"Jednocześnie w tych konkluzjach odnosi się do konieczności reakcji całej Unii i wszystkich jej instytucji, jeżeli chodzi o wysokie ceny energii w części państw członkowskich jako istotnego elementu ograniczającego konkurencyjność europejskiego przemysłu.",[],[],False,False,False,False,False,False,"Водночас у цих висновках йдеться про необхідність реакції всього Союзу та всіх його інституцій щодо високих цін на енергію в деяких державах-членах як важливого елемента, що обмежує конкурентоспроможність європейського виробництва."
pl_hate_speech_act_19_12_2024_n01.txt,1161,1360,"Zanim przejdziemy do bardziej szczegółowej dyskusji, pozwólcie państwo, że wyjdziemy od takiego ogólnego ujęcia problematyki, która jest przedmiotem tej dość potrzebnej, ale także wrażliwej dyskusji.",[],[],False,False,False,False,False,False,"Перш ніж перейти до більш детальної дискусії, дозвольте мені почати з загального погляду на проблему, яка є предметом цієї досить необхідної, але також делікатної дискусії."
pl_hate_speech_act_19_12_2024_n10.txt,7212,7309,"Dajecie bardzo poważne, szanowni państwo, narzędzia do tego, żeby tą cenzurę w Polsce wprowadzać.","['Consequential_Oversimplification', 'Appeal_to_Fear-Prejudice']","['Justification', 'Simplification']",False,True,False,True,False,False,"Ви даєте дуже серйозні, шановні панове, інструменти, щоб запровадити цензуру в Польщі."
pl_abortion_11_04_2024_n05.txt,5850,6077,"Bo ostatecznie o losie ciąży, która pochodzi z gwałtu, ciąży, która jest embriopatologiczna, ciąży, która jest niechciana, i tak ona na końcu decyduje, ale jest to aborcja pozaustawowa, nielegalna, bez opieki lekarza i państwa.",['Appeal_to_Pity'],['Distraction'],False,False,True,False,False,False,"Бо зрештою доля вагітності, яка походить від зґвалтування, вагітності, яка є ембріопатологічною, вагітності, яка є небажаною, і так вона зрештою вирішує, але це аборт поза законом, незаконний, без догляду лікаря та держави."
pl_eu_12_06_2024_n03.txt,7826,7919,W procedowanej ustawie jest zobowiązanie do zapewnienia przejrzystości wyłaniania wykonawców.,[],[],False,False,False,False,False,False,"У законопроєкті, який розглядається, є зобов'язання забезпечити прозорість відбору виконавців."
pl_abortion_11_04_2024_n09.txt,1529,1653,"Przez lata w Warszawie były protesty lewicowych organizacji, które atakowały myśliwych za to, że strzelają do prośnych loch.","['False_Equivalence', 'Red_Herring']","['Distraction', 'Simplification']",False,False,True,True,False,False,"Протягом багатьох років у Варшаві відбувалися протести лівих організацій, які атакували мисливців за те, що вони стріляють у вагітних лосів."
pl_abortion_11_04_2024_n12.txt,1443,1479,"Nie wydaje mi się, szanowni państwo.",[],[],False,False,False,False,False,False,"Мені так не здається, шановні панове."
pl_abortion_11_04_2024_n03.txt,5385,5565,"Chyba wszyscy pamiętamy, jak w prasie papierowej roiło się od ogłoszeń: „AAA ginekolog – wszystko”, „Ginekolog – zabiegi zaawansowane, przywracanie miesiączki, pełen zakres usług”.",['Appeal_to_Popularity'],['Justification'],False,True,False,False,False,False,"Мабуть, усі пам'ятають, як у паперовій пресі було повно оголошень: «AAA гінеколог – все», «Гінеколог – передові процедури, відновлення менструації, повний спектр послуг»."
pl_abortion_11_04_2024_n02.txt,1165,1264,"Ania prawie umiera, bo próbuje przerwać ciążę za pomocą ciała obcego umieszczonego w szyjce macicy.","['Appeal_to_Pity', 'Appeal_to_Fear-Prejudice']","['Justification', 'Distraction']",False,True,True,False,False,False,"Аня майже помирає, бо намагається перервати вагітність за допомогою стороннього тіла, поміщеного в шийку матки."
pl_statements_20_02_2025_n02.txt,188,237,Poseł Krystian Łuczak: Szanowna Pani Marszałkini!,[],[],False,False,False,False,False,False,Шановний пане Маршалку!
pl_hate_speech_act_19_12_2024_n04.txt,6205,6401,"Ona spowoduje, że tego typu treści staną się nielegalne, a w zestawieniu z implementacją prawa unijnego Digital Services Act nielegalne treści będą mogły być ścigane z całą surowością przez prawo.",['Appeal_to_Authority'],['Justification'],False,True,False,False,False,False,"Це призведе до того, що такий контент стане незаконним, а в поєднанні з імплементацією законодавства ЄС Digital Services Act незаконний контент може бути переслідуваний у повній мірі відповідно до закону."
pl_defence_22_05_2024_n04.txt,6951,7066,"Ja bym proponował, żeby coś z tym zrobić, żeby ten fatalny widok, te pomniki nie zaśmiecały przestrzeni publicznej.","['Loaded_Language', 'Appeal_to_Values']","['Justification', 'Manipulative_Wording']",False,True,False,False,False,True,"Я б пропонував, щоб щось з цим зробили, щоб цей жахливий вигляд, ці пам'ятники не засмічували громадський простір."
pl_abortion_11_04_2024_n06.txt,1629,1878,"Dziś nie zajmujemy się tym, co każdy z państwa sobie myśli, w co każdy z państwa wierzy, ale tym, czy państwo polskie w końcu weźmie na siebie odpowiedzialność za miliony kobiet w Polsce, zadba o ich bezpieczeństwo, o ich zdrowie i o ich przyszłość.",['Appeal_to_Values'],['Justification'],False,True,False,False,False,False,"Сьогодні ми не займаємось тим, що кожен з вас думає, у що кожен з вас вірить, а тим, чи польська держава нарешті візьме на себе відповідальність за мільйони жінок у Польщі, подбає про їхню безпеку, їхнє здоров'я та їхнє майбутнє."
pl_defence_22_05_2024_n01.txt,9321,9421,"FA-50 zostały zaprojektowane przez Lockheed Martin, a więc są taką mniejszą, to prawda, wersją F-16.",[],[],False,False,False,False,False,False,"FA-50 були розроблені компанією Lockheed Martin, тобто це менша, правда, версія F-16."
pl_statements_20_02_2025_n04.txt,4704,4728,Jana Pawła II w Toruniu.,[],[],False,False,False,False,False,False,Івана Павла II в Торуні.
pl_hate_speech_act_19_12_2024_n09.txt,4082,4137,"Karty Praw Podstawowych, a także do naszej konstytucji.","['Appeal_to_Authority', 'Appeal_to_Popularity']",['Justification'],False,True,False,False,False,False,"Хартії основних прав, а також до нашої конституції."
pl_eu_12_06_2024_n02.txt,1233,1565,"Bo jeżeli dzisiaj chcecie rezygnować z Prawa zamówień publicznych, a macie jeszcze blisko pół roku, to zasadne jest pytanie, czy faktycznie nie jesteście w stanie tego zrobić, tak jak wielu innych rzeczy, czy chcecie coś ukryć. (Dzwonek) I gdyby były wyłączone kwestie związane z bezpieczeństwem, to można by było się na to zgodzić.",['Questioning_the_Reputation'],['Attack_on_Reputation'],True,False,False,False,False,False,"Бо якщо сьогодні ви хочете відмовитися від Закону про державні закупівлі, а у вас ще близько півроку, то доречне питання, чи насправді ви не в змозі цього зробити, як і багатьох інших речей, чи хочете щось приховати. (Дзвінок) І якби були виключені питання, пов’язані з безпекою, то можна було б на це погодитися."
pl_defence_07_03_2025_n02.txt,1569,1740,"Nie bójcie się patriotyzmu, bo mamy piękną historię, po którą można sięgnąć. (Oklaski) To także oczywiście bezpieczeństwo surowcowe, bezpieczeństwo żywnościowe, zdrowotne.","['Flag_Waving', 'Appeal_to_Values']",['Justification'],False,True,False,False,False,False,"Не бійтеся патріотизму, бо маємо прекрасну історію, до якої можна звернутися. (Оплески) Це також, звісно, сировинна безпека, продовольча безпека, здоров’я."
pl_eu_03_04_2025_n07.txt,1771,1851,Urządzacie sztampowe imprezy: akademię na cześć Donalda Tuska w Teatrze Wielkim.,['Loaded_Language'],['Manipulative_Wording'],False,False,False,False,False,True,Організовуєте штампові заходи: академію на честь Дональда Туска в Великому театрі.
pl_eu_03_04_2025_n08.txt,6255,6559,"Ale cóż, skoro trzeba spłacać to, że wasz kolega jest tam ukrywany, to trudno się temu dziwić. (Dzwonek) Trudno się też dziwić waszym dzisiejszym słowom, temu, że jednoznacznie nie sprzeciwiacie się cłom nałożonym przez Donalda Trumpa na Polskę w momencie, kiedy takie same cła nie są nakładane na Rosję.","['Appeal_to_Hypocrisy', 'Questioning_the_Reputation']",['Attack_on_Reputation'],True,False,False,False,False,False,"Але що ж, якщо треба сплачувати за те, що вашого колегу там ховають, то важко цьому дивуватися. (Дзвінок) Також важко дивуватися вашим сьогоднішнім словам, тому, що ви однозначно не заперечуєте проти мит, накладених Дональдом Трампом на Польщу в момент, коли такі ж мита не накладаються на Росію."
pl_abortion_11_04_2024_n06.txt,7757,7872,"Izabela, Dorota, Agnieszka – tych imion, historii jest po prostu zbyt wiele, zbyt wiele żyć, zbyt wiele cierpienia.",['Appeal_to_Fear-Prejudice'],['Justification'],False,True,False,False,False,False,"Ізабела, Дорота, Агнєшка – цих імен, історій просто занадто багато, занадто багато життів, занадто багато страждань."
pl_abortion_11_04_2024_n07.txt,410,478,"To hasło kryje bardziej perfidny przekaz: twoje ciało, twój problem.","['Loaded_Language', 'Slogans', 'Repetition']","['Call', 'Manipulative_Wording']",False,False,False,False,True,True,"Це гасло приховує більш підступне послання: твоє тіло, твоя проблема."
pl_eu_03_04_2025_n04.txt,5354,5388,Takie są fakty i taka jest prawda.,['Conversation_Killer'],['Call'],False,False,False,False,True,False,Ось такі факти і така правда.
pl_hate_speech_act_19_12_2024_n10.txt,1899,2032,"W 2019 r. byłam na Marszu Równości w Białymstoku, gdzie zobaczyliśmy jak na dłoni, do czego prowadzi brak reakcji na mowę nienawiści.",['Appeal_to_Fear-Prejudice'],['Justification'],False,True,False,False,False,False,"У 2019 році я була на Марші Рівності в Білостоці, де ми побачили, до чого призводить відсутність реакції на мову ненависті."
pl_defence_22_05_2024_n01.txt,8003,8154,"Niszczycie relacje polsko-amerykańskie, angażując się po jednej stronie sporu politycznego w Ameryce. (Oklaski) Do czego to może (Dzwonek) doprowadzić?","['Doubt', 'Appeal_to_Fear-Prejudice']","['Attack_on_Reputation', 'Justification']",True,True,False,False,False,False,"Ви руйнуєте польсько-американські відносини, ставши на бік однієї зі сторін політичного спору в Америці. (Оплески) До чого це може призвести? (Дзвінок)"
pl_eu_03_04_2025_n04.txt,3934,4157,"Chciałbym, żeby nie było tak, że Polska prześlizguje się po polityce unijnej, że przez pół roku można się prześlizgnąć przez politykę unijną, siedzieć na ławce rezerwowych, bo chciałbym, żeby Polska grała w pierwszej lidze.","['Loaded_Language', 'Flag_Waving', 'Questioning_the_Reputation']","['Attack_on_Reputation', 'Justification', 'Manipulative_Wording']",True,True,False,False,False,True,"Я хотів би, щоб не було так, що Польща прослизає повз європейську політику, що за півроку можна прослизнути повз європейську політику, сидіти на лаві запасних, бо я хотів би, щоб Польща грала в першій лізі."
pl_abortion_11_04_2024_n02.txt,5374,5411,Polki poszły do urn i wybrały zmianę.,[],[],False,False,False,False,False,False,Полячки пішли до виборчих урн і обрали зміни.
pl_eu_03_04_2025_n01.txt,7597,7680,W czasie prezydencji węgierskiej doszło do wizyty pana premiera Tuska w Belgradzie.,[],[],False,False,False,False,False,False,Під час угорського головування відбулася зустріч прем'єр-міністра Туска в Белграді.
pl_statements_20_02_2025_n04.txt,7081,7159,Karola Nawrockiego. 10 tys. podpisów z ziemi Zagłębia Dąbrowskiego i Jaworzna.,[],[],False,False,False,False,False,False,Кароля Навроцького. 10 тис. підписів із землі Заґлемб'є Домбровського та Явожна.
pl_statements_20_02_2025_n01.txt,4283,4433,"Na protesty pracowników sektora węglowego i głodówki górników z Bogdanki rząd jest głuchy i nic nie robi, by powstrzymać zwijanie polskiej gospodarki.","['Loaded_Language', 'Questioning_the_Reputation']","['Attack_on_Reputation', 'Manipulative_Wording']",True,False,False,False,False,True,"На протести працівників вугільної галузі та голодування шахтарів з Богданки уряд не реагує і нічого не робить, щоб зупинити згортання польської економіки."
pl_statements_20_02_2025_n03.txt,4849,5078,"Takich organizacji nam potrzeba, takich ludzi nam potrzeba. (Dzwonek) To jest właśnie oblicze Polski biało-czerwonej, która pokazuje jedność ludzi, siłę charakterów i to, że Polak potrafi pomagać drugiemu człowiekowi w potrzebie.",['Flag_Waving'],['Justification'],False,True,False,False,False,False,"Таких організацій нам потрібно, таких людей нам потрібно. (Дзвоник) Це саме обличчя Польщі біло-червоної, яке показує єдність людей, силу характерів і те, що поляк вміє допомогти іншій людині в потребі."
pl_abortion_11_04_2024_n10.txt,7065,7248,"Panie pośle, panie pośle… (Poseł Witold Tumanowicz: Tak, słucham?) Proszę się nie odwracać do mnie plecami, jak do pana mówię. (Poseł Witold Tumanowicz: …nie usłyszałem, przepraszam.)",[],[],False,False,False,False,False,False,"Пане послане, пане послане… (Посланець Вітольд Туманович: Так, слухаю?) Будь ласка, не повертайтеся до мене спиною, коли я до вас розмовляю. (Посланець Вітольд Туманович: …не почув, вибачте.)"
pl_abortion_11_04_2024_n10.txt,6236,6335,Po tak wspaniałym i dosadnym przemówieniu pani poseł Kariny Bosak ja nie mam więcej nic do dodania.,[],[],False,False,False,False,False,False,Після такої чудової та переконливої промови пані депутатки Карини Босак я не маю більше нічого додати.
pl_defence_22_05_2024_n04.txt,5206,5229,"Wstyd, po prostu wstyd.",['Loaded_Language'],['Manipulative_Wording'],False,False,False,False,False,True,"Сором, просто сором."
pl_abortion_11_04_2024_n05.txt,7950,7982,Nikt z nas nie ma do tego prawa.,['Repetition'],['Manipulative_Wording'],False,False,False,False,False,True,Ніхто з нас не має на це права.
pl_abortion_11_04_2024_n04.txt,4564,4856,"Jesienią 2020 r. tysiące kobiet i nierzadko mężczyzn wyszło na ulice protestować przeciwko skandalicznej decyzji Trybunału Konstytucyjnego Przyłębskiej, który w swoim bezpodstawnym orzeczeniu zmusił kobiety do heroizmu, do rodzenia dzieci z ciężkimi wadami płodu, do narażania własnego życia.","['Exaggeration-Minimisation', 'Appeal_to_Values', 'Name_Calling-Labeling', 'Repetition']","['Attack_on_Reputation', 'Justification', 'Manipulative_Wording']",True,True,False,False,False,True,"Восени 2020 року тисячі жінок і нерідко чоловіки вийшли на вулиці, щоб протестувати проти скандального рішення Конституційного суду Прилєбської, який у своєму безпідставному рішенні змусив жінок до героїзму, до народження дітей з важкими вадами плоду, до ризику власним життям."
pl_defence_22_05_2024_n03.txt,3612,3656,"Pierwsza umowa jest podpisana, następne nie.",[],[],False,False,False,False,False,False,"Перша угода підписана, наступні – ні."
pl_defence_07_03_2025_n08.txt,1645,1860,"Otóż te 800 mld, proszę państwa, nie łudźmy się, jest po to, żeby wydawać je we Francji i w Niemczech czy to na mistrale, czy na kolejne caracale, czy na zepsute haubice 155 mm, czy niejeżdżące po Ukrainie leopardy.","['Loaded_Language', 'Doubt']","['Attack_on_Reputation', 'Manipulative_Wording']",True,False,False,False,False,True,"Отже, ці 800 мільярдів, панове, не обманюймо себе, призначені для того, щоб витрачати їх у Франції та Німеччині, чи то на містралі, чи на наступні каракали, чи на зіпсовані 155-мм гаубиці, чи на леопарди, які не їздять Україною."
pl_abortion_11_04_2024_n06.txt,4849,4908,Ostatnimi laty ta sytuacja jeszcze bardziej się pogorszyła.,[],[],False,False,False,False,False,False,Останніми роками ця ситуація ще більше погіршилася.
pl_statements_20_02_2025_n01.txt,3074,3118,"Z czym mamy, szanowni państwo, do czynienia?","['Causal_Oversimplification', 'Doubt']","['Attack_on_Reputation', 'Simplification']",True,False,False,True,False,False,"З чим ми, шановні панове, маємо справу?"
pl_defence_07_03_2025_n05.txt,6182,6211,To jest także obrona cywilna.,['Repetition'],['Manipulative_Wording'],False,False,False,False,False,True,Це також цивільна оборона.
pl_abortion_11_04_2024_n03.txt,7370,7547,"Czy do waszych sumień dociera, że jeśli kobieta chce być w ciąży, to zrobi wszystko, żeby w niej być, ale jeśli nie chce być w ciąży, to też zrobi wszystko, żeby w niej nie być?",['Appeal_to_Values'],['Justification'],False,True,False,False,False,False,"Чи доходить до вашої совісті, що якщо жінка хоче бути вагітною, вона зробить все, щоб бути нею, але якщо вона не хоче бути вагітною, вона також зробить все, щоб не бути нею?"
pl_abortion_11_04_2024_n13.txt,3522,3550,Poseł Tadeusz Woźniak: Prof.,"['Appeal_to_Authority', 'Repetition']","['Justification', 'Manipulative_Wording']",False,True,False,False,False,True,Депутат Тадеуш Возняк: Проф.
pl_defence_22_05_2024_n04.txt,3071,3176,"Po drugie, na jakie cele będą przeznaczone środki z tego państwowego funduszu (Dzwonek) ochrony ludności?",[],[],False,False,False,False,False,False,"По-друге, на які цілі будуть спрямовані кошти з цього державного фонду (Дзвоник) захисту населення?"
pl_defence_22_05_2024_n01.txt,610,788,"Zabrakło przeprosin. (Oklaski) Zabrakło przeprosin za te wszystkie ataki, jakie były przypuszczane przez dziś rządzących, kiedy byli w opozycji, wobec żołnierzy Wojska Polskiego.","['Flag_Waving', 'Repetition']","['Justification', 'Manipulative_Wording']",False,True,False,False,False,True,"Не вистачило вибачень. (Оплески) Не вистачило вибачень за всі ті атаки, які були здійснені нинішнім урядом, коли вони були в опозиції, проти солдатів Війська Польського."
pl_abortion_11_04_2024_n10.txt,4138,4360,"Wicemarszałek Monika Wielichowska: Dziękuję bardzo, pani poseł. (Wypowiedź poza mikrofonem) (Głos z sali: Przedłużyła pani wypowiedź…) Zapraszam do zabrania głosu panią poseł Barbarę Oliwiecką, Polska 2050 – Trzecia Droga.",[],[],False,False,False,False,False,False,"Віцемаршалок Моніка Веліховська: Дуже дякую, пані депутатко. (Виступ поза мікрофоном) (Голос із залу: Ви продовжили свій виступ…) Запрошую до слова пані депутатку Барбару Олівецьку, Польща 2050 – Третя Дорога."
pl_hate_speech_act_19_12_2024_n01.txt,1722,1817,Międzynarodowy Pakt Praw Obywatelskich i Politycznych w art. 2 odnosi się do tych samych reguł.,['Appeal_to_Authority'],['Justification'],False,True,False,False,False,False,Міжнародний пакт про громадянські та політичні права в статті 2 посилається на ті ж правила.
pl_eu_03_04_2025_n05.txt,1522,1703,"Jesteście opozycją wyjątkowych hipokrytów, jesteście opozycją wyjątkowo niekonstruktywną. (Poseł Szymon Szynkowski vel Sęk: To wy zamieniliście to w centrum nielegalnych migrantów.)","['Appeal_to_Hypocrisy', 'Loaded_Language', 'Questioning_the_Reputation', 'Repetition', 'Doubt']","['Attack_on_Reputation', 'Manipulative_Wording']",True,False,False,False,False,True,"Ви – опозиція виняткових лицемірів, ви – опозиція надзвичайно неконструктивна. (Депутат Шимон Шиньковський вель Сек: Саме ви перетворили це на центр нелегальних мігрантів.)"
pl_hate_speech_act_19_12_2024_n02.txt,6326,6888,"Do wzmocnienia ochrony przed przestępstwami z nienawiści, zwłaszcza ze względu na orientację seksualną, wzywa Komisja Europejska, która w opublikowanej w 2020 r. strategii na rzecz równości osób LGBT na lata 2020–2025 rekomenduje: wzmocnienie ochrony prawnej osób LGBT przed przestępstwami z nienawiści, mową nienawiści i przemocą; wzmocnienie środków na rzecz zwalczania mowy nienawiści i dezinformacji w Internecie wymierzonych w osoby LGBT; zgłaszanie przestępstw z nienawiści przeciwko osobom LGBT i rekomenduje państwom członkowskim wymianę dobrych praktyk.",['Appeal_to_Authority'],['Justification'],False,True,False,False,False,False,"Щоб посилити захист від злочинів на ґрунті ненависті, особливо через сексуальну орієнтацію, закликає Європейська комісія, яка в опублікованій у 2020 році стратегії щодо рівності осіб ЛГБТ на 2020–2025 роки рекомендує: посилити правовий захист осіб ЛГБТ від злочинів на ґрунті ненависті, мови ненависті та насильства; посилити заходи щодо боротьби з мовою ненависті та дезінформацією в Інтернеті, спрямовані на осіб ЛГБТ; повідомляти про злочини на ґрунті ненависті проти осіб ЛГБТ та рекомендувати державам-членам обмінюватися найкращими практиками."
pl_abortion_11_04_2024_n01.txt,6136,6179,To jest stawianie kobiet w takiej sytuacji.,[],[],False,False,False,False,False,False,Це ставить жінок у таке становище.
pl_defence_22_05_2024_n01.txt,7119,7146,Z kim prowadziliśmy dialog?,[],[],False,False,False,False,False,False,З ким ми вели діалог?
pl_abortion_11_04_2024_n14.txt,1431,1514,"Żadna specjalna komisja (Dzwonek) nie sprawi, że aborcja na życzenie będzie dobrem.","['Conversation_Killer', 'Name_Calling-Labeling']","['Attack_on_Reputation', 'Call']",True,False,False,False,True,False,Жодна спеціальна комісія (Дзвоник) не зробить аборт на вимогу добром.
pl_defence_07_03_2025_n04.txt,1424,1547,Państwa wschodniej flanki NATO również muszą rozwijać swój potencjał obronny i współpracę militarną w razie ataku agresora.,[],[],False,False,False,False,False,False,Країни східного флангу НАТО також повинні розвивати свій оборонний потенціал та військову співпрацю у разі нападу агресора.
pl_abortion_11_04_2024_n04.txt,2774,2890,Aborcja jest jednym z najczęściej stosowanych zabiegów medycznych na świecie i najczęstszym zabiegiem w ginekologii.,['Appeal_to_Popularity'],['Justification'],False,True,False,False,False,False,Аборт є однією з найчастіше виконуваних медичних процедур у світі та найчастішою процедурою в гінекології.
pl_eu_12_06_2024_n04.txt,8203,8298,"Nie wymieniamy wszystkich organów państwa, które będą brały udział w tych ważnych wydarzeniach.",[],[],False,False,False,False,False,False,"Ми не перелічуємо всі органи влади, які братимуть участь у цих важливих подіях."
pl_abortion_11_04_2024_n13.txt,2015,2112,"I państwo polskie nie może tego kryminalizować, nie może karać za troskę, za miłość, za wsparcie.","['False_Equivalence', 'Loaded_Language', 'Appeal_to_Values']","['Justification', 'Simplification', 'Manipulative_Wording']",False,True,False,True,False,True,"І польська держава не може цього криміналізувати, не може карати за турботу, за любов, за підтримку."
pl_abortion_11_04_2024_n06.txt,5273,5339,"Samotnie, z koleżanką, przyjaciółką, partnerem, partnerką, i tyle.",[],[],False,False,False,False,False,False,"Самотньо, з подругою, подругою, партнером, партнеркою, і все."
pl_abortion_11_04_2024_n07.txt,3137,3273,"Zamiast: twoje ciało, twój wybór, zasługuje na to, żeby usłyszeć: nasze dziecko, nasza odpowiedzialność. (Oklaski) (Głos z sali: Brawo!)",['Appeal_to_Values'],['Justification'],False,True,False,False,False,False,"Замість: твоє тіло, твій вибір, заслуговує на те, щоб почути: наша дитина, наша відповідальність. (Оплески) (Голос із залу: Браво!)"
pl_hate_speech_act_19_12_2024_n03.txt,6949,7015,"Zapraszam panią posłankę Karolinę Pawliczak, Koalicja Obywatelska.",[],[],False,False,False,False,False,False,"Запрошую пані депутатку Кароліну Павлічак, Коаліція Громадянська."
pl_abortion_11_04_2024_n01.txt,4660,4835,"Musimy się zgodzić na to, żeby ta pomoc nie groziła tym, że rozdziela się rodziny, rozdziela się ojców i dzieci, rozdziela się babcie oraz ciocie czy też przyjaciółki rodziny.","['Appeal_to_Values', 'False_Dilemma-No_Choice']","['Justification', 'Simplification']",False,True,False,True,False,False,"Ми повинні погодитися з тим, що ця допомога не загрожує тим, що родини розділяються, батьки та діти розділяються, бабусі та тітки або подруги родини розділяються."
pl_defence_07_03_2025_n03.txt,6590,6765,"Ta ustawa oczywiście powinna zostać przygotowana dużo wcześniej, ale dopiero ten rząd poczuł odpowiedzialność za budowanie bezpieczeństwa, nie tylko w aspekcie obronnościowym.",['Appeal_to_Time'],['Call'],False,False,False,False,True,False,"Цей закон, звичайно, мав бути підготовлений набагато раніше, але лише цей уряд відчув відповідальність за побудову безпеки, не лише в оборонному аспекті."
pl_abortion_11_04_2024_n10.txt,812,920,Wicemarszałek Monika Wielichowska: Zapraszam do głosu panią poseł Iwonę Karolewską z Koalicji Obywatelskiej.,[],[],False,False,False,False,False,False,Віцемаршалок Моніка Веліховська: Запрошую до слова пані депутатку Івону Каролевську з Громадянської коаліції.
pl_defence_07_03_2025_n04.txt,7077,7232,"Warto w tym momencie przypomnieć słowa Jerzego Giedroycia, który w 1974 r. pisał: Nie ma wolnej Polski bez wolnej Ukrainy, wolnej Litwy i wolnej Białorusi.",['Appeal_to_Authority'],['Justification'],False,True,False,False,False,False,"Варто в цей момент згадати слова Єжи Гедройця, який у 1974 р. писав: Немає вільної Польщі без вільної України, вільної Литви та вільної Білорусі."
pl_defence_07_03_2025_n04.txt,5327,5349,My wypełniamy te cele.,[],[],False,False,False,False,False,False,Ми досягаємо цих цілей.
pl_eu_03_04_2025_n02.txt,7618,7726,"Po trzecie, prorosyjska postawa i antywojenna retoryka wobec wydarzeń, wobec wojny Rosji przeciwko Ukrainie.","['Appeal_to_Hypocrisy', 'Loaded_Language']","['Attack_on_Reputation', 'Manipulative_Wording']",True,False,False,False,False,True,"По-третє, проросійська позиція та антивоєнна риторика щодо подій, щодо війни Росії проти України."
pl_eu_03_04_2025_n07.txt,8025,8098,"Dotyczyło to także państw byłego bloku wschodniego, Układu Warszawskiego.",[],[],False,False,False,False,False,False,"Це стосувалося також країн колишнього східного блоку, Варшавського договору."
pl_defence_22_05_2024_n03.txt,7122,7278,"Rząd PiS nie był zainteresowany wyjaśnieniem tej sprawy, a mieszkańcy Bydgoszczy i okolic obawiają się, czy nie dojdzie po raz kolejny do takiego zdarzenia.","['Exaggeration-Minimisation', 'Doubt', 'Appeal_to_Fear-Prejudice']","['Attack_on_Reputation', 'Justification', 'Manipulative_Wording']",True,True,False,False,False,True,"Уряд PiS не був зацікавлений у з'ясуванні цієї справи, а мешканці Бидгоща та околиць побоюються, чи не станеться знову такого інциденту."
pl_defence_22_05_2024_n03.txt,169,190,Bardzo poważny temat.,[],[],False,False,False,False,False,False,Дуже серйозна тема.
pl_eu_03_04_2025_n07.txt,1563,1666,"Kończąc, powiem, że Polska płynie w głównym nurcie Unii Europejskiej, ale nie ma na nią żadnego wpływu.",['Doubt'],['Attack_on_Reputation'],True,False,False,False,False,False,"Завершуючи, скажу, що Польща пливе в основному руслі Європейського Союзу, але на нього не має жодного впливу."
pl_abortion_11_04_2024_n12.txt,6898,7004,"Przypominam, że w żadnym akcie prawa międzynarodowego, w żadnej konwencji nie ma mowy o prawie do aborcji.","['Appeal_to_Authority', 'Appeal_to_Popularity']",['Justification'],False,True,False,False,False,False,"Нагадую, що в жодному акті міжнародного права, в жодній конвенції не йдеться про право на аборт."
pl_abortion_11_04_2024_n02.txt,5557,5619,"Dzisiaj jest ten moment, kiedy jeszcze możecie zmienić zdanie.",['Appeal_to_Time'],['Call'],False,False,False,False,True,False,"Сьогодні той момент, коли ви ще можете змінити свою думку."
pl_defence_07_03_2025_n04.txt,1849,1967,"Ameryka, która od czasów II wojny światowej była kapłanką światowego pokoju, dziś chce się tą rolą podzielić z Europą.",['Name_Calling-Labeling'],['Attack_on_Reputation'],True,False,False,False,False,False,"Америка, яка після Другої світової війни була жрицею світового миру, сьогодні хоче поділитися цією роллю з Європою."
pl_abortion_11_04_2024_n08.txt,69,116,Poseł Roman Fritz: Czy może pani interweniować?,[],[],False,False,False,False,False,False,Депутат Роман Фрітц: Чи можете ви втрутитися?
pl_defence_07_03_2025_n04.txt,6981,7021,Nasze społeczeństwo jest zmęczone wojną.,[],[],False,False,False,False,False,False,Наше суспільство втомлене від війни.
pl_current_affairs_09_01_2025_n01.txt,574,908,"Posłowie Maria Koc i Przemysław Czarnek z Klubu Parlamentarnego Prawo i Sprawiedliwość chcą zadać pytanie w sprawie doniesień medialnych dotyczących niewypłacania do chwili obecnej, czyli początku 2025 r., tzw. świadczenia babciowego rodzicom, którzy złożyli wnioski w październiku 2024 r., i nieprzekazania informacji o ich statusie.",[],[],False,False,False,False,False,False,"Народні депутати Марія Коц і Пшемислав Чарнек з парламентського клубу «Право і справедливість» хочуть поставити запитання щодо повідомлень у ЗМІ про те, що так званий «бабусин бонус» досі не виплачено, тобто на початку 2025 року, батькам, які подали заявки в жовтні 2024 року, і не повідомлено про їхній статус."
pl_hate_speech_act_19_12_2024_n08.txt,5983,6015,Poseł Paweł Jabłoński: Dziękuję.,[],[],False,False,False,False,False,False,Депутат Павел Яблонський: Дякую.
pl_abortion_11_04_2024_n13.txt,3251,3336,"Wasza działalność jest nielegalna, właściwie jest to dążenie do nielegalnych kwestii.",['Questioning_the_Reputation'],['Attack_on_Reputation'],True,False,False,False,False,False,"Ваша діяльність є незаконною, насправді це прагнення до незаконних питань."
pl_abortion_11_04_2024_n12.txt,7828,7928,"Jako ojciec wyczekiwałem razem z żoną, żeby usłyszeć bicie serca naszych dzieci w 6. tygodniu ciąży.",['Appeal_to_Pity'],['Distraction'],False,False,True,False,False,False,"Як батько, я чекав разом з дружиною, щоб почути серцебиття наших дітей на 6-му тижні вагітності."
pl_defence_22_05_2024_n01.txt,789,993,"Pan co prawda tak delikatnie uderzył się w piersi, jeżeli chodzi o Wojska Obrony Terytorialnej, ale nie przeprosił pan za swoje słowa, które pan publicznie wygłaszał, atakując Wojska Obrony Terytorialnej.",['Flag_Waving'],['Justification'],False,True,False,False,False,False,"Пан, щоправда, так делікатно вдарив себе в груди, якщо йдеться про Територіальну оборону, але не вибачився за свої слова, які пан публічно виголошував, атакуючи Територіальну оборону."
pl_current_affairs_09_01_2025_n02.txt,5305,5447,"Stopień wodny w Siarzewie to nie tylko bezpieczeństwo przeciwpowodziowe, ale także bezpieczeństwo przeciwsuszowe dla licznych terenów rolnych.",[],[],False,False,False,False,False,False,"Водопропускна споруда в Сіаржеві – це не лише захист від повеней, але й захист від посухи для численних сільськогосподарських угідь."
pl_abortion_11_04_2024_n04.txt,5240,5402,Pierwsze R to refundacja. 14 marca do Komisji Zdrowia trafiła ustawa dotycząca bezpłatnej antykoncepcji i poszerzenia katalogu refundacji leków antykoncepcyjnych.,[],[],False,False,False,False,False,False,Перше R – це відшкодування. 14 березня до Комісії з питань охорони здоров’я було подано законопроект про безкоштовну контрацепцію та розширення переліку відшкодованих контрацептивних препаратів.
pl_abortion_11_04_2024_n09.txt,5358,5424,Wicemarszałek Monika Wielichowska: Nie widzę tutaj pana marszałka.,[],[],False,False,False,False,False,False,Віцемаршалок Моніка Веліховська: Я не бачу тут пана маршалка.
pl_eu_03_04_2025_n03.txt,7949,8095,"To on na tym nieformalnym szczycie Rady Europejskiej przyjął deklarację budapeszteńską o konkurencyjności, istotną także z punktu widzenia Polski.",['Doubt'],['Attack_on_Reputation'],True,False,False,False,False,False,"Це на цьому неформальному саміті Європейської ради було прийнято Будапештську декларацію про конкурентоспроможність, яка є важливою також з точки зору Польщі."
pl_eu_03_04_2025_n07.txt,5301,5400,Zresztą na Węgrzech jest także sanatorium dla ludzi ściganych listami przez Prokuraturę Europejską.,['Appeal_to_Hypocrisy'],['Attack_on_Reputation'],True,False,False,False,False,False,"Зрештою, в Угорщині також є санаторій для людей, яких розшукує Європейська прокуратура."
pl_hate_speech_act_19_12_2024_n08.txt,912,987,"A dlatego że mala herba cito crescit, zło bardzo szybko się rozprzestrzenia","['Slogans', 'Repetition']","['Call', 'Manipulative_Wording']",False,False,False,False,True,True,"А тому що мала трава швидко росте, зло дуже швидко поширюється."
pl_eu_12_06_2024_n04.txt,10098,10160,"Interes Polski tego wymaga, musimy to zrobić bez PiS. (Oklaski)",['Flag_Waving'],['Justification'],False,True,False,False,False,False,"Це вимагає інтересів Польщі, ми повинні це зробити без PiS. (Оплески)"
pl_defence_07_03_2025_n05.txt,3286,3335,Nie można stosować takiej polityki transakcyjnej.,['Conversation_Killer'],['Call'],False,False,False,False,True,False,Не можна застосовувати таку політику транзакцій.
pl_abortion_11_04_2024_n09.txt,2331,2393,"To jest referendum niegodziwe, haniebne, wprost barbarzyńskie.",['Loaded_Language'],['Manipulative_Wording'],False,False,False,False,False,True,"Це ганебне, ганебне, прямо варварське голосування."
pl_abortion_11_04_2024_n12.txt,1351,1442,"Czy to oznacza, że państwo polskie w sposób systemowy ma skazać to dziecko na karę śmierci?","['Exaggeration-Minimisation', 'Appeal_to_Fear-Prejudice']","['Justification', 'Manipulative_Wording']",False,True,False,False,False,True,"Чи це означає, що польська держава систематично прирікає цю дитину на смертну кару?"
pl_defence_07_03_2025_n04.txt,8816,8861,Takie są fakty i taka jest polska racja stanu.,['Conversation_Killer'],['Call'],False,False,False,False,True,False,Такі є факти і така є польська причина держави.
pl_statements_20_02_2025_n01.txt,5088,5126,Poseł Adam Krzemiński: Pani Marszałek!,[],[],False,False,False,False,False,False,Депутат Адам Кшемінський: Пані Маршалку!
pl_defence_22_05_2024_n04.txt,8590,8680,"Panie ministrze, ta wojna pochłonęła już ofiary liczone w setkach (Dzwonek) tysięcy ludzi.",[],[],False,False,False,False,False,False,"Пане міністре, ця війна вже забрала сотні (Дзвінок) тисяч людей."
pl_abortion_11_04_2024_n10.txt,3649,3712,"Wicemarszałek Monika Wielichowska: Pani poseł, dziękuję bardzo.",[],[],False,False,False,False,False,False,"Віцемаршалок Моніка Веліховська: Пані депутатко, дуже дякую."
pl_eu_03_04_2025_n02.txt,6539,6782,"Należy się zgodzić z opinią Węgier, że bez przyjęcia Serbii trudno będzie mówić o stabilizacji w regionie Bałkanów Zachodnich, choć zdajemy sobie sprawę z tego, że to jest sprawa bardziej skomplikowana niż tylko ewentualne otwarcie negocjacji.",[],[],False,False,False,False,False,False,"Слід погодитися з думкою угорців, що без прийняття Сербії важко буде говорити про стабілізацію в регіоні Західних Балкан, хоча ми розуміємо, що це питання складніше, ніж просто можливе відкриття переговорів."
pl_hate_speech_act_19_12_2024_n03.txt,6199,6276,Pan minister bardzo manipulował (Dzwonek) kwestią związaną z wolnością słowa.,['Appeal_to_Hypocrisy'],['Attack_on_Reputation'],True,False,False,False,False,False,"Пан міністр дуже маніпулював (Дзвоник) питанням, пов'язаним зі свободою слова."
pl_abortion_11_04_2024_n08.txt,3778,4058,"To, co dzieje się w całej Europie, co było dzisiaj tutaj przytaczane, i w wielu państwach świata, czyli powszechność, dopuszczenie i legalność aborcji, to coś, czego w przyszłości będziemy się wstydzić, będą się wstydzić poszczególne narody, że to było legalne i wszędzie możliwe.",['Appeal_to_Fear-Prejudice'],['Justification'],False,True,False,False,False,False,"Те, що відбувається в усій Європі, що було сьогодні тут згадано, і в багатьох країнах світу, тобто повсюдність, допущення та законність абортів, це щось, чого ми будемо соромитися в майбутньому, будуть соромитися окремі народи, що це було законно і всюди можливо."
pl_defence_07_03_2025_n03.txt,1029,1203,"Myślę, że ta myśl może nas dzisiaj prowadzić w szukaniu właściwej polityki w czasie, kiedy nasi sojusznicy zmieniają politykę, a my szukamy najlepszego rozwiązania dla kraju.",['Appeal_to_Authority'],['Justification'],False,True,False,False,False,False,"Думаю, що ця думка може сьогодні вести нас у пошуках правильної політики в той час, коли наші союзники змінюють політику, а ми шукаємо найкраще рішення для країни."
pl_abortion_11_04_2024_n10.txt,5386,5460,"Są gotowi i chcą rozmawiać o tym z szacunkiem, z poszanowaniem intymności.",['Causal_Oversimplification'],['Simplification'],False,False,False,True,False,False,"Вони готові та хочуть говорити про це з повагою, з повагою до інтимності."
pl_eu_03_04_2025_n06.txt,6349,6461,Kwestia wojny na Ukrainie to jest kwestia sprawy z punktu widzenia polskich interesów – to jest niezaprzeczalne.,"['Conversation_Killer', 'Flag_Waving']","['Justification', 'Call']",False,True,False,False,True,False,"Питання війни в Україні – це питання з точки зору польських інтересів, що є незаперечним."
pl_eu_03_04_2025_n07.txt,2061,2120,O polskiego rolnika nikt z was nie potrafi się zatroszczyć.,['Doubt'],['Attack_on_Reputation'],True,False,False,False,False,False,Про польського фермера ніхто з вас не може подбати.
pl_defence_22_05_2024_n03.txt,4884,4913,"Jeżeli nie, to zamykam listę.",[],[],False,False,False,False,False,False,"Якщо ні, то закриваю список."
pl_eu_12_06_2024_n02.txt,3556,3570,Proszę bardzo.,[],[],False,False,False,False,False,False,Будь ласка.
pl_current_affairs_09_01_2025_n01.txt,145,277,"Przypominam, że postawienie pytania nie może trwać dłużej niż 2 minuty, zaś udzielenie odpowiedzi nie może trwać dłużej niż 6 minut.",[],[],False,False,False,False,False,False,"Нагадую, що постановка питання не може тривати довше ніж 2 хвилини, а надання відповіді не може тривати довше ніж 6 хвилин."
pl_abortion_11_04_2024_n10.txt,5783,5861,Poseł Barbara Oliwiecka: …z empatią i bez czynienia z tego oręża politycznego.,['Appeal_to_Values'],['Justification'],False,True,False,False,False,False,Депутат Барбара Олівецька: …з емпатією і без перетворення цього на політичну зброю.
pl_defence_22_05_2024_n04.txt,1093,1128,"Pani poseł Urszula Nowogórska, PSL.",[],[],False,False,False,False,False,False,"Пані посол Уршуля Новоґурська, ПСЛ."
pl_current_affairs_09_01_2025_n03.txt,3939,4426,"Ale po 4 latach pracy nad tą specustawą, tzw. antysuszową, za wiele milionów euro, po wielu konsultacjach w całej Polsce zamieciono ją po cichu pod dywan. (Dzwonek) Minister Adamczyk podpisał tylko rozporządzenie dotyczące tych wszystkich hydrotechnicznych budowli, które tak naprawdę… To była esencja, to był sposób na realizację swoich planów przez pana ministra odpowiedzialnego za gospodarkę wodną, a zależało mu na czymś zupełnie innym niż budowa bezpieczeństwa przeciwpowodziowego.","['Appeal_to_Hypocrisy', 'Loaded_Language']","['Attack_on_Reputation', 'Manipulative_Wording']",True,False,False,False,False,True,"Але після 4 років роботи над цим спеціальним законом, так званим антисушковим, за багато мільйонів євро, після багатьох консультацій по всій Польщі його тихо замели під килим. (Дзвоник) Міністр Адамчик підписав лише постанову щодо всіх гідротехнічних споруд, які насправді… Це була суть, це був спосіб реалізації своїх планів паном міністром, відповідальним за управління водними ресурсами, і йому було важливо щось зовсім інше, ніж будівництво протипаводкового захисту."
pl_abortion_11_04_2024_n03.txt,11151,11257,"Będzie mogła zrobić tę aborcję w domu, samodzielnie, z pomocą koleżanki, męża, matki czy też przyjaciółki.",[],[],False,False,False,False,False,False,"Вона зможе зробити цей аборт вдома, самостійно, за допомогою подруги, чоловіка, матері чи подруги."
pl_hate_speech_act_19_12_2024_n08.txt,5127,5236,"W Hiszpanii nauczyciel został zawieszony za stwierdzenie, że istnieją tylko dwie płcie. (Głos z sali: Hańba!)","['Loaded_Language', 'Red_Herring']","['Distraction', 'Manipulative_Wording']",False,False,True,False,False,True,"В Іспанії вчителя відсторонили за те, що він заявив, що існує лише дві статі. (Голос з залу: Ганьба!)"
pl_eu_03_04_2025_n05.txt,6514,6666,"Mianowicie zarówno w okresie tuż poprzedzającym węgierską prezydencję, jak i w czasie jej trwania odbyły się trzy kolejne posiedzenia Rady Europejskiej.",[],[],False,False,False,False,False,False,"Зокрема, як у період безпосередньо перед угорським головуванням, так і під час його здійснення відбулися три послідовні засідання Європейської ради."
pl_defence_22_05_2024_n04.txt,2202,2245,Poseł Tadeusz Tomaszewski: Panie Marszałku!,[],[],False,False,False,False,False,False,Депутат Тадеуш Томашевський: Пане Маршалку!
pl_eu_12_06_2024_n04.txt,1285,1463,"Pan poseł Marek Gróbarczyk. (Poseł Danuta Jazłowiecka: To nie ten punkt posiedzenia, nie ta ustawa.) (Poseł Anna Gembicka: Spokojnie, ja przeczytałam… w przeciwieństwie do pani.)","['Conversation_Killer', 'Questioning_the_Reputation']","['Attack_on_Reputation', 'Call']",True,False,False,False,True,False,"Пане посол Марек Ґробарчик. (Послиня Данута Язловецька: Це не той пункт засідання, не той закон.) (Послиня Анна Ґембіцька: Спокійно, я прочитала… на відміну від пані.)"
pl_eu_03_04_2025_n03.txt,4185,4407,"Od polskiego rządu, od polskiego ministra do spraw Unii Europejskiej oczekuję wysokiej aktywności odnośnie do reprezentowania polskiej racji stanu, niezależnie od geopolitycznych, tak to nazwijmy, warunków atmosferycznych.",['Flag_Waving'],['Justification'],False,True,False,False,False,False,"Від польського уряду, від польського міністра у справах Європейського Союзу очікую високої активності щодо представлення польських національних інтересів, незалежно від геополітичних, так би мовити, погодних умов."
pl_eu_03_04_2025_n06.txt,3709,3852,"Na wstępie, zanim przejdę do zasadniczej części wystąpienia, chciałbym wyrazić to, że nie rozumiem działania polskiej prezydencji wobec Węgier.",[],[],False,False,False,False,False,False,"На початку, перш ніж перейти до основної частини виступу, я хотів би висловити, що не розумію дій польського президентства щодо Угорщини."
pl_eu_03_04_2025_n07.txt,598,613,Polityka rolna.,[],[],False,False,False,False,False,False,Сільськогосподарська політика.
pl_eu_03_04_2025_n01.txt,7224,7279,Z punktu widzenia Polski ten kierunek też jest istotny.,['Flag_Waving'],['Justification'],False,True,False,False,False,False,З точки зору Польщі цей напрямок також є важливим.
pl_defence_22_05_2024_n03.txt,6832,6854,"Dziękuję, panie pośle.",[],[],False,False,False,False,False,False,"Дякую, пане после."
pl_defence_22_05_2024_n04.txt,5528,5566,Reklamówek na granicy pan nie pamięta?,"['Loaded_Language', 'Appeal_to_Hypocrisy']","['Attack_on_Reputation', 'Manipulative_Wording']",True,False,False,False,False,True,Ви не пам'ятаєте рекламу на кордоні?
pl_abortion_11_04_2024_n02.txt,355,457,"Jest w ciąży, ma już dwójkę dzieci, z mężem wynajmują mieszkanie, co pochłania większość ich dochodów.",['Appeal_to_Pity'],['Distraction'],False,False,True,False,False,False,"Вона вагітна, у неї вже є двоє дітей, вони з чоловіком орендують квартиру, що поглинає більшу частину їхніх доходів."
pl_abortion_11_04_2024_n13.txt,1974,2014,"Będą pomagać, bo czują odpowiedzialność.","['Appeal_to_Pity', 'Repetition']","['Distraction', 'Manipulative_Wording']",False,False,True,False,False,True,"Вони допомагатимуть, бо відчувають відповідальність."
pl_defence_07_03_2025_n04.txt,219,236,Filar europejski.,[],[],False,False,False,False,False,False,Європейський стовп.
pl_defence_07_03_2025_n06.txt,1978,2171,"Nie, przetrzyjcie oczy, otwórzcie je szeroko i dostrzeżcie, że to, co mówi Trump, jest bardzo często słowo w słowo, jak to mówią: toczka w toczkę, narracją Putina. (Dzwonek) Dziękuję. (Oklaski)","['Guilt_by_Association', 'Appeal_to_Fear-Prejudice']","['Attack_on_Reputation', 'Justification']",True,True,False,False,False,False,"Ні, потріть очі, відкрийте їх широко і побачите, що те, що говорить Трамп, дуже часто слово в слово, як кажуть: то в то, narrativa Путіна. (Дзвінок) Дякую. (Оплески)"
pl_eu_03_04_2025_n01.txt,3969,4234,"Polska w tym czasie, tak jak od samego początku, stawiała na pierwszym miejscu bezpieczeństwo, w szczególności wzmocnienie zdolności obronnych Unii Europejskiej, kontynuację polityki sankcyjnej wobec Rosji i Białorusi oraz utrzymanie kompleksowego wsparcia Ukrainy.",[],[],False,False,False,False,False,False,"Польща в цей час, як і з самого початку, ставила на перше місце безпеку, особливо зміцнення оборонних можливостей Європейського Союзу, продовження політики санкцій щодо Росії та Білорусі, а також збереження комплексної підтримки України."
pl_current_affairs_09_01_2025_n03.txt,5958,6080,"Dzieje się to dzięki wprowadzonemu przez rząd koalicji 15 października programowi „Szpej”, działającemu od niecałego roku.",[],[],False,False,False,False,False,False,"Це відбувається завдяки програмі «Шпей», яку уряд коаліції запровадив 15 жовтня і яка діє вже майже рік."
pl_defence_07_03_2025_n06.txt,9412,9486,"Wicemarszałek Piotr Zgorzelski: Bardzo proszę, pan poseł Przemysław Wipler.",[],[],False,False,False,False,False,False,"Віцемаршалок Пьотр Згожельський: Дуже прошу, пане посланцю Пшемиславе Віпле."
pl_abortion_11_04_2024_n02.txt,2935,3094,"Art. 152, jak wiemy, jest przyczyną tragedii także w polskich szpitalach, bo od 30 lat aborcja jest traktowana nie jak zabieg medyczny, tylko jak przestępstwo.",['Doubt'],['Attack_on_Reputation'],True,False,False,False,False,False,"Стаття 152, як ми знаємо, є причиною трагедії також у польських лікарнях, оскільки протягом 30 років аборт розглядається не як медична процедура, а як злочин."
pl_hate_speech_act_19_12_2024_n07.txt,5210,5496,"Tzw. ustawa o mowie nienawiści, którą tutaj dyskutujemy, pod płaszczykiem ochrony osób niepełnosprawnych czy starszych próbuje przemycić pewien bardzo kontrowersyjny zapis, mianowicie chodzi o zapis dotyczący znieważenia ze względu na tożsamość płciową, nie płeć, ale tożsamość płciową.","['Loaded_Language', 'Straw_Man']","['Distraction', 'Manipulative_Wording']",False,False,True,False,False,True,"Т. зв. закон про мову ненависті, який ми тут обговорюємо, під приводом захисту людей з інвалідністю чи літніх людей намагається протягнути певний дуже суперечливий запис, а саме запис про образу через статеву ідентичність, не стать, а статеву ідентичність."
pl_current_affairs_09_01_2025_n03.txt,3198,3251,"Powstało coś takiego jak specustawa suszowa, projekt.",['Doubt'],['Attack_on_Reputation'],True,False,False,False,False,False,"Виникла така річ, як спеціальна законодавча ініціатива щодо посухи, проєкт."
pl_current_affairs_09_01_2025_n02.txt,1271,1380,"(Poseł Joanna Borowiak: A kto to?) Nie wiem, ale to mili ludzie, uśmiechnięci, z otwartymi sercami. (Oklaski)",[],[],False,False,False,False,False,False,"(Депутат Йоанна Боров'як: А хто це?) Не знаю, але це милі люди, усміхнені, з відкритими серцями. (Оплески)"
pl_hate_speech_act_19_12_2024_n10.txt,1602,1663,Mowa nienawiści i hejt to nie jest sposób wyrażania poglądów.,[],[],False,False,False,False,False,False,Мова ненависті та хейт – це не спосіб вираження поглядів.
pl_abortion_11_04_2024_n02.txt,621,687,"Ewa proponuje, że zamówi jej tabletki, bo od czego są przyjaciele.",['Appeal_to_Pity'],['Distraction'],False,False,True,False,False,False,"Єва пропонує, що замовить їй таблетки, бо для чого ж потрібні друзі."
pl_defence_07_03_2025_n02.txt,7206,7235,Szanowni Państwo Ministrowie!,[],[],False,False,False,False,False,False,Шановні Міністри!
pl_defence_07_03_2025_n05.txt,1559,1641,Stanowisko klubu parlamentarnego Lewicy przedstawi pani poseł Anna Maria Żukowska.,[],[],False,False,False,False,False,False,Пояснення клубу парламентської фракції «Лівиця» представить пані депутат Анна Марія Жуковська.
pl_eu_03_04_2025_n03.txt,2440,2645,"Zwróciła uwagę na konieczność synergii i komplementarności pomiędzy wspólnotową polityką rolną a pozostałymi politykami, w tym spójności, i funduszami Unii Europejskiej na rzecz rozwoju obszarów wiejskich.",[],[],False,False,False,False,False,False,"Вона наголосила на необхідності синергії та взаємодоповнюваності між спільною сільськогосподарською політикою та іншими політиками, зокрема політикою згуртованості, та фондами Європейського Союзу для розвитку сільських територій."
pl_eu_03_04_2025_n06.txt,5100,5287,"Dziś właściwie niewiele można powiedzieć o prezydencji węgierskiej, dość stwierdzić, że dopiero w październiku Viktor Orbán mógł przedstawić priorytety prezydencji, w połowie jej trwania.",[],[],False,False,False,False,False,False,"Сьогодні фактично мало що можна сказати про головування Угорщини, достатньо сказати, що лише в жовтні Віктор Орбан міг представити пріоритети головування, в середині його тривалості."
pl_hate_speech_act_19_12_2024_n03.txt,2252,2369,"Wskazana ustawa regulować ma przestępstwa, które zgodnie z polskim porządkiem naruszają wartość porządku publicznego.",['Straw_Man'],['Distraction'],False,False,True,False,False,False,"Зазначений закон має регулювати злочини, які відповідно до польського правопорядку порушують цінність громадського порядку."
pl_abortion_11_04_2024_n09.txt,2119,2306,"Oburzający jest również projekt Trzeciej Drogi, projekt firmowany przez PSL, który chce rozpisać referendum w sprawie zgody na zabijanie bezbronnych. (Poseł Ewa Szymanowska: Tego nie ma…)","['Exaggeration-Minimisation', 'Loaded_Language', 'Appeal_to_Fear-Prejudice']","['Justification', 'Manipulative_Wording']",False,True,False,False,False,True,"Обурює також проєкт Третьої Дороги, проєкт, підписаний PSL, який хоче провести референдум щодо згоди на вбивство беззбройних. (Депутат Ева Шимановська: Цього немає…)"
pl_hate_speech_act_19_12_2024_n03.txt,2808,2948,"Pojęcie tożsamości płciowej, czyli przeciwieństwo pojęcia płci biologicznej, pada w samym projekcie, w jego treści i w uzasadnieniu 30 razy.",['Straw_Man'],['Distraction'],False,False,True,False,False,False,"Поняття гендерної ідентичності, тобто протилежність поняття біологічної статі, згадується в самому проєкті, в його змісті та в обґрунтуванні 30 разів."
pl_abortion_11_04_2024_n07.txt,6721,6976,"Nie zważali na obowiązujące w Polsce w tym zakresie – nadrzędne wobec ustaw – przepisy Konstytucji RP (na czele z zasadą demokratycznego państwa prawnego wyrażoną w art. 2) i ratyfikowane umowy międzynarodowe, w szczególności Konwencję o prawach dziecka”.","['Appeal_to_Authority', 'Appeal_to_Values']",['Justification'],False,True,False,False,False,False,"Не звертали уваги на норми, що діють у Польщі в цій сфері, які мають пріоритет над законами, – положення Конституції РП (на чолі з принципом демократичної правової держави, вираженим у ст. 2) та ратифіковані міжнародні угоди, зокрема Конвенцію про права дитини»."
pl_hate_speech_act_19_12_2024_n04.txt,2085,2141,"I państwo musi powiedzieć jasno, że tak robić nie wolno.",['Slogans'],['Call'],False,False,False,False,True,False,"Держава повинна чітко заявити, що так робити не можна."
pl_defence_22_05_2024_n04.txt,6274,6316,Poseł Krzysztof Ciecióra: Panie Marszałku!,[],[],False,False,False,False,False,False,Депутат Кшиштоф Цеціора: Пане Маршалку!
pl_abortion_11_04_2024_n13.txt,3337,3346,Już prof.,['Appeal_to_Authority'],['Justification'],False,True,False,False,False,False,Вже проф.
pl_current_affairs_09_01_2025_n02.txt,3242,3276,"Co więcej, budujemy nowe placówki.",[],[],False,False,False,False,False,False,"Більше того, ми будуємо нові заклади."
pl_eu_03_04_2025_n01.txt,4706,4870,"Niestety zawierał on odstępstwa – tutaj opór ze strony Węgier faktycznie był znaczny – które Polska z partnerami, głównie z państw bałtyckich, wyraźnie krytykowała.",[],[],False,False,False,False,False,False,"На жаль, він містив відступи – тут опір з боку Угорщини був фактично значним – які Польща з партнерами, переважно з країн Балтії, чітко критикувала."
pl_hate_speech_act_19_12_2024_n03.txt,2581,2807,"Po lekturze uzasadnienia tego projektu można wyciągnąć wniosek, że głównym celem ma być przypilnowanie, by środowiska LGBT mogły narzucać swoją wizję świata całemu społeczeństwu, mając za sobą siłowy aparat represyjny państwa.","['Loaded_Language', 'Straw_Man', 'Appeal_to_Fear-Prejudice']","['Justification', 'Distraction', 'Manipulative_Wording']",False,True,True,False,False,True,"Після прочитання обґрунтування цього проєкту можна зробити висновок, що головною метою є забезпечення того, щоб ЛГБТ-спільноти могли нав’язувати своє бачення світу всьому суспільству, маючи за собою силовий репресивний апарат держави."
pl_current_affairs_09_01_2025_n03.txt,4428,4449,O wałach nie wspomnę.,['Repetition'],['Manipulative_Wording'],False,False,False,False,False,True,Про вали не згадаю.
pl_abortion_11_04_2024_n10.txt,1643,1800,Ograniczenie dostępu do bezpiecznej i legalnej aborcji prowadzi jedynie do wzrostu niebezpiecznych praktyk oraz cierpienia fizycznego i emocjonalnego kobiet.,"['Causal_Oversimplification', 'Appeal_to_Fear-Prejudice']","['Justification', 'Simplification']",False,True,False,True,False,False,Обмеження доступу до безпечної та легальної аборту призводить лише до збільшення небезпечних практик та фізичних і емоційних страждань жінок.
pl_abortion_11_04_2024_n12.txt,574,772,"Pojawiają się głosy mówiące, że to dziecko miało przed sobą całe życie – pójście do przedszkola, do szkoły, poznanie swoich kolegów, przyjaciół, poznanie pierwszej miłości, założenie swojej rodziny.","['Appeal_to_Pity', 'Appeal_to_Popularity', 'Repetition']","['Justification', 'Distraction', 'Manipulative_Wording']",False,True,True,False,False,True,"З'являються голоси, які кажуть, що ця дитина мала перед собою все життя – відвідування дитячого садка, школи, знайомство зі своїми однолітками, друзями, знайомство з першою любов'ю, створення своєї сім'ї."
pl_defence_07_03_2025_n03.txt,4155,4231,"Ta debata dzisiaj jest debatą na temat wartości, jest debatą na temat zasad.",[],[],False,False,False,False,False,False,"Ця дискусія сьогодні – це дискусія про цінності, це дискусія про принципи."
pl_statements_20_02_2025_n03.txt,405,540,"Pierwszy to rosnące ceny i koszty życia, drugi to środowisko i zmiany klimatu, trzeci to sytuacja gospodarcza i tworzenie miejsc pracy.",[],[],False,False,False,False,False,False,"Перший – це зростання цін і вартості життя, другий – навколишнє середовище та зміна клімату, третій – економічна ситуація та створення робочих місць."
pl_abortion_11_04_2024_n09.txt,2645,2779,"Gdy brytyjski sąd zdecydował o zagłodzeniu Polaka, pan poseł Gdula powiedział: Postawmy jedzenie obok jego łóżka i zobaczmy, czy żyje.","['Questioning_the_Reputation', 'Red_Herring']","['Attack_on_Reputation', 'Distraction']",True,False,True,False,False,False,"Коли британський суд вирішив заморити поляка голодом, пан депутат Гдула сказав: Покладемо їжу біля його ліжка і подивимося, чи він житиме."
pl_abortion_11_04_2024_n14.txt,6927,7006,"Odrzućmy te projekty i chodźmy w stronę życia, bo taka jest polska racja stanu.","['Flag_Waving', 'Slogans', 'Appeal_to_Values']","['Justification', 'Call']",False,True,False,False,True,False,"Відкиньмо ці проєкти та рушаймо до життя, бо таке польське державне завдання."
pl_eu_03_04_2025_n08.txt,3659,3806,"Europosłów w tej Izbie nie ma, natomiast tak, tam były… Odsyłamy wszystkich zainteresowanych do debaty, która odbyła się w Parlamencie Europejskim.",[],[],False,False,False,False,False,False,"Євродепутатів у цій залі немає, але так, там були… Ми відсилаємо всіх зацікавлених до дебатів, які відбулися в Європейському парламенті."
pl_abortion_11_04_2024_n08.txt,6744,6827,"I to są wyroki, które obowiązują, czy wam się to podoba, czy wam się to nie podoba.",['Conversation_Killer'],['Call'],False,False,False,False,True,False,"І це вироки, які діють, подобається вам це чи ні."
pl_eu_03_04_2025_n08.txt,1120,1242,"Dlatego popieramy jako Polska 2050 informację, która została przedstawiona przed komisją, i czekamy na zmianę na Węgrzech.",[],[],False,False,False,False,False,False,"Тому ми, Польща 2050, підтримуємо інформацію, яка була представлена комісії, і чекаємо на зміни в Угорщині."
pl_defence_07_03_2025_n05.txt,5423,5457,Musimy sobie zdawać z tego sprawę.,['Slogans'],['Call'],False,False,False,False,True,False,Ми повинні це усвідомлювати.
pl_eu_03_04_2025_n08.txt,0,34,To jest bardzo istotna informacja.,[],[],False,False,False,False,False,False,Це дуже важлива інформація.
pl_defence_22_05_2024_n04.txt,2543,2697,"W ramach tego poczucia bezpieczeństwa, kiedy rozmawia się z obywatelami, ich pierwsze pytanie brzmi: Gdzie jest najbliższy schron lub miejsce schronienia?",[],[],False,False,False,False,False,False,"У рамках цього відчуття безпеки, коли розмовляєш з громадянами, їхнє перше питання звучить: Де знаходиться найближчий притулок або місце укриття?"
pl_defence_07_03_2025_n02.txt,2864,3077,"Dla celów wyborczych gotowi byliście odtajniać część zmanipulowanych dokumentów, które były również dokumentami Paktu Północnoatlantyckiego. (Oklaski) (Głos z sali: Zdrada.) (Poseł Robert Telus: Gdzie ta jedność?)","['Loaded_Language', 'Questioning_the_Reputation', 'Doubt']","['Attack_on_Reputation', 'Manipulative_Wording']",True,False,False,False,False,True,"Для виборчих цілей ви були готові розсекретити частину сфальсифікованих документів, які також були документами Північноатлантичного договору. (Оплески) (Голос із залу: Зрада.) (Депутат Роберт Телус: Де ця єдність?)"
pl_defence_22_05_2024_n04.txt,7644,7686,Poseł Anna Wojciechowska: Panie Marszałku!,[],[],False,False,False,False,False,False,Пані Маршалку!
pl_defence_22_05_2024_n02.txt,1748,1783,Niestety nie mamy kogo mobilizować.,['Doubt'],['Attack_on_Reputation'],True,False,False,False,False,False,"На жаль, у нас немає кого мобілізувати."
pl_abortion_11_04_2024_n10.txt,4836,4991,"Pani Basiu, niech pani nie prowokuje.) (Głos z sali: Pani poseł, pani poseł.) Żadna kobieta nie może być zmuszana do heroizmu i do narażania swojego życia.","['Loaded_Language', 'Appeal_to_Fear-Prejudice']","['Justification', 'Manipulative_Wording']",False,True,False,False,False,True,"Пані Басю, не провокуйте.) (Голос із залу: Пані депутатко, пані депутатко.) Жодна жінка не може бути змушена до героїзму та ризику своїм життям."
pl_hate_speech_act_19_12_2024_n04.txt,1524,1554,Co jest celem mowy nienawiści?,[],[],False,False,False,False,False,False,Яка мета мови ненависті?
pl_eu_03_04_2025_n02.txt,3719,3800,Proszę pana posła Andrzeja Grzyba o przedstawienie uzasadnienia projektu uchwały.,[],[],False,False,False,False,False,False,Прошу пана посла Анджея Гриба представити обґрунтування проєкту рішення.
pl_hate_speech_act_19_12_2024_n03.txt,3367,3503,"Według ministra Bodnara karanie za przestępstwa zniewagi, naruszenia nietykalności cielesnej czy kierowanie gróźb jest niewystarczające.",[],[],False,False,False,False,False,False,"За словами міністра Боднара, покарання за злочини образи, порушення недоторканності тіла або погрози є недостатнім."
pl_abortion_11_04_2024_n01.txt,2177,2204,To jest bardzo surowa kara.,['Repetition'],['Manipulative_Wording'],False,False,False,False,False,True,Це дуже суворе покарання.
pl_statements_20_02_2025_n03.txt,1839,1939,Warto w tym miejscu przytoczyć znamienną w swoim brzmieniu treść przysięgi żołnierzy Armii Krajowej.,[],[],False,False,False,False,False,False,Варто в цьому місці навести знаменний за своїм звучанням зміст присяги солдатів Армії Крайової.
pl_hate_speech_act_19_12_2024_n02.txt,8200,8364,"Rzadziej jako przedmiot mowy nienawiści wskazywano pochodzenie społeczne, niepełnosprawność, płeć, bezwyznaniowość lub wiek, ale one także jako przesłanki występują.",[],[],False,False,False,False,False,False,"Рідше як предмет мови ненависті вказували соціальне походження, інвалідність, стать, відсутність віросповідання або вік, але вони також є передумовами."
pl_hate_speech_act_19_12_2024_n02.txt,3631,3762,"W Internecie doświadczyło go prawie 40% polskiego społeczeństwa, a 3/4 uczniów i uczennic spotkało się z jakąś formą cyberprzemocy.",['Appeal_to_Popularity'],['Justification'],False,True,False,False,False,False,"В Інтернеті з цим зіткнулося майже 40% польського суспільства, а 3/4 учнів зазнали якоїсь форми кібернасильства."
pl_abortion_11_04_2024_n05.txt,1081,1296,"Liczę tutaj na dobre propozycje ze strony rządu i pani minister, abyśmy mogły zająć się problemami dotyczącymi ochrony zdrowia, dostępności żłobka, dostępności lekarza ginekologa, lekarza specjalisty, luki płacowej.",[],[],False,False,False,False,False,False,"Сподіваюся, що уряд і пані міністр запропонують добрі рішення, щоб ми могли вирішити проблеми, пов'язані з охороною здоров'я, доступністю дитячих садків, доступністю гінекологів, спеціалістів, а також подолати розрив у заробітній платі."
pl_abortion_11_04_2024_n06.txt,4282,4455,"Projekt, który mówi jasno, że to nie dociekanie prokuratora, ale oświadczenie kobiety wystarczy do tego, aby przerwać ciążę, która była wynikiem gwałtu i czynu zabronionego.",[],[],False,False,False,False,False,False,"Проект, який чітко стверджує, що достатньо заяви жінки, щоб перервати вагітність, яка була результатом зґвалтування та забороненого вчинку, а не розслідування прокуратури."
pl_eu_03_04_2025_n06.txt,5808,5943,"Więc zastanówcie się, kim jesteście, zanim zaczniecie krytykować Węgrów, bo ta wasza małostkowość i kompleksy po prostu biją po oczach.","['Appeal_to_Hypocrisy', 'Loaded_Language', 'Questioning_the_Reputation']","['Attack_on_Reputation', 'Manipulative_Wording']",True,False,False,False,False,True,"Тож подумайте, хто ви, перш ніж почати критикувати угорців, бо ваша дріб’язковість і комплекси просто впадають в очі."
pl_defence_22_05_2024_n02.txt,8222,8350,"Dlatego trzeba zwrócić uwagę na to, że ten cały program Tarcza Wschód w tej chwili nie ma w sobie żadnego oryginalnego elementu.",['Doubt'],['Attack_on_Reputation'],True,False,False,False,False,False,"Тому потрібно звернути увагу на те, що ця вся програма «Щит Схід» зараз не має жодного оригінального елементу."
pl_statements_20_02_2025_n03.txt,5834,5910,"Przenosi się pracowników, ale nie mówi się o tym, czy nie zostaną zwolnieni.",[],[],False,False,False,False,False,False,"Переводять працівників, але не говорять про те, чи не будуть вони звільнені."
pl_abortion_11_04_2024_n05.txt,7570,7674,Każda osoba powinna mieć prawo do podejmowania decyzji dotyczących swojego zdrowia i swojej przyszłości.,['Appeal_to_Values'],['Justification'],False,True,False,False,False,False,Кожна людина повинна мати право приймати рішення щодо свого здоров'я та свого майбутнього.
pl_statements_20_02_2025_n03.txt,1429,1479,"Zapraszam teraz panią poseł Ewę Leniart, klub PiS.",[],[],False,False,False,False,False,False,"Запрошую зараз пані посол Еву Ленярт, клуб PiS."
pl_abortion_11_04_2024_n07.txt,256,409,"Ale hasło „Moje ciało, mój wybór” nie tylko ukrywa tę prawdę, która została już naukowo udowodniona, że dziecko zaczyna życie i rozwój w chwili poczęcia.",['Appeal_to_Authority'],['Justification'],False,True,False,False,False,False,"Але гасло «Моє тіло, мій вибір» не тільки приховує цю правду, яка вже науково доведена, що дитина починає життя і розвиток у момент зачаття."
pl_defence_22_05_2024_n03.txt,6459,6533,"Pani poseł Iwona Maria Kozłowska, Klub Parlamentarny Koalicja Obywatelska.",[],[],False,False,False,False,False,False,"Пані посол Івона Марія Козловська, Парламентський клуб Громадянська коаліція."
pl_abortion_11_04_2024_n04.txt,5125,5239,"Proponowana przez nas ustawa to jeden z trzech elementów kompleksowej propozycji, rozwiązania dla Polek i Polaków.",[],[],False,False,False,False,False,False,"Запропонований нами законопроект є одним із трьох елементів комплексної пропозиції, рішення для поляків."
pl_eu_03_04_2025_n03.txt,4007,4068,Pierwszy głos ma poseł Szymon Szynkowski vel Sęk z klubu PiS.,[],[],False,False,False,False,False,False,Перший голос має депутат Шимон Шиньковський вель Сек з клубу PiS.
pl_hate_speech_act_19_12_2024_n03.txt,3749,3786,"To oznacza, że trzeba karać za słowa.",[],[],False,False,False,False,False,False,"Це означає, що потрібно карати за слова."
pl_defence_22_05_2024_n01.txt,7084,7118,Obraz mówi więcej niż tysiąc słów.,['Exaggeration-Minimisation'],['Manipulative_Wording'],False,False,False,False,False,True,"Зображення говорить більше, ніж тисяча слів."
pl_abortion_11_04_2024_n01.txt,1718,1755,To jej organy pracują na rzecz płodu.,['Appeal_to_Pity'],['Distraction'],False,False,True,False,False,False,Це її органи працюють на благо плоду.
pl_hate_speech_act_19_12_2024_n03.txt,361,393,To najwyższy wskaźnik w Europie.,[],[],False,False,False,False,False,False,Це найвищий показник у Європі.
pl_abortion_11_04_2024_n06.txt,3839,3885,A więc proszę mi tutaj niczego nie insynuować.,['Straw_Man'],['Distraction'],False,False,True,False,False,False,"Отже, будь ласка, не натякайте мені нічого тут."
pl_abortion_11_04_2024_n03.txt,3118,3312,"Jak, będąc polityczką, mam wytłumaczyć tym młodym dziewczynom, tym młodym kobietom w Polsce, że państwo, zamiast otoczyć je opieką, dać im wsparcie, umywa ręce, udaje, że nie widzi i nie słyszy.","['Appeal_to_Hypocrisy', 'Loaded_Language']","['Attack_on_Reputation', 'Manipulative_Wording']",True,False,False,False,False,True,"Як, будучи політиком, я можу пояснити цим молодим дівчатам, цим молодим жінкам у Польщі, що держава замість того, щоб оточити їх турботою, дати їм підтримку, умиває руки, робить вигляд, що не бачить і не чує."
pl_defence_07_03_2025_n02.txt,5474,5776,"Dziś słyszymy wypowiedzi polityków PiS czy Konfederacji, w których wybrzmiewają nuty wprost putinowskiej propagandy, więc apeluję do was: opamiętajcie się, Polska jest jedna, nie można narodowych interesów palić na stosie partyjnej polityki, polityki, która może prowadzić Rzeczpospolitą w ręce Putina.","['Consequential_Oversimplification', 'Flag_Waving', 'Appeal_to_Hypocrisy', 'Loaded_Language', 'Slogans', 'Name_Calling-Labeling', 'Guilt_by_Association']","['Attack_on_Reputation', 'Justification', 'Simplification', 'Call', 'Manipulative_Wording']",True,True,False,True,True,True,"Сьогодні ми чуємо заяви політиків PiS чи Конфедерації, в яких звучать нотки прямо путінської пропаганди, тому закликаю вас: опам’ятайтесь, Польща єдина, не можна спалювати національні інтереси на вогнищі партійної політики, політики, яка може привести Річ Посполиту в руки Путіна."
pl_defence_22_05_2024_n02.txt,9037,9073,Uporządkujcie kompetencje w rządzie.,['Doubt'],['Attack_on_Reputation'],True,False,False,False,False,False,Організуйте компетенції в уряді.
pl_eu_12_06_2024_n03.txt,725,803,"To nie jest pierwsze przesunięcie tego terminu, przesuwamy już po raz kolejny.",['Doubt'],['Attack_on_Reputation'],True,False,False,False,False,False,"Це не перше перенесення цього терміну, ми вже переносимо його знову."
pl_abortion_11_04_2024_n06.txt,1965,2258,"Wicemarszałek Włodzimierz Czarzasty: Przepraszam, pani posłanko, przepraszam bardzo. (Poseł Krystyna Skowrońska: Proszę zwrócić uwagę.) Ale zaraz, proszę państwa, proszę państwa… (Wypowiedź poza mikrofonem) (Poseł Krystyna Skowrońska: Ale nie zagłusza…) (Poseł Mariusz Krystian: A wy możecie?)",[],[],False,False,False,False,False,False,"Віцемаршалок Влодзімеж Чарзастий: Вибачте, пані депутатко, вибачте. (Депутат Кристина Сковронська: Будь ласка, зверніть увагу.) Але зараз, будь ласка, панове, будь ласка… (Виступ поза мікрофоном) (Депутат Кристина Сковронська: Але не заглушує…) (Депутат Маріуш Кшистіан: А ви можете?)"
pl_abortion_11_04_2024_n05.txt,8459,8532,Czarę goryczy przelał wyrok Trybunału Konstytucyjnego Julii Przyłębskiej.,['Loaded_Language'],['Manipulative_Wording'],False,False,False,False,False,True,Чашу гіркоти переповнив вирок Конституційного трибуналу Юлії Пшилебської.
pl_eu_03_04_2025_n04.txt,6239,6281,Ale wracam do przebiegu samej prezydencji.,[],[],False,False,False,False,False,False,Але повернімося до перебігу самого президентства.
pl_abortion_11_04_2024_n11.txt,5675,5759,"Wiejskiej stają w istocie w obronie nas wszystkich, nie tylko dzieci nienarodzonych.",['Flag_Waving'],['Justification'],False,True,False,False,False,False,"Вейська насправді стає на захист усіх нас, а не лише ненароджених дітей."
pl_abortion_11_04_2024_n10.txt,4643,4835,"Dzisiaj chcemy to zmienić i zmienimy to, bo do tego się zobowiązaliśmy jako koalicja 15 października, bo żadna kobieta nie może już więcej cierpieć. (Poseł Piotr Kaleta: Proszę nie prowokować.","['Appeal_to_Time', 'Appeal_to_Pity']","['Distraction', 'Call']",False,False,True,False,True,False,"Сьогодні ми хочемо це змінити і змінимо це, бо до цього ми зобов’язалися як коаліція 15 жовтня, бо жодна жінка не може більше страждати. (Депутат Пьотр Калета: Будь ласка, не провокуйте."
pl_current_affairs_09_01_2025_n02.txt,7282,7440,Pierwszą decyzję uchylającą decyzję RDOŚ w Bydgoszczy podjął minister klimatu i środowiska rządu Prawa i Sprawiedliwości pan minister Michał Kurtyka w 2021 r.,[],[],False,False,False,False,False,False,Перше рішення про скасування рішення RDOŚ у Бидгощі прийняв міністр клімату та навколишнього середовища уряду Права і Справедливості пан міністр Міхал Куртика у 2021 році.
pl_hate_speech_act_19_12_2024_n10.txt,7068,7099,Takie przepisy przygotowujecie.,['Questioning_the_Reputation'],['Attack_on_Reputation'],True,False,False,False,False,False,Такі правила ви готуєте.
pl_abortion_11_04_2024_n11.txt,7093,7180,"Wicemarszałek Monika Wielichowska: Bardzo dziękuję, panie pośle, czas minął dwukrotnie.",[],[],False,False,False,False,False,False,"Віцемаршалок Моніка Веліховська: Дуже дякую, пане депутате, час минув двічі."
pl_abortion_11_04_2024_n04.txt,97,148,Poseł Katarzyna Ueberhan: Szanowny Panie Marszałku!,[],[],False,False,False,False,False,False,Шановний пане Маршалку!
pl_abortion_11_04_2024_n05.txt,1572,1695,"Swoją drogą, nie wiem, czy państwo wiecie, ale dostęp do antykoncepcji w Polsce jest najsłabszy, najgorszy w całej Europie.",['Appeal_to_Popularity'],['Justification'],False,True,False,False,False,False,"До речі, не знаю, чи ви знаєте, але доступ до контрацепції в Польщі є найслабшим, найгіршим у всій Європі."
pl_abortion_11_04_2024_n05.txt,4212,4284,"Kobiety w Polsce nadal są uwięzione w strachu, w przymusie i w zakazach.","['Loaded_Language', 'Appeal_to_Pity', 'Appeal_to_Fear-Prejudice']","['Justification', 'Distraction', 'Manipulative_Wording']",False,True,True,False,False,True,"Жінки в Польщі досі перебувають у полоні страху, примусу та заборон."
pl_eu_12_06_2024_n02.txt,6822,6925,"To jest powód podwyżek cen energii, to jest powód podwyżek cen gazu, to jest powód podwyżek cen ciepła.",[],[],False,False,False,False,False,False,"Це причина підвищення цін на електроенергію, це причина підвищення цін на газ, це причина підвищення цін на тепло."
pl_defence_22_05_2024_n02.txt,58,99,"Pan poseł Sławomir Mentzen, Konfederacja.",[],[],False,False,False,False,False,False,"Пан посол Славомір Менцен, Конфедерація."
pl_abortion_11_04_2024_n09.txt,8177,8276,"Jestem przeciwna wszystkim tym projektom i uważam, że panie nadużywacie słów: walka o prawa kobiet.",[],[],False,False,False,False,False,False,"Я проти всіх цих проектів і вважаю, що пані зловживають словами: боротьба за права жінок."
pl_abortion_11_04_2024_n02.txt,245,263,Historia pierwsza.,[],[],False,False,False,False,False,False,Історія перша.
pl_eu_12_06_2024_n04.txt,47,96,"Pani poseł Anna Gembicka, Prawo i Sprawiedliwość.",[],[],False,False,False,False,False,False,"Пані посол Анна Гембіцька, Право і Справедливість."
pl_current_affairs_09_01_2025_n02.txt,11736,11801,Dokończę ją w drugim wystąpieniu. (Oklaski) (Głos z sali: Brawo!),[],[],False,False,False,False,False,False,Завершу її у другому виступі. (Оплески) (Голос із залу: Браво!)
pl_defence_07_03_2025_n03.txt,6826,6916,Ten Sejm pod przewodnictwem marszałka Szymona Hołowni jednogłośnie przegłosował tę ustawę.,[],[],False,False,False,False,False,False,Цей Сейм під головуванням маршалка Шимона Головні одноголосно проголосував за цей закон.
pl_defence_07_03_2025_n01.txt,1331,1496,"Jest sprawą zupełnie oczywistą, że ona dotyka nas bezpośrednio i stawką tej wielkiej gry dyplomatycznej jest to, czy będziemy tej zmiany beneficjentami czy ofiarami.","['Conversation_Killer', 'False_Dilemma-No_Choice']","['Simplification', 'Call']",False,False,False,True,True,False,"Це абсолютно очевидно, що вона безпосередньо стосується нас, і ставкою цієї великої дипломатичної гри є те, чи будемо ми бенефіціарами чи жертвами цієї зміни."
pl_abortion_11_04_2024_n02.txt,150,214,"Posłanka Maria Żukowska mówiła już o tym, o czym jest ta ustawa.",[],[],False,False,False,False,False,False,"Народна депутатка Марія Жуковська вже говорила про те, про що йдеться в цьому законі."
pl_current_affairs_09_01_2025_n03.txt,5391,5539,"Pytanie zadadzą ministrowi obrony narodowej, w imieniu którego odpowie sekretarz stanu w Ministerstwie Obrony Narodowej pan minister Cezary Tomczyk.",[],[],False,False,False,False,False,False,"Питання поставить міністру національної оборони, від імені якого відповість державний секретар у Міністерстві національної оборони пан міністр Цезарій Томчик."
pl_abortion_11_04_2024_n05.txt,64,153,"Polacy 15 października zagłosowali na nas, prosili nas o to, żebyśmy rządzili skutecznie.",[],[],False,False,False,False,False,False,"Поляки 15 жовтня проголосували за нас, просили нас, щоб ми керували ефективно."
pl_defence_07_03_2025_n02.txt,4956,5101,"Każdy przyzwoity człowiek w Polsce doskonale wie, kto jest tu agresorem, a kto ofiarą, kto wywołał tę wojnę, kto broni niepodległości i wolności.","['Conversation_Killer', 'Appeal_to_Popularity']","['Justification', 'Call']",False,True,False,False,True,False,"Кожна порядна людина в Польщі чудово знає, хто тут агресор, а хто жертва, хто розпочав цю війну, хто захищає незалежність і свободу."
pl_statements_20_02_2025_n02.txt,5182,5297,Nie można mówić o powstaniu królestwa polskiego bez wspomnienia o pierwszym historycznym władcy Polski – Mieszku I.,[],[],False,False,False,False,False,False,Не можна говорити про виникнення Польського королівства без згадки про першого історичного правителя Польщі – Мешко I.
pl_defence_07_03_2025_n02.txt,2395,2437,Poseł Zbigniew Konwiński: Panie Marszałku!,[],[],False,False,False,False,False,False,Депутат Збіґнєв Конвінський: Пане Маршалку!
pl_eu_03_04_2025_n03.txt,321,427,Wszystko to powinno się odbywać według naszych priorytetów w pełnej synergii z Paktem Północnoatlantyckim.,[],[],False,False,False,False,False,False,Все це має відбуватися відповідно до наших пріоритетів у повній синергії з Північноатлантичним альянсом.
pl_current_affairs_09_01_2025_n02.txt,209,242,Poseł Maria Koc: Bardzo dziękuję.,[],[],False,False,False,False,False,False,Депутат Марія Коц: Дуже дякую.
pl_defence_22_05_2024_n04.txt,4477,4781,"Proszę mi powiedzieć, panie marszałku, czy wmontowanie w dowództwo 18. dywizji, którą tak pan się chlubi, amerykańskiej jednostki wsparcia logistycznego to jest metoda, którą Wojsko Polskie chce przyjąć systemowo, czy… (Wicemarszałek wyłącza mikrofon, poseł przemawia przy wyłączonym mikrofonie, oklaski)","['Exaggeration-Minimisation', 'Questioning_the_Reputation']","['Attack_on_Reputation', 'Manipulative_Wording']",True,False,False,False,False,True,"Будь ласка, скажіть мені, пане маршале, чи включення до командування 18-ї дивізії, якою ви так пишаєтеся, американського підрозділу логістичної підтримки – це метод, який Польська армія хоче прийняти системно, чи… (Віце-маршал вимикає мікрофон, депутат говорить з вимкненим мікрофоном, оплески)"
pl_statements_20_02_2025_n03.txt,6616,6633,W grudniu 2025 r.,[],[],False,False,False,False,False,False,У грудні 2025 р.
pl_defence_07_03_2025_n07.txt,7441,7606,"Moim zdaniem rozmawiamy nieco zbyt mało o tym, jak mają wyglądać konkretne decyzje związane z wyłączeniem z zasad dotyczących długu publicznego konkretnych wydatków.",['Whataboutism'],['Distraction'],False,False,True,False,False,False,"На мою думку, ми недостатньо говоримо про те, як мають виглядати конкретні рішення, пов'язані з виключенням певних витрат з правил щодо державного боргу."
pl_defence_07_03_2025_n01.txt,1553,1661,"W tym sensie stawką tej gry jest życie i śmierć, i to dosłownie, stąd do tej debaty należy podejść poważnie.","['Appeal_to_Values', 'Appeal_to_Fear-Prejudice']",['Justification'],False,True,False,False,False,False,"У цьому сенсі ставкою цієї гри є життя і смерть, і це буквально, тому до цієї дискусії слід підійти серйозно."
pl_defence_07_03_2025_n03.txt,4520,4716,"Może mówić, co mamy robić, a czego mamy nie robić, czy mamy prawo być niepodlegli, czy może ma panować prawo wilka, zgodnie z którym skoro mamy większą armatę, to po prostu możemy zdeptać każdego.","['Loaded_Language', 'Obfuscation-Vagueness-Confusion', 'Repetition']",['Manipulative_Wording'],False,False,False,False,False,True,"Може говорити, що ми маємо робити, а чого не маємо робити, чи маємо право бути незалежними, чи, можливо, має панувати право вовка, згідно з яким, якщо маємо більшу гармату, то просто можемо розтоптати кожного."
pl_defence_07_03_2025_n04.txt,5369,5452,"Mówi się, że trudne czasy tworzą silnych ludzi, a silni ludzie tworzą silne narody.",['Slogans'],['Call'],False,False,False,False,True,False,"Кажуть, що важкі часи створюють сильних людей, а сильні люди створюють сильні нації."
pl_abortion_11_04_2024_n06.txt,3710,3838,"Każdy z nas będzie mógł zabrać głos w tej debacie, ale pan nigdy nie będzie wiedział, co to znaczy bać się być w ciąży w Polsce.","['Questioning_the_Reputation', 'Straw_Man']","['Attack_on_Reputation', 'Distraction']",True,False,True,False,False,False,"Кожен з нас зможе висловитися в цій дискусії, але ви ніколи не дізнаєтеся, що означає боятися бути вагітною в Польщі."
pl_current_affairs_09_01_2025_n03.txt,3512,3715,"Zawierał głównie plan budowy ok. 500 budowli hydrotechnicznych, z których wiele, podobnie jak w przypadku planu zapory w Siarzewie, nie gwarantowało zabezpieczenia przeciwpowodziowego i przeciwsuszowego.",['Doubt'],['Attack_on_Reputation'],True,False,False,False,False,False,"Він містив переважно план будівництва близько 500 гідротехнічних споруд, багато з яких, як і у випадку з планом греблі в Сіаржеві, не гарантували захисту від повеней та посухи."
pl_eu_12_06_2024_n04.txt,3947,4031,Proponowane w niniejszym projekcie regulacje nie są nowe w polskim porządku prawnym.,[],[],False,False,False,False,False,False,Запропоновані в цьому проєкті положення не є новими в польському правовому порядку.
pl_defence_22_05_2024_n01.txt,4914,4941,To jest fantastyczny czołg.,[],[],False,False,False,False,False,False,Це фантастичний танк.
pl_abortion_11_04_2024_n06.txt,5542,5646,"Szukanie pomocy wśród organizacji, wśród prawniczek, prawników, lekarzy, którzy ewentualnie się zlitują.","['Appeal_to_Pity', 'Appeal_to_Fear-Prejudice']","['Justification', 'Distraction']",False,True,True,False,False,False,"Пошук допомоги серед організацій, серед юристів, лікарів, які можливо змилосердяться."
pl_defence_22_05_2024_n03.txt,4720,4815,Wicemarszałek Włodzimierz Czarzasty: Dziękuję bardzo. 110 osób zgłosiło się do zadania pytania.,[],[],False,False,False,False,False,False,"Віцемаршалок Влодзімеж Чарзастий: Дуже дякую. 110 осіб зареєструвалися, щоб поставити запитання."
pl_abortion_11_04_2024_n12.txt,3392,3478,Kobiety są mądre i na to zasługują. (Oklaski) (Poseł Jan Mosiński: Tu chodzi o życie.),"['Conversation_Killer', 'Flag_Waving', 'Slogans', 'Appeal_to_Values']","['Justification', 'Call']",False,True,False,False,True,False,Жінки розумні і на це заслуговують. (Оплески) (Депутат Ян Мосінський: Тут йдеться про життя.)
pl_defence_22_05_2024_n01.txt,6731,6761,Pan mówi o dialogu z Niemcami.,[],[],False,False,False,False,False,False,Ви говорите про діалог з Німеччиною.
pl_abortion_11_04_2024_n05.txt,9722,9816,"Polki nie chcą rodzić dzieci w Polsce, która nie jest dla nich bezpieczna pod żadnym względem.",['Causal_Oversimplification'],['Simplification'],False,False,False,True,False,False,"Полячки не хочуть народжувати дітей у Польщі, яка не є для них безпечною ні в якому відношенні."
pl_statements_20_02_2025_n03.txt,8162,8170,Jerzego.,[],[],False,False,False,False,False,False,Єжи.
pl_defence_07_03_2025_n02.txt,1220,1355,"Wreszcie ostatni element, ten fundament, który powinien nas łączyć, to pamięć, że bezpieczeństwo ma różne oblicza, nie tylko militarne.",[],[],False,False,False,False,False,False,"Нарешті, останній елемент, цей фундамент, який має нас об'єднувати, – це пам'ять про те, що безпека має різні форми, не лише військові."
pl_hate_speech_act_19_12_2024_n10.txt,6380,6440,"Pan poseł Michał Woś, Prawo i Sprawiedliwość, Bardzo proszę.",[],[],False,False,False,False,False,False,"Пане депутате Міхале Восю, Право і Справедливість, дуже прошу."
pl_defence_07_03_2025_n08.txt,6339,6435,"Dzisiaj to się wydaje science fiction, ale myślę, że wszyscy sobie tego bardzo szczerze życzymy.",[],[],False,False,False,False,False,False,"Сьогодні це здається науковою фантастикою, але я думаю, що всі дуже щиро цього бажають."
pl_defence_07_03_2025_n01.txt,3832,3929,"Możecie mu odebrać immunitet, ale tych zasług mu nie odbierzecie. (Oklaski) (Głos z sali: Brawo!)",[],[],False,False,False,False,False,False,"Ви можете забрати в нього імунітет, але ви не можете забрати його заслуги. (Оплески) (Голос із залу: Браво!)"
pl_hate_speech_act_19_12_2024_n07.txt,1833,1867,Ile według ministerstwa jest płci?,['Doubt'],['Attack_on_Reputation'],True,False,False,False,False,False,"Скільки, на думку міністерства, є статей?"
pl_abortion_11_04_2024_n01.txt,5433,5465,Tych wyroków jest w Polsce dużo.,[],[],False,False,False,False,False,False,Таких вироків у Польщі багато.
pl_hate_speech_act_19_12_2024_n07.txt,2150,2198,Poseł Dariusz Matecki: Szanowny Panie Marszałku!,[],[],False,False,False,False,False,False,Шановний пане Маршалку!
pl_defence_07_03_2025_n02.txt,5201,5442,"Ci, którzy tego nie zauważają, a niestety siedzą tacy także tu, w ławach Sejmu Rzeczypospolitej, powinni zadać sobie pytanie, czyjemu interesowi służą, bo na pewno nie interesowi Rzeczypospolitej, na pewno nie polskiej racji stanu. (Oklaski)","['Flag_Waving', 'Doubt']","['Attack_on_Reputation', 'Justification']",True,True,False,False,False,False,"Ті, хто цього не помічають, а на жаль, такі є і тут, у лавах Сейму Республіки Польща, повинні запитати себе, чиїм інтересам вони служать, бо точно не інтересам Республіки, точно не польській державній справі. (Оплески)"
pl_eu_12_06_2024_n03.txt,3663,3857,"Przecież w tej ustawie istnieją przepisy, które pozwalają na stosowanie trybów innych niż przetarg, trybów, które w szczególnie uzasadnionych przypadkach ułatwiają udzielanie takiego zamówienia.",[],[],False,False,False,False,False,False,"Адже в цьому законі є положення, які дозволяють використовувати інші способи, ніж тендер, способи, які в особливо обґрунтованих випадках полегшують надання такого замовлення."
pl_abortion_11_04_2024_n08.txt,0,67,"Wicemarszałek Monika Wielichowska: Proszę kontynuować, panie pośle.",[],[],False,False,False,False,False,False,"Віцемаршалок Моніка Веліховська: Прошу, пане депутате, продовжуйте."
pl_eu_03_04_2025_n04.txt,6453,6686,"Niestety zamiast tego mieliśmy opóźnienia w realizacji tam, gdzie było to konieczne, wspólnych decyzji ze strony Węgier, ale także blokowanie, jeśli chodzi o podejmowanie decyzji i przyjmowanie kolejnych pakietów sankcji wobec Rosji.",[],[],False,False,False,False,False,False,"На жаль, замість цього ми мали затримки в реалізації там, де це було необхідно, спільних рішень з боку Угорщини, але також блокування, коли мова йшла про прийняття рішень та прийняття наступних пакетів санкцій проти Росії."
pl_defence_22_05_2024_n02.txt,7239,7271,Proszę sobie samemu to obliczyć.,[],[],False,False,False,False,False,False,"Будь ласка, порахуйте це самостійно."
pl_eu_12_06_2024_n02.txt,3276,3285,Dziękuję.,[],[],False,False,False,False,False,False,Дякую.
pl_abortion_11_04_2024_n08.txt,4915,5119,"I wy, cynicznie chcąc między sobą walczyć o głosy, wywoływać jakieś rozbudzone demony, emocje podczas kampanii wyborczej, wychodzicie z takimi projektami, kiedy doskonale wiecie, że nic z tego nie będzie.","['Conversation_Killer', 'Appeal_to_Hypocrisy']","['Attack_on_Reputation', 'Call']",True,False,False,False,True,False,"І ви, цинічно бажаючи боротися між собою за голоси, викликати якісь збуджені демони, емоції під час виборчої кампанії, виходите з такими проектами, коли чудово знаєте, що з цього нічого не вийде."
pl_defence_07_03_2025_n04.txt,5120,5236,"Chcemy być oczywiście silni naszymi sojusznikami i naszymi sojuszami, ale najpierw musimy pokazać własne możliwości.",[],[],False,False,False,False,False,False,"Ми, звісно, хочемо бути сильними нашими союзниками та нашими союзами, але спочатку ми повинні показати власні можливості."
pl_current_affairs_09_01_2025_n01.txt,5698,5807,"Zadeklarowałam, że wyeliminujemy wszystkie możliwości nadużywania systemu świadczeń, i to dzisiaj ma miejsce.",[],[],False,False,False,False,False,False,"Я заявила, що усунемо всі можливості зловживання системою пільг, і сьогодні це відбувається."
pl_abortion_11_04_2024_n08.txt,1505,1530,Dlaczego 9 marca 1943 r.?,[],[],False,False,False,False,False,False,Чому 9 березня 1943 року?
pl_eu_12_06_2024_n01.txt,4122,4173,Co do tego celu oczywiście trudno mieć wątpliwości.,[],[],False,False,False,False,False,False,"Щодо цієї мети, звичайно, важко мати сумніви."
pl_abortion_11_04_2024_n13.txt,2725,2973,"To jest cel, który w skrajnym przypadku poprzez projekty składane przez aborcjonistki i proaborcjonistów obojga płci może doprowadzić, przynajmniej w teorii, do takiego stanu, że nie narodzi się ani jedno polskie dziecko. (Głos z sali: Ha, ha, ha!)","['Consequential_Oversimplification', 'Flag_Waving', 'Red_Herring', 'Repetition']","['Justification', 'Distraction', 'Simplification', 'Manipulative_Wording']",False,True,True,True,False,True,"Це мета, яка в крайньому випадку, через проєкти, подані абортистками та проабортними особами обох статей, може призвести, принаймні в теорії, до такого стану, що не народиться жодна польська дитина. (Голос із залу: Ха, ха, ха!)"
pl_statements_20_02_2025_n03.txt,5531,5566,Poseł Anna Baluch: Panie Marszałku!,[],[],False,False,False,False,False,False,Пані Маршалку!
pl_abortion_11_04_2024_n01.txt,3417,3436,Rozmawiamy o życiu.,"['Appeal_to_Values', 'Repetition']","['Justification', 'Manipulative_Wording']",False,True,False,False,False,True,Говоримо про життя.
pl_abortion_11_04_2024_n12.txt,4698,4736,"A to był państwowy szpital, przypomnę.",[],[],False,False,False,False,False,False,"Це була державна лікарня, нагадаю."
pl_statements_20_02_2025_n01.txt,2347,2395,Poseł Andrzej Tomasz Zapałowski: Pani Marszałek!,[],[],False,False,False,False,False,False,Депутат Анджей Томаш Запаловський: Пані Маршалку!
pl_abortion_11_04_2024_n11.txt,2547,2601,"Zwolennicy, ale także przeciwnicy wolności aborcyjnej!",[],[],False,False,False,False,False,False,"Прихильники, але також противники свободи абортів!"
pl_abortion_11_04_2024_n13.txt,1796,1824,Drogie i Szanowne Koleżanki!,[],[],False,False,False,False,False,False,Дорогі та шановні колежанки!
pl_abortion_11_04_2024_n02.txt,4831,4880,"Zapewni poczucie bezpieczeństwa, spokój lekarzom.",['Appeal_to_Values'],['Justification'],False,True,False,False,False,False,"Забезпечить відчуття безпеки, спокій лікарям."
pl_abortion_11_04_2024_n10.txt,2229,2264,Poseł Joanna Wicha: Pani Marszałek!,[],[],False,False,False,False,False,False,Депутат Йоанна Віха: Пані Маршалку!
pl_current_affairs_09_01_2025_n01.txt,7982,8174,"Chciałam jeszcze podkreślić, panie marszałku, że ZUS nie odmawiał osobom, co do których miał wątpliwości, tylko prowadził postępowania wyjaśniające, by jak najwięcej osób mogło uzupełnić dane.",[],[],False,False,False,False,False,False,"Хотів би ще підкреслити, пане маршалку, що ZUS не відмовляв особам, щодо яких мав сумніви, а лише проводив роз’яснювальні процедури, щоб якомога більше людей могли доповнити дані."
pl_statements_20_02_2025_n03.txt,5451,5501,"Zapraszam teraz panią poseł Annę Baluch, klub PiS.",[],[],False,False,False,False,False,False,"Запрошую зараз пані депутатку Анну Балух, клуб PiS."
pl_abortion_11_04_2024_n09.txt,7389,7449,Więc mówimy o swobodnym dostępie do zabijania innych kobiet.,"['False_Equivalence', 'Loaded_Language', 'Appeal_to_Fear-Prejudice']","['Justification', 'Simplification', 'Manipulative_Wording']",False,True,False,True,False,True,"Отже, ми говоримо про вільний доступ до вбивства інших жінок."
pl_defence_07_03_2025_n04.txt,2655,2676,Putin jest agresorem.,"['Name_Calling-Labeling', 'Appeal_to_Fear-Prejudice']","['Attack_on_Reputation', 'Justification']",True,True,False,False,False,False,Путін є агресором.
pl_hate_speech_act_19_12_2024_n09.txt,5939,5999,"I to nie jest pusty, symboliczny gest, ale realne działanie.",['Slogans'],['Call'],False,False,False,False,True,False,"Це не порожній, символічний жест, а реальна дія."
pl_hate_speech_act_19_12_2024_n03.txt,6143,6198,"Oczywiście, że nie, bo takie rzeczy będzie można mówić.",['Appeal_to_Hypocrisy'],['Attack_on_Reputation'],True,False,False,False,False,False,"Звісно, ні, бо такі речі можна буде сказати."
pl_defence_22_05_2024_n02.txt,1532,1563,Koszt to zaledwie 200 mln euro.,['Causal_Oversimplification'],['Simplification'],False,False,False,True,False,False,Вартість становить лише 200 мільйонів євро.
pl_statements_20_02_2025_n03.txt,5326,5346,Wszystkiego dobrego.,[],[],False,False,False,False,False,False,Всього найкращого.
pl_eu_03_04_2025_n01.txt,1077,1167,Proszę ministra do spraw Unii Europejskiej pana Adama Szłapkę o przedstawienie informacji.,[],[],False,False,False,False,False,False,Прошу міністра у справах Європейського Союзу пана Адама Шлапке надати інформацію.
pl_abortion_11_04_2024_n03.txt,11865,11900,"To nie wasz wybór, to wybór kobiet.","['Appeal_to_Hypocrisy', 'Appeal_to_Values']","['Attack_on_Reputation', 'Justification']",True,True,False,False,False,False,"Це не ваш вибір, це вибір жінок."
pl_eu_03_04_2025_n08.txt,7301,7414,"Tylko że przypomnę, że to jest rozporządzenie, więc generalnie nie będziecie mieli co do tego nic do powiedzenia.",[],[],False,False,False,False,False,False,"Тільки нагадаю, що це розпорядження, тому загалом у вас не буде нічого сказати з цього приводу."
pl_defence_07_03_2025_n06.txt,4742,4795,"Przyjrzyjmy się, co premier nam właściwie powiedział.",['Doubt'],['Attack_on_Reputation'],True,False,False,False,False,False,"Подивімося, що прем'єр-міністр нам насправді сказав."
pl_eu_03_04_2025_n07.txt,3389,3495,"Oczywiście popieramy go tutaj w 100%, ale pozwolę się odnieść bezpośrednio do prezydencji Węgier w 2024 r.",[],[],False,False,False,False,False,False,"Звісно, ми підтримуємо його тут на 100%, але дозволю собі безпосередньо звернутися до головування Угорщини у 2024 році."
pl_abortion_11_04_2024_n03.txt,3546,3699,"I każda z nas, każda z kobiet jest na tyle mądra, by móc tę decyzję podjąć samodzielnie, bez pytania o zgodę cudzego sumienia, a prawo musi to umożliwić.","['Appeal_to_Values', 'False_Dilemma-No_Choice']","['Justification', 'Simplification']",False,True,False,True,False,False,"І кожна з нас, кожна жінка достатньо розумна, щоб самостійно прийняти це рішення, не питаючи дозволу чужого сумління, а закон має це дозволити."
pl_statements_20_02_2025_n04.txt,2603,2738,"Rząd i politycy PiS podkreślali jednak konieczność dostosowania sektora do nowych warunków, zarówno ekonomicznych, jak i ekologicznych.",[],[],False,False,False,False,False,False,"Уряд і політики PiS наголошували на необхідності адаптації сектору до нових умов, як економічних, так і екологічних."
pl_abortion_11_04_2024_n11.txt,6631,6924,"Nieudzielenie pomocy jest przestępstwem, a zachęcanie do tego, by nie udzielić pomocy dzieciątku, które narodziło się w toku procedury aborcyjnej, po podaniu środka wczesnoporonnego, ale narodziło się, żyje, jego serce bije, ono krzyczy, często już nawet głośno, ale zostawia się je na jakimś…","['Appeal_to_Hypocrisy', 'Loaded_Language', 'Appeal_to_Pity']","['Attack_on_Reputation', 'Distraction', 'Manipulative_Wording']",True,False,True,False,False,True,"Ненадання допомоги є злочином, а заохочення до того, щоб не надавати допомогу дитині, яка народилася в результаті процедури аборту після введення засобу раннього переривання вагітності, але народилася, живе, її серце б’ється, вона кричить, часто вже навіть голосно, але її залишають на якомусь…"
pl_defence_07_03_2025_n01.txt,5476,5560,"Tym dzisiaj jest prezydent Andrzej Duda, a jutro będzie dr Karol Nawrocki. (Oklaski)",[],[],False,False,False,False,False,False,"Сьогодні це президент Анджей Дуда, а завтра буде доктор Кароль Навроцький. (Оплески)"
pl_defence_22_05_2024_n02.txt,1113,1183,W rezultacie liczba czołgów Wojska Polskiego jest najniższa od lat 40.,[],[],False,False,False,False,False,False,В результаті кількість танків Війська Польського є найнижчою з 40-х років.
pl_hate_speech_act_19_12_2024_n08.txt,5794,5816,Dość lewicowych bzdur.,"['Loaded_Language', 'Slogans']","['Call', 'Manipulative_Wording']",False,False,False,False,True,True,Досить лівих нісенітниць.
pl_defence_22_05_2024_n03.txt,2876,2929,"Ile potrzebują teraz zakłady, żeby to wdrożyć? 2 lat.",['Doubt'],['Attack_on_Reputation'],True,False,False,False,False,False,"Скільки часу потрібно зараз підприємствам, щоб це впровадити? 2 роки."
pl_eu_03_04_2025_n07.txt,50,198,"Ostatnio były szef Platformy Obywatelskiej, europoseł Budka, stwierdził, że dyrektywę budynkową trzeba zracjonalizować tak, żeby odchodzić od ETS 2.",[],[],False,False,False,False,False,False,"Нещодавно голова Платформи Оборони, євродепутат Будка заявив, що директиву про будівлі потрібно раціоналізувати, щоб відійти від ETS 2."
pl_hate_speech_act_19_12_2024_n03.txt,8007,8205,"Dodam jeszcze, że w 2019 r. rzecznik praw obywatelskich przekazał byłemu premierowi Morawieckiemu aż 20 rekomendacji dotyczących skutecznej walki z mową nienawiści i przestępstwami z nią związanymi.","['Appeal_to_Hypocrisy', 'Doubt']",['Attack_on_Reputation'],True,False,False,False,False,False,"Додамо, що у 2019 році Уповноважений з прав людини передав колишньому прем'єр-міністру Моравецькому аж 20 рекомендацій щодо ефективної боротьби з ненавистю та злочинами, пов'язаними з нею."
pl_abortion_11_04_2024_n06.txt,6719,6735,To jest przemoc.,['Exaggeration-Minimisation'],['Manipulative_Wording'],False,False,False,False,False,True,Це насильство.
pl_abortion_11_04_2024_n05.txt,7984,8002,I jeszcze heroizm.,[],[],False,False,False,False,False,False,І ще героїзм.
pl_defence_07_03_2025_n06.txt,4165,4209,To było wymijające opowiedzenie o szczytach.,['Doubt'],['Attack_on_Reputation'],True,False,False,False,False,False,Це було швидкоплинне оповідання про вершини.
pl_defence_07_03_2025_n01.txt,1013,1119,"Wówczas ze strony pańskiego środowiska politycznego usłyszeliśmy tylko słowa: Jaki prezydent, taki zamach.","['Slogans', 'Doubt']","['Attack_on_Reputation', 'Call']",True,False,False,False,True,False,"Тоді від політичного оточення пана ми почули лише слова: Який президент, такий замах."
pl_hate_speech_act_19_12_2024_n10.txt,3961,4058,"To także ograniczenie wolności głoszenia i nauczania wiary, któremu stanowczo się przeciwstawiam.","['Appeal_to_Values', 'Appeal_to_Fear-Prejudice']",['Justification'],False,True,False,False,False,False,"Це також обмеження свободи проповідування та навчання вірі, якому я рішуче протистою."
pl_abortion_11_04_2024_n09.txt,3321,3359,Czy należy kupować broń na straganach?,['False_Equivalence'],['Simplification'],False,False,False,True,False,False,Чи варто купувати зброю на ринках?
pl_abortion_11_04_2024_n06.txt,7572,7756,"Polskie prawo antyaborcyjne od lat stygmatyzuje Polki, zabija je, okalecza i odziera z godności, pozbawia nas podstawowych praw: do zdrowia, do życia, do decydowania (Dzwonek) o sobie.","['Exaggeration-Minimisation', 'Loaded_Language', 'Appeal_to_Values', 'Appeal_to_Fear-Prejudice']","['Justification', 'Manipulative_Wording']",False,True,False,False,False,True,"Польське антиабортне законодавство роками стигматизує польок, вбиває їх, калічить і позбавляє гідності, позбавляє нас основних прав: на здоров'я, на життя, на прийняття рішень (Дзвоник) про себе."
pl_defence_07_03_2025_n04.txt,1383,1422,"Niech on płaci za zło, które wyrządził.",[],[],False,False,False,False,False,False,"Нехай він заплатить за зло, яке вчинив."
pl_abortion_11_04_2024_n06.txt,5817,5891,"Boją się wykonywać badania prenatalne, nie przekazują prawdziwej diagnozy.","['Appeal_to_Pity', 'Appeal_to_Fear-Prejudice']","['Justification', 'Distraction']",False,True,True,False,False,False,"Вони бояться проводити пренатальні дослідження, не передають правдивий діагноз."
pl_current_affairs_09_01_2025_n01.txt,1519,1636,"To pieniądze dla rodziców na zapewnienie opieki nad małymi dziećmi, po to aby ci rodzice mogli wrócić na rynek pracy.",[],[],False,False,False,False,False,False,"Це гроші для батьків, щоб забезпечити догляд за маленькими дітьми, щоб ці батьки могли повернутися на ринок праці."
pl_abortion_11_04_2024_n09.txt,2394,2573,"Czy kolejnym waszym pomysłem będzie referendum w sprawie dobrowolnej eutanazji, czy może przymusowej eutanazji dla osób niepełnosprawnych, które bez pomocy innych nie mogłyby żyć?","['Whataboutism', 'Appeal_to_Fear-Prejudice']","['Justification', 'Distraction']",False,True,True,False,False,False,"Чи наступним вашим задумом буде референдум щодо добровільної евтаназії, чи, можливо, примусової евтаназії для людей з інвалідністю, які без допомоги інших не могли б жити?"
pl_defence_22_05_2024_n04.txt,3177,3239,Czy również na budowę schronów i miejsc doraźnego schronienia?,[],[],False,False,False,False,False,False,Чи також на будівництво укриттів та місць тимчасового укриття?
pl_current_affairs_09_01_2025_n01.txt,1889,2082,"Były opóźnienia w wypłatach, rodzice komunikowali się z ZUS-em, ZUS zapewniał, że wszystkie świadczenia, łącznie z wyrównaniami od 1 października, zostaną wypłacone rodzicom do dnia 20 grudnia.",[],[],False,False,False,False,False,False,"Були затримки у виплатах, батьки спілкувалися з ZUS, ZUS запевнив, що всі виплати, включаючи компенсації з 1 жовтня, будуть виплачені батькам до 20 грудня."
pl_eu_12_06_2024_n02.txt,754,846,"Bo sam fakt, że obejmiemy prezydencję, jeszcze o niczym nie stanowi i niczego nie przesądza.",[],[],False,False,False,False,False,False,"Бо сам факт, що обіймемо президентство, ще ні про що не свідчить і нічого не вирішує."
pl_eu_03_04_2025_n08.txt,5490,5538,"Pan poseł Jacek Karnowski, Koalicja Obywatelska.",[],[],False,False,False,False,False,False,"Пане депутате Яцеку Карновському, Громадянська коаліція."
pl_current_affairs_09_01_2025_n02.txt,4626,4658,Bezpieczeństwo ma różne wymiary.,[],[],False,False,False,False,False,False,Безпека має різні виміри.
pl_abortion_11_04_2024_n03.txt,9652,9741,"Wiem, że jesteście, pozdrawiam was bardzo serdecznie i dziękuję za waszą pracę. (Oklaski)","['Flag_Waving', 'Appeal_to_Popularity']",['Justification'],False,True,False,False,False,False,"Знаю, що ви є, вітаю вас дуже сердечно і дякую за вашу роботу. (Оплески)"
pl_abortion_11_04_2024_n05.txt,3460,3475,Drodzy Państwo!,[],[],False,False,False,False,False,False,Шановні пані та панове!
pl_defence_07_03_2025_n03.txt,393,529,"Bo za przekroczenie tej cienkiej granicy, za to Putino- i Stalinorozumiejstwo, panie Gliński, Polacy płacili krwią, i pan to dobrze wie.","['Name_Calling-Labeling', 'Appeal_to_Fear-Prejudice']","['Attack_on_Reputation', 'Justification']",True,True,False,False,False,False,"Бо за перетин цієї тонкої межі, за це путінське та сталінське розуміння, пане Ґлінський, поляки платили кров’ю, і ви це добре знаєте."
pl_eu_03_04_2025_n02.txt,6182,6366,"Należy zauważyć, że przecież Komisja Europejska już w 2011 r. uznała gotowość Bułgarii i Rumunii do członkostwa w strefie Schengen, ale było to objęte blokadą, m.in. ze strony Austrii.",[],[],False,False,False,False,False,False,"Слід зазначити, що Європейська комісія ще у 2011 році визнала готовність Болгарії та Румунії до членства в Шенгенській зоні, але це було заблоковано, зокрема, Австрією."
pl_defence_22_05_2024_n03.txt,3007,3148,"Szczerze powiem, że jestem wzburzony całym tym galimatiasem, bowiem powinniśmy wdrożyć, absolutnie, proszę państwa, procedury prawie wojenne.",['Loaded_Language'],['Manipulative_Wording'],False,False,False,False,False,True,"Чесно кажучи, я обурений усім цим безладом, адже ми повинні запровадити, абсолютно, прошу пані та панове, майже військові процедури."
pl_defence_07_03_2025_n04.txt,4193,4309,Stanowisko Klubu Parlamentarnego Polskie Stronnictwo Ludowe – Trzecia Droga przedstawi pani poseł Urszula Pasławska.,[],[],False,False,False,False,False,False,Позиція парламентської групи «Польське селянство – Третя дорога» – пані депутат Уршуля Паславська.
pl_abortion_11_04_2024_n08.txt,1995,2115,"Na ziemiach podbitych przez Niemcy dzieci niearyjskie uważano za zagrożenie, więc wdrażano politykę sprzyjającą aborcji.",['False_Equivalence'],['Simplification'],False,False,False,True,False,False,"На землях, захоплених німцями, дітей неарійського походження вважали загрозою, тому впроваджували політику, яка сприяла абортам."
pl_hate_speech_act_19_12_2024_n09.txt,3583,3620,Poseł Alicja Łuczak: Panie Marszałku!,[],[],False,False,False,False,False,False,Пані Маршалку!
pl_defence_07_03_2025_n07.txt,7607,7795,"Czy w te wydatki, które zostaną wyłączone z tych zasad, zostaną włączone także wydatki na kluczową infrastrukturę, w tym infrastrukturę kolejową, od której będzie zależała nasza odporność?",['Obfuscation-Vagueness-Confusion'],['Manipulative_Wording'],False,False,False,False,False,True,"Чи будуть до цих витрат, які будуть виключені з цих правил, включені також витрати на ключову інфраструктуру, зокрема залізничну інфраструктуру, від якої залежатиме наша стійкість?"
pl_eu_12_06_2024_n03.txt,5753,6012,"A tutaj, jak już chcecie kogoś obwiniać (Dzwonek) i wskazywać to jako wadę, to przeczytajcie sobie art. 8 tego projektu, gdzie jest zapewniona jawność, przejrzystość, wprowadzone są kryteria jakościowe, informacyjne – niezwłocznie po zakończeniu postępowania.",['Appeal_to_Hypocrisy'],['Attack_on_Reputation'],True,False,False,False,False,False,"А тут, якщо ви хочете когось звинувачувати (Дзвоник) і вказувати на це як на недолік, то прочитайте статтю 8 цього проєкту, де забезпечено прозорість, прозорість, введено якісні та інформаційні критерії – негайно після завершення провадження."
pl_abortion_11_04_2024_n09.txt,2308,2330,Szanowni Posłowie PSL!,[],[],False,False,False,False,False,False,Шановні депутати ПСЛ!
pl_abortion_11_04_2024_n08.txt,2952,3059,"Czy czas najwyższy, by w końcu dopuścić dekryminalizację kradzieży i pomocnictwa w kradzieżach z włamaniem?","['False_Equivalence', 'Straw_Man']","['Distraction', 'Simplification']",False,False,True,True,False,False,"Чи настав час, щоб нарешті дозволити декриміналізацію крадіжки та пособництва у крадіжках з проникненням?"
pl_defence_22_05_2024_n02.txt,1373,1428,Nasza roczna produkcja wystarczyłaby im na 3 dni walki.,[],[],False,False,False,False,False,False,Наша річна продукція вистачило б їм на 3 дні війни.
pl_abortion_11_04_2024_n09.txt,3239,3279,Czy również proponują państwo kompromis?,"['False_Equivalence', 'Repetition']","['Simplification', 'Manipulative_Wording']",False,False,False,True,False,True,Чи також ви пропонуєте компроміс?
pl_eu_12_06_2024_n03.txt,1599,1650,Tego nie zrobiliście i jest to rzecz niezrozumiała.,['Questioning_the_Reputation'],['Attack_on_Reputation'],True,False,False,False,False,False,"Цього ви не зробили, і це незрозуміле."
pl_defence_07_03_2025_n06.txt,5281,5455,"Uważamy ten kierunek za idiotyczny, żeby w systemie grantowym Siły Zbrojne finansować na podstawie papierów dłużnych, które kontrolować będą eurokraci z Komisji Europejskiej.","['Loaded_Language', 'Name_Calling-Labeling', 'Guilt_by_Association', 'Appeal_to_Fear-Prejudice']","['Attack_on_Reputation', 'Justification', 'Manipulative_Wording']",True,True,False,False,False,True,"Вважаємо цей напрямок ідіотським, щоб у системі грантів Збройні Сили фінансувалися на основі боргових паперів, які контролюватимуть єврократи з Європейської комісії."
pl_hate_speech_act_19_12_2024_n04.txt,1750,1793,"To jest wszystko, co chce osiągnąć sprawca.",[],[],False,False,False,False,False,False,"Це все, чого хоче досягти злочинець."
pl_eu_12_06_2024_n03.txt,682,724,Tutaj przesuwamy ten termin o kolejny rok.,[],[],False,False,False,False,False,False,Тут ми переносимо цей термін на наступний рік.
pl_defence_07_03_2025_n07.txt,4631,4730,"Usłyszeliśmy wprost od administracji Stanów Zjednoczonych, że ich strategia obejmuje reset z Rosją.",[],[],False,False,False,False,False,False,"Ми почули безпосередньо від адміністрації Сполучених Штатів, що їхня стратегія включає перезавантаження відносин з Росією."
pl_abortion_11_04_2024_n14.txt,6687,6826,"My, posłowie, którzy mamy choć odrobinę wrażliwości, musimy zdecydowanie sprzeciwić się tej zbrodni przeciwko (Dzwonek) polskiemu narodowi.","['Flag_Waving', 'Loaded_Language']","['Justification', 'Manipulative_Wording']",False,True,False,False,False,True,"Ми, депутати, які мають хоча б трохи чутливості, повинні рішуче виступити проти цього злочину проти (Дзвінок) польського народу."
pl_hate_speech_act_19_12_2024_n09.txt,1494,1589,Bardzo proszę pana posła Władysława Kurowskiego z Klubu Parlamentarnego Prawo i Sprawiedliwość.,[],[],False,False,False,False,False,False,"Дуже прошу пана посла Владислава Куровського з Парламентського клубу ""Право і Справедливість""."
pl_statements_20_02_2025_n03.txt,6436,6596,"Miliony Polaków korzystają z usług Poczty Polskiej, Polacy są do tego przyzwyczajeni, zarówno osoby starsze, jak i te, które zawsze mają ją po drodze. (Dzwonek)",['Appeal_to_Popularity'],['Justification'],False,True,False,False,False,False,"Мільйони поляків користуються послугами Польської пошти, поляки до цього звикли, як і люди похилого віку, так і ті, хто завжди має її на шляху. (Дзвінок)"
pl_defence_22_05_2024_n01.txt,7981,8002,Atakuje republikanów.,['Questioning_the_Reputation'],['Attack_on_Reputation'],True,False,False,False,False,False,Нападає на республіканців.
pl_hate_speech_act_19_12_2024_n10.txt,6442,6476,Poseł Michał Woś: Panie Marszałku!,[],[],False,False,False,False,False,False,Депутат Міхал Вось: Пане Маршалку!
pl_statements_20_02_2025_n01.txt,6777,6868,"Praca tych pań, często niedoceniana, stanowi fundament funkcjonowania placówek oświatowych.",['Appeal_to_Pity'],['Distraction'],False,False,True,False,False,False,"Робота цих жінок, часто недооцінена, є основою функціонування освітніх закладів."
pl_statements_20_02_2025_n03.txt,3019,3191,"W konsekwencji Armia Krajowa w 1944 r. liczyła ponad 350 tys. zaprzysiężonych żołnierzy, w tym 10 tys. oficerów i ok. 35–40 tys. ochotników walczących w oddziałach leśnych.",[],[],False,False,False,False,False,False,"Як наслідок, Армія Крайова у 1944 році налічувала понад 350 тисяч присягнутих солдатів, зокрема 10 тисяч офіцерів та близько 35-40 тисяч добровольців, які воювали в лісових загонах."
pl_hate_speech_act_19_12_2024_n08.txt,5565,5593,Kogo będziecie zatem ścigać?,[],[],False,False,False,False,False,False,Кого ви тоді будете переслідувати?
pl_eu_03_04_2025_n03.txt,7631,7648,A co robił Orbán?,[],[],False,False,False,False,False,False,Що робив Орбан?
pl_eu_03_04_2025_n06.txt,2899,3145,"Wydaje mi się, że w Wysokiej Izbie tej sprawie, która jest przeze mnie cytowana, odnosząc się do konkluzji Rady Europejskiej z grudnia 2024 r., powinniśmy poświęcić szczególną uwagę, a nawet przeprowadzić nie tylko rozmowę, ale i debatę plenarną.",[],[],False,False,False,False,False,False,"Мені здається, що у Вищій Палаті щодо цієї справи, яку я цитую, звертаючись до висновків Європейської Ради від грудня 2024 року, ми повинні приділити особливу увагу, а навіть провести не лише розмову, але й пленарну дискусію."
pl_hate_speech_act_19_12_2024_n09.txt,7900,8041,"Agresja, nienawiść, uprzedzenia prowadzą do wielu ludzkich tragedii, potrafią zniszczyć człowieka, ale również niszczą nasze życie społeczne.",['Appeal_to_Fear-Prejudice'],['Justification'],False,True,False,False,False,False,"Агресія, ненависть, упередження призводять до багатьох людських трагедій, можуть знищити людину, але також руйнують наше суспільне життя."
pl_defence_07_03_2025_n06.txt,9049,9067,"No dobra, ale jak?",[],[],False,False,False,False,False,False,"Добре, але як?"
pl_hate_speech_act_19_12_2024_n08.txt,260,450,"Zupełny brak szacunku i poczucia odpowiedzialności za wspólnotę u osób, które powinny, po pierwsze, świecić przykładem i dla których, po drugie, powinno być zaszczytem, że reprezentują kogo?","['Appeal_to_Hypocrisy', 'Questioning_the_Reputation']",['Attack_on_Reputation'],True,False,False,False,False,False,"Повна відсутність поваги та почуття відповідальності за громаду у людей, які повинні, по-перше, подавати приклад, і для яких, по-друге, має бути честю, що вони представляють кого?"
pl_statements_20_02_2025_n04.txt,7653,7840,"Nie mówię tutaj tylko o pani Sroce et consortes, ale mówię o wszystkich posłankach i posłach, którzy atakują pana ministra Zbigniewa Ziobrę i koniecznie chcieliby zobaczyć go w więzieniu.",['Loaded_Language'],['Manipulative_Wording'],False,False,False,False,False,True,"Я говорю не тільки про пані Сроку та її соратників, але й про всіх депутатів, які атакують пана міністра Збігнєва Зьобру і хочуть побачити його у в'язниці."
pl_eu_03_04_2025_n04.txt,6282,6452,"Jednym z oczekiwań nie tylko Polski, ale całej Europy było zaangażowanie w utrzymywanie wsparcia dla Ukrainy i kontynuacja polityki sankcji wobec Rosji i wobec Białorusi.",[],[],False,False,False,False,False,False,"Одним із очікувань не лише Польщі, але й усієї Європи було залучення до підтримки України та продовження політики санкцій проти Росії та Білорусі."
pl_current_affairs_09_01_2025_n01.txt,5430,5697,"Kiedy prezentowałam tutaj i na posiedzeniach komisji założenia tego programu, państwo bardzo dokładnie pytali mnie o to, czy i w jaki sposób będziemy weryfikować aktywność zawodową rodziców oraz czy dzieci rzeczywiście chodzą do żłobków, które faktycznie funkcjonują.",[],[],False,False,False,False,False,False,"Коли я представляла тут і на засіданнях комісії засади цієї програми, ви дуже детально запитували мене, чи і як ми будемо перевіряти професійну діяльність батьків, і чи діти дійсно ходять до ясел, які фактично функціонують."
pl_defence_07_03_2025_n06.txt,6258,6288,Programy prowadzone są latami.,['Doubt'],['Attack_on_Reputation'],True,False,False,False,False,False,Програми проводяться роками.
pl_defence_07_03_2025_n03.txt,2229,2386,"Polska nigdy wcześniej w tak trudnych czasach, w jakich jesteśmy, bo jesteśmy na zakręcie historii, nie była do tak trudnego zadania tak dobrze przygotowana.",[],[],False,False,False,False,False,False,"Польща ніколи раніше в такі важкі часи, в яких ми зараз перебуваємо, бо ми на повороті історії, не була так добре підготовлена до такого складного завдання."
pl_defence_22_05_2024_n02.txt,4992,5041,Poseł Andrzej Tomasz Zapałowski: Panie Marszałku!,[],[],False,False,False,False,False,False,Пане Маршалку!
pl_current_affairs_09_01_2025_n02.txt,10123,10206,"Dzisiejszy minister, główny dyrektor ochrony środowiska potwierdził jego argumenty.",['Appeal_to_Authority'],['Justification'],False,True,False,False,False,False,"Сьогоднішній міністр, головний директор з охорони навколишнього середовища, підтвердив його аргументи."
pl_abortion_11_04_2024_n05.txt,7191,7267,"Aborcja nie jest kwestią poglądów, aborcja nie jest kwestią światopoglądową.",['Conversation_Killer'],['Call'],False,False,False,False,True,False,"Аборт не є питанням поглядів, аборт не є питанням світогляду."
pl_defence_22_05_2024_n02.txt,7717,7843,"Zanim oddam głos panu marszałkowi, chciałbym przywitać uczniów i nauczycieli z gminy Porąbka. (Oklaski) Witamy was serdecznie.",[],[],False,False,False,False,False,False,"Перш ніж надати слово пану маршалку, хотів би привітати учнів та вчителів з ґміни Порабка. (Оплески) Щиро вітаємо вас."
pl_abortion_11_04_2024_n08.txt,4857,4914,Mówił o tym swego czasu nawet obecny premier Donald Tusk.,['Appeal_to_Authority'],['Justification'],False,True,False,False,False,False,Він говорив про це свого часу навіть нинішній прем'єр-міністр Дональд Туск.
pl_abortion_11_04_2024_n14.txt,4166,4219,"Zapraszam pana posła Krzysztofa Śmiszka, klub Lewicy.",[],[],False,False,False,False,False,False,"Запрошую пана посла Кшиштофа Шмішка, клуб Лівиці."
pl_abortion_11_04_2024_n02.txt,4667,4830,"Nie sprawi, że aborcja będzie dostępna, legalna jak w większości krajów Europy, ale zapewni elementarne poczucie bezpieczeństwa kobietom i tym, którzy im pomagają.","['Appeal_to_Values', 'Appeal_to_Popularity']",['Justification'],False,True,False,False,False,False,"Це не зробить аборт доступним і легальним, як у більшості країн Європи, але забезпечить елементарне відчуття безпеки для жінок і тих, хто їм допомагає."
pl_hate_speech_act_19_12_2024_n09.txt,4020,4081,"Po drugie, dostosowujemy zmiany do prawa europejskiego, m.in.","['Appeal_to_Authority', 'Appeal_to_Popularity']",['Justification'],False,True,False,False,False,False,"По-друге, ми адаптуємо зміни до європейського законодавства, зокрема"
pl_hate_speech_act_19_12_2024_n10.txt,4425,4612,"Osobne warsztaty i ćwiczenia trafią do szkół, aby wyćwiczyć w naszych dzieciach podobne przekonanie, że krytyka ideologii gender jest złem, które powinno być eliminowane ze społeczeństwa.","['Consequential_Oversimplification', 'Loaded_Language', 'Appeal_to_Fear-Prejudice']","['Justification', 'Simplification', 'Manipulative_Wording']",False,True,False,True,False,True,"Окремі семінари та вправи будуть проведені в школах, щоб виховати в наших дітях переконання, що критика гендерної ідеології – це зло, яке має бути усунене з суспільства."
pl_hate_speech_act_19_12_2024_n01.txt,7448,7481,"Nie chcę wracać do tego, co było.",['Obfuscation-Vagueness-Confusion'],['Manipulative_Wording'],False,False,False,False,False,True,"Не хочу повертатися до того, що було."
pl_defence_22_05_2024_n01.txt,2502,2529,Jaka była reakcja w Polsce?,[],[],False,False,False,False,False,False,Якою була реакція в Польщі?
pl_eu_12_06_2024_n03.txt,4826,4874,Poseł Maria Małgorzata Janyska: Panie Marszałku!,[],[],False,False,False,False,False,False,Пані Маршалку!
pl_eu_03_04_2025_n01.txt,7925,8081,"Jednocześnie warto podkreślić to, że prezydencja węgierska absolutnie ignorowała strategiczne znaczenie rozszerzenia Unii Europejskiej o Mołdawię i Ukrainę.","['Appeal_to_Hypocrisy', 'Doubt']",['Attack_on_Reputation'],True,False,False,False,False,False,"Водночас варто підкреслити, що угорське головування абсолютно ігнорувало стратегічне значення розширення Європейського Союзу на Молдову та Україну."
pl_hate_speech_act_19_12_2024_n03.txt,4514,4541,Musimy się temu sprzeciwić.,"['Conversation_Killer', 'Slogans']",['Call'],False,False,False,False,True,False,Ми повинні цьому протистояти.
pl_abortion_11_04_2024_n08.txt,8068,8156,Dziękuję. (Oklaski) (Głos z sali: Brawo!) (Poseł Krzysztof Bosak: Precz z aborcją jak z…),['Slogans'],['Call'],False,False,False,False,True,False,Дякую. (Оплески) (Голос із залу: Браво!) (Депутат Кшиштоф Босак: Геть з абортами як з…)
pl_hate_speech_act_19_12_2024_n09.txt,4934,4980,To może być atak na wielkich łódzkich twórców.,['Appeal_to_Fear-Prejudice'],['Justification'],False,True,False,False,False,False,Це може бути атака на великих лодзьких творців.
pl_hate_speech_act_19_12_2024_n09.txt,6309,6447,Koalicja 15 października dotrzymuje obietnic i zapewnia bezpieczeństwo wszystkim Polkom i Polakom. (Oklaski) (Głos z sali: 100 konkretów.),"['Flag_Waving', 'Appeal_to_Values']",['Justification'],False,True,False,False,False,False,Коаліція 15 жовтня виконує свої обіцянки та забезпечує безпеку всім полякам. (Оплески) (Голос із залу: 100 конкретних заходів.)
pl_current_affairs_09_01_2025_n02.txt,7605,7615,Przegrał.),['Repetition'],['Manipulative_Wording'],False,False,False,False,False,True,Програш.)
pl_hate_speech_act_19_12_2024_n01.txt,1361,1411,"Przypomnijmy sobie, co stanowi polska konstytucja.",['Appeal_to_Authority'],['Justification'],False,True,False,False,False,False,"Згадаймо, що становить польська конституція."
pl_abortion_11_04_2024_n03.txt,940,967,To była gra życiem kobiety.,"['Appeal_to_Values', 'Appeal_to_Fear-Prejudice']",['Justification'],False,True,False,False,False,False,Це була гра з життям жінки.
pl_abortion_11_04_2024_n12.txt,1273,1350,"Jego jedyna wina to jest to, że chce żyć, że chce się urodzić i chce przeżyć.",['Appeal_to_Pity'],['Distraction'],False,False,True,False,False,False,"Його єдиний гріх полягає в тому, що він хоче жити, що хоче народитися і хоче вижити."
pl_defence_22_05_2024_n03.txt,3342,3393,Prezes grupy zbrojeniowej mówi: może coś załatwimy.,"['Doubt', 'Appeal_to_Fear-Prejudice']","['Attack_on_Reputation', 'Justification']",True,True,False,False,False,False,"Голова збройової групи каже: можливо, щось вирішимо."
pl_eu_03_04_2025_n02.txt,3293,3330,Bardzo serdecznie dziękuję. (Oklaski),[],[],False,False,False,False,False,False,Дуже дякую. (Оплески)
pl_eu_03_04_2025_n06.txt,5288,5492,"Można na pewno powiedzieć jedno: nawet on, przywódca niby izolowany, nawet on był w stanie zorganizować szczyt, na którym zjawili się wszyscy przywódcy, a ten nasz panujący wielki Donald Tusk nie potrafi.","['Conversation_Killer', 'Name_Calling-Labeling', 'Doubt']","['Attack_on_Reputation', 'Call']",True,False,False,False,True,False,"Можна сказати напевно одне: навіть він, лідер ніби ізольований, навіть він був у стані організувати саміт, на якому з'явилися всі лідери, а цей наш правлячий великий Дональд Туск не може."
pl_defence_22_05_2024_n04.txt,4954,4982,Pani poseł Monika Pawłowska.,[],[],False,False,False,False,False,False,Пані посол Моніка Павловська.
pl_hate_speech_act_19_12_2024_n03.txt,3968,4085,"Jesteś transfobem i masz pójść siedzieć, bo szerzysz mowę nienawiści. (Oklaski) (Wypowiedź poza mikrofonem) (Dzwonek)",['Loaded_Language'],['Manipulative_Wording'],False,False,False,False,False,True,"Ти трансфоб і маєш сісти у в'язницю, бо поширюєш мову ненависті. (Оплески) (Вислів поза мікрофоном) (Дзвінок)"
pl_abortion_11_04_2024_n03.txt,11647,11754,"A dla Lewicy projekt o dekryminalizacji, który prezentowała posłanka Anna Maria Żukowska, jest priorytetem.",[],[],False,False,False,False,False,False,"А для Лівиці проєкт про декриміналізацію, який презентувала депутатка Анна Марія Жуковська, є пріоритетом."
pl_hate_speech_act_19_12_2024_n09.txt,5487,5675,"Dziś wykonujemy ważny krok w walce z mową nienawiści i przestępstwami z nienawiści, które są motywowane dyskryminacją ze względu na płeć, wiek, niepełnosprawność bądź orientację seksualną.",[],[],False,False,False,False,False,False,"Сьогодні ми робимо важливий крок у боротьбі з ненавистю та злочинами на ґрунті ненависті, які мотивовані дискримінацією за ознакою статі, віку, інвалідності або сексуальної орієнтації."
pl_abortion_11_04_2024_n11.txt,2825,2875,"Decyzji, której skutki mogą trwać dziesięciolecia.",['Appeal_to_Pity'],['Distraction'],False,False,True,False,False,False,"Рішення, наслідки якого можуть тривати десятиліття."
pl_abortion_11_04_2024_n01.txt,649,823,"Pierwsze czytanie poselskiego projektu ustawy o zmianie ustawy o planowaniu rodziny, ochronie płodu ludzkiego i warunkach dopuszczalności przerywania ciąży (druk nr 223). 13.",[],[],False,False,False,False,False,False,"Перше читання депутатського законопроекту про внесення змін до Закону про планування сім'ї, захист людського плоду та умови допустимості переривання вагітності (№ 223). 13."
pl_current_affairs_09_01_2025_n03.txt,2672,2760,"A ponieważ mamy jeszcze chwilę, to wrócę do tej listy, którą należy państwu przypomnieć.",[],[],False,False,False,False,False,False,"А оскільки у нас ще є трохи часу, то я повернуся до цього списку, який вам потрібно нагадати."
pl_eu_12_06_2024_n03.txt,196,346,"To ważna ustawa dająca gwarancję bezpiecznego, sprawnego i merytorycznego przygotowania i przeprowadzenia polskiego przewodnictwa w Unii Europejskiej.",[],[],False,False,False,False,False,False,"Це важливий закон, який забезпечує безпечне, ефективне та змістовне приготування та проведення польського головування в Європейському Союзі."
pl_hate_speech_act_19_12_2024_n03.txt,4667,4731,"Zapraszam pana posła Łukasza Schreibera, Prawo i Sprawiedliwość.",[],[],False,False,False,False,False,False,"Запрошую пана посла Лукаша Шрайбера, Право і Справедливість."
pl_abortion_11_04_2024_n08.txt,5928,5973,Oni są teraz w klubie PSL-u – Trzeciej Drogi.,[],[],False,False,False,False,False,False,Вони зараз у клубі PSL-у – Третьої Дороги.
pl_abortion_11_04_2024_n02.txt,1265,1311,A Justyna staje przed sądem i zostaje skazana.,['Appeal_to_Pity'],['Distraction'],False,False,True,False,False,False,А Юстина стає перед судом і її засуджують.
pl_statements_20_02_2025_n01.txt,872,1002,"Jeśli ktoś z pań lub panów posłów chce jeszcze się dopisać, to jest właśnie ten czas, choć mam nadzieję, że to się już nie zdarzy.",[],[],False,False,False,False,False,False,"Якщо хтось із пані чи панове депутати хоче ще дописати, то це саме той час, хоча сподіваюся, що цього вже не станеться."
pl_eu_12_06_2024_n03.txt,6770,6920,"Czy mówimy tutaj o koszcie całości, czy ta kwota może jeszcze wzrosnąć, np. na skutek niedomknięcia jeszcze wszystkich umów o organizację prezydencji?",[],[],False,False,False,False,False,False,"Чи йдеться тут про загальну вартість, чи ця сума може ще зрости, наприклад, через те, що ще не всі угоди про організацію президентства укладено?"
pl_abortion_11_04_2024_n06.txt,4819,4848,Lekarze bali się prokuratora.,['Appeal_to_Fear-Prejudice'],['Justification'],False,True,False,False,False,False,Лікарі боялися прокурора.
pl_hate_speech_act_19_12_2024_n08.txt,6048,6105,"Pokaz tego cynizmu, tej hipokryzji jest nieprawdopodobny.","['Appeal_to_Hypocrisy', 'Loaded_Language']","['Attack_on_Reputation', 'Manipulative_Wording']",True,False,False,False,False,True,"Приклад цього цинізму, цієї лицемірства є неймовірним."
pl_hate_speech_act_19_12_2024_n09.txt,2607,2799,"Realizacja międzynarodowych standardów wreszcie w zakresie ochrony przed mową nienawiści, przed przestępstwami z nienawiści, mam taką nadzieję, wpłynie skutecznie na ściganie tych przestępstw.",['Appeal_to_Popularity'],['Justification'],False,True,False,False,False,False,"Реалізація міжнародних стандартів нарешті в сфері захисту від ненависті, від злочинів на ґрунті ненависті, маю таку надію, ефективно вплине на переслідування цих злочинів."
pl_defence_07_03_2025_n04.txt,2835,2991,"W ujęciu wewnętrznym musimy także powstrzymać radykalną prawicę przed niebezpiecznymi dla Polski, dla polskiego bezpieczeństwa miękkimi sojuszami z Kremlem.","['Flag_Waving', 'Name_Calling-Labeling', 'Doubt']","['Attack_on_Reputation', 'Justification']",True,True,False,False,False,False,"У внутрішньому вимірі ми також повинні стримати радикальну праву від небезпечних для Польщі, для польської безпеки м’яких союзів з Кремлем."
pl_eu_03_04_2025_n05.txt,7463,7697,"W sposób szczególny zwrócono uwagę na luki w krytycznych zdolnościach, które powinny być usunięte na podstawie planu rozwoju tychże zdolności w ramach Unii Europejskiej, czy też na strategię na rzecz europejskiego przemysłu obronnego.",[],[],False,False,False,False,False,False,"Особливо було звернено увагу на прогалини в критичних можливостях, які необхідно усунути на основі плану розвитку цих можливостей у рамках Європейського Союзу, або на стратегію для європейської оборонної промисловості."
pl_defence_22_05_2024_n01.txt,7943,7959,A wy co robicie?,['Questioning_the_Reputation'],['Attack_on_Reputation'],True,False,False,False,False,False,Що ви робите?
pl_abortion_11_04_2024_n08.txt,511,664,"Feministki przyznają, że pomaganie w aborcjach jest ich życiową pasją i misją, a za cel obrały sobie promowanie pozytywnego przekazu dotyczącego aborcji.","['Loaded_Language', 'Questioning_the_Reputation']","['Attack_on_Reputation', 'Manipulative_Wording']",True,False,False,False,False,True,"Феміністки визнають, що допомога в абортах є їхньою життєвою пристрастю та місією, і вони поставили собі за мету просувати позитивне повідомлення про аборти."
pl_defence_22_05_2024_n02.txt,2139,2381,"Nawet Niemcy na początku 1945 r., kiedy front całkowicie im się posypał, wydali rozkaz zabraniający puszczania do walki żołnierzy poniżej 8 tygodni szkolenia, ponieważ jest to bezsensowne marnowanie ich życia bez istotnej korzyści dla wojska.",['Doubt'],['Attack_on_Reputation'],True,False,False,False,False,False,"Навіть німці на початку 1945 р., коли фронт повністю їм посипався, видали наказ, який забороняв пускати в бій солдатів, які пройшли менше 8 тижнів навчання, оскільки це було безглуздим марнуванням їхнього життя без суттєвої користі для війська."
pl_abortion_11_04_2024_n01.txt,3599,3620,Czy to jest normalne?,"['Appeal_to_Pity', 'Doubt']","['Attack_on_Reputation', 'Distraction']",True,False,True,False,False,False,Чи це нормально?
pl_defence_07_03_2025_n04.txt,4824,4963,"Wszak tylko w bieżącym roku Polska wyda na zbrojenie 190 mld – na modernizację i funkcjonowanie polskich Sił Zbrojnych, co stanowi 4,7 PKB.",[],[],False,False,False,False,False,False,"Адже лише цього року Польща витратить на озброєння 190 млрд – на модернізацію та функціонування польських Збройних сил, що становить 4,7% ВВП."
pl_abortion_11_04_2024_n01.txt,6236,6358,"Ja rozumiem, że można mieć różne opinie, światopogląd, religię wyznawaną, można być ateistą, można wyznawać różne religie.",[],[],False,False,False,False,False,False,"Я розумію, що можна мати різні думки, світогляд, релігію, можна бути атеїстом, можна сповідувати різні релігії."
pl_hate_speech_act_19_12_2024_n03.txt,7019,7061,Poseł Karolina Pawliczak: Bardzo dziękuję.,[],[],False,False,False,False,False,False,Депутат Кароліна Павлічак: Дуже дякую.
pl_abortion_11_04_2024_n06.txt,3223,3310,"Panie pośle, na podstawie art. 175 ust. 3 regulaminu Sejmu przywołuję pana do porządku.",[],[],False,False,False,False,False,False,"Пане депутате, на підставі ст. 175 ч. 3 регламенту Сейму я закликаю вас до порядку."
pl_defence_07_03_2025_n06.txt,1301,1449,"Na końcu chciałabym powiedzieć, że nie ma zgody Lewicy, mam nadzieję, że nie ma zgody nikogo na tej sali, na kapitulację Ukrainy pod dyktando Rosji.","['Conversation_Killer', 'Loaded_Language', 'Repetition']","['Call', 'Manipulative_Wording']",False,False,False,False,True,True,"Насамкінець, я хотіла б сказати, що немає згоди Лівиці, сподіваюся, що немає згоди нікого в цьому залі на капітуляцію України під диктовку Росії."
pl_defence_07_03_2025_n05.txt,2268,2332,"Zastanawiamy się, czy te obowiązki rzeczywiście będą wypełniane.",['Doubt'],['Attack_on_Reputation'],True,False,False,False,False,False,"Ми замислюємося, чи ці обов'язки дійсно будуть виконані."
pl_eu_03_04_2025_n06.txt,6679,6698,Kwestia migracyjna.,[],[],False,False,False,False,False,False,Міграційне питання.
pl_defence_07_03_2025_n07.txt,712,752,To mniej niż wydają na odsetki od długu.,['Red_Herring'],['Distraction'],False,False,True,False,False,False,"Це менше, ніж вони витрачають на відсотки за боргами."
pl_defence_07_03_2025_n06.txt,7019,7150,"Dopiero później przychodzi refleksja, że w służbie inżynieryjnej lotnictwa trzeba zatrudnić setki osób do obsługi tego wszystkiego.",['Doubt'],['Attack_on_Reputation'],True,False,False,False,False,False,"Лише пізніше приходить усвідомлення, що в інженерній службі авіації потрібно найняти сотні людей для обслуговування всього цього."
pl_defence_22_05_2024_n02.txt,1907,1953,"...do walki, musi on przejść długie szkolenie.",[],[],False,False,False,False,False,False,"...до боротьби, він повинен пройти тривале навчання."
pl_statements_20_02_2025_n02.txt,1745,1845,"Wtedy posłowie PiS próbowali wmówić Polakom, że koalicja 15 października jest przeciwko budowie CPK.","['Appeal_to_Hypocrisy', 'Loaded_Language']","['Attack_on_Reputation', 'Manipulative_Wording']",True,False,False,False,False,True,"Тоді депутати PiS намагалися переконати поляків, що коаліція 15 жовтня виступає проти будівництва CPK."
pl_hate_speech_act_19_12_2024_n07.txt,3250,3479,"Wam nie zależy na walce z mową nienawiści, tylko na cenzurze. (Dzwonek) W tej chwili trwa posiedzenie komisji kultury, gdzie wypowiadają się konserwatywni dziennikarze, którym uniemożliwiacie nawet wejście na konferencje prasowe.","['Appeal_to_Hypocrisy', 'Questioning_the_Reputation', 'Straw_Man']","['Attack_on_Reputation', 'Distraction']",True,False,True,False,False,False,"Вам не залежить на боротьбі з мовою ненависті, тільки на цензурі. (Дзвоник) Зараз триває засідання комісії культури, де виступають консервативні журналісти, яким ви перешкоджаєте навіть потрапити на прес-конференції."
pl_eu_03_04_2025_n06.txt,3654,3695,Poseł Witold Tumanowicz: Panie Marszałku!,[],[],False,False,False,False,False,False,Депутат Вітольд Тумановіч: Пане Маршалку!
pl_defence_22_05_2024_n04.txt,695,774,"Jaka jest roczna produkcja, jakie są możliwości produkcyjne tych polskich firm?",[],[],False,False,False,False,False,False,"Який річний обсяг виробництва, які виробничі можливості цих польських компаній?"
pl_statements_20_02_2025_n03.txt,123,162,Poseł Bożena Lisowska: Panie Marszałku!,[],[],False,False,False,False,False,False,Депутат Божена Лісовська: Пане Маршалку!
pl_abortion_11_04_2024_n10.txt,4048,4119,Poseł Joanna Wicha: …oddając głos za dekryminalizacją pomocy w aborcji.,[],[],False,False,False,False,False,False,Депутат Йоанна Віха: …голосуючи за декриміналізацію допомоги в аборті.
pl_eu_03_04_2025_n06.txt,880,997,"Wydaje mi się, że mało zwracamy uwagi na to, jak ważne jest to zadanie postawione przez liderów państw członkowskich.",[],[],False,False,False,False,False,False,"Мені здається, що ми мало уваги приділяємо тому, наскільки важливим є це завдання, поставлене лідерами країн-членів."
pl_defence_22_05_2024_n03.txt,3793,3863,"Bez względu na to, czy się jest z Prawa i Sprawiedliwości czy z PSL-u.",['False_Equivalence'],['Simplification'],False,False,False,True,False,False,"Незалежно від того, чи ти з PiS, чи з PSL."
pl_eu_12_06_2024_n03.txt,8197,8271,"Pan poseł utyskiwał, że prezydent nie uczestniczy w pracach nad tą ustawą.",['Loaded_Language'],['Manipulative_Wording'],False,False,False,False,False,True,"Пан депутат скаржився, що президент не бере участі в роботі над цим законом."
pl_abortion_11_04_2024_n03.txt,9033,9097,"A potem Agnieszka z Częstochowy, Dorota z Bochni i wiele innych.",[],[],False,False,False,False,False,False,"А потім Агнешка з Ченстохови, Дорота з Бохні та багато інших."
pl_eu_03_04_2025_n05.txt,3112,3143,Na szczęście wygraliśmy wybory.,[],[],False,False,False,False,False,False,"На щастя, ми виграли вибори."
pl_abortion_11_04_2024_n06.txt,3131,3221,"Proszę państwa, są takie momenty w trakcie prowadzenia obrad Sejmu, że jest trochę emocji.",[],[],False,False,False,False,False,False,"Шановні пані та панове, бувають моменти під час проведення засідань Сейму, коли виникає трохи емоцій."
pl_defence_07_03_2025_n08.txt,5266,5388,"To pan to powie europosłowi Krasnodębskiemu, który powiedział wprost, że zagrożenie jest większe z zachodu niż ze wschodu.",['Appeal_to_Hypocrisy'],['Attack_on_Reputation'],True,False,False,False,False,False,"Ось що пан скаже євродепутату Краснодебському, який прямо сказав, що загроза більша з заходу, ніж зі сходу."
pl_current_affairs_09_01_2025_n02.txt,7617,7814,"Dzisiaj generalny dyrektor ochrony środowiska de facto powtórzył te argumenty, które były argumentami niepozostawiającymi żadnych wątpliwości. (Poseł Joanna Borowiak: Dlatego przegrał pan Kurtyka.)","['Conversation_Killer', 'Appeal_to_Authority']","['Justification', 'Call']",False,True,False,False,True,False,"Сьогодні генеральний директор з охорони навколишнього середовища фактично повторив ті аргументи, які були аргументами, що не залишали жодних сумнівів. (Депутат Йоанна Боров’як: Тому пан Куртика програв.)"
pl_abortion_11_04_2024_n11.txt,6984,7091,"Poseł Grzegorz Braun: …stole laboratoryjnym, żeby dokonało swojego żywota w tak strasznych okolicznościach…","['Loaded_Language', 'Appeal_to_Pity']","['Distraction', 'Manipulative_Wording']",False,False,True,False,False,True,"Депутат Гжегож Браун: …на лабораторному столі, щоб померти за таких жахливих обставин…"
pl_eu_03_04_2025_n01.txt,61,219,"Muszę stwierdzić, że wyszedł pan poza ramy sprostowania i wygłosił jednak cały szereg swoich opinii wychodzących poza uzasadnienie, ale tego już nie cofniemy.",[],[],False,False,False,False,False,False,"Мушу констатувати, що ви вийшли за межі виправлення і виголосили все ж цілий ряд своїх думок, що виходять за межі обґрунтування, але цього вже не повернеш."
pl_hate_speech_act_19_12_2024_n10.txt,3712,3751,Poseł Agata Wojtyszek: Panie Marszałku!,[],[],False,False,False,False,False,False,Пані Маршалку!
pl_defence_22_05_2024_n03.txt,1367,1519,"Wszystkich ich bardzo gorąco pozdrawiam, dlatego że wydaje mi się, że oprócz tego, że walczą o swoje miejsca pracy, martwią się o losy Rzeczypospolitej.",['Flag_Waving'],['Justification'],False,True,False,False,False,False,"Всіх їх дуже гаряче вітаю, бо мені здається, що окрім того, що вони борються за свої робочі місця, вони хвилюються за долю Речі Посполитої."
pl_hate_speech_act_19_12_2024_n04.txt,3906,3959,Czy może zaczyna się w mediach albo na sali sejmowej?,['Repetition'],['Manipulative_Wording'],False,False,False,False,False,True,"Чи, можливо, вона починається в ЗМІ або в залі Сейму?"
pl_abortion_11_04_2024_n07.txt,4787,5025,"Jako matka trójki małych dzieci, jako kobieta, która weszła do Sejmu parę dni przed porodem i która w tej Izbie, przy was karmiła noworodka, wiem, jakim poświęceniem jest bycie matką... (Głos z sali: Brawo!) (Część posłów wstaje, oklaski)",['Appeal_to_Authority'],['Justification'],False,True,False,False,False,False,"Як мати трьох маленьких дітей, як жінка, яка увійшла до Сейму за кілька днів до пологів і яка в цій залі, перед вами, годувала новонародженого, я знаю, яким самопожертвуванням є бути матір’ю... (Голос із залу: Браво!) (Частина депутатів встає, оплески)"
pl_defence_22_05_2024_n04.txt,4898,4953,Jest pan poseł Sachajko? (Głos z sali: Nie ma.) Nie ma.,[],[],False,False,False,False,False,False,Чи ви пан Сахайко? (Голос із залу: Немає.) Немає.
pl_eu_03_04_2025_n08.txt,7573,7633,Ponieważ w połowie 2026 r. będzie można te słowa przytaczać.,[],[],False,False,False,False,False,False,Оскільки в середині 2026 року ці слова можна буде процитувати.
pl_hate_speech_act_19_12_2024_n09.txt,8251,8348,Wpłynie to na poprawę bezpieczeństwa i ochronę osób narażonych na przemoc wynikającą z uprzedzeń.,"['Consequential_Oversimplification', 'Appeal_to_Values']","['Justification', 'Simplification']",False,True,False,True,False,False,"Це сприятиме покращенню безпеки та захисту осіб, які піддаються насильству через упередження."
pl_statements_20_02_2025_n04.txt,2844,3026,"Działania wobec górnictwa wymagają rozwagi, uwzględnienia czynnika zarówno ekonomicznego, ekologicznego, jak i bardzo ważnego, społecznego, uwzględniającego sytuację gmin górniczych.",['Appeal_to_Values'],['Justification'],False,True,False,False,False,False,"Дії щодо гірничої промисловості вимагають обмірковування, врахування як економічних, так і екологічних факторів, а також дуже важливого соціального фактора, який враховує ситуацію гірничих громад."
pl_defence_07_03_2025_n04.txt,4482,4602,"Tym razem w nurcie jest również Polska, nie tak jak w 1945 r., kiedy wielcy świata w Jałcie decydowali o naszych losach.",['Red_Herring'],['Distraction'],False,False,True,False,False,False,"Цього разу Польща також у руслі, не так, як у 1945 році, коли великі світу цього в Ялті вирішували нашу долю."
pl_hate_speech_act_19_12_2024_n07.txt,248,326,"Po drugie, przestańcie wreszcie usprawiedliwiać nienawiść i przemoc wolnością.",['Doubt'],['Attack_on_Reputation'],True,False,False,False,False,False,"По-друге, припиніть нарешті виправдовувати ненависть і насильство свободою."
pl_eu_03_04_2025_n08.txt,2397,2625,"Przede wszystkim jednak pokazaliście to również, głosując w Parlamencie Europejskim przeciwko tym wartościom, jakie dzisiaj są najważniejsze, przeciwko temu, co jest celem prezydencji Polski w Unii Europejskiej – bezpieczeństwu.","['Appeal_to_Values', 'Doubt']","['Attack_on_Reputation', 'Justification']",True,True,False,False,False,False,"Насамперед, однак, ви показали це також, проголосувавши в Європейському парламенті проти тих цінностей, які сьогодні є найважливішими, проти того, що є метою головування Польщі в Європейському Союзі – безпеки."
pl_statements_20_02_2025_n04.txt,6102,6325,"Nie zgadzam się i oczekuję na odstąpienie od destrukcyjnych działań wymierzonych w muzeum i Fundację Lux Veritatis, co umożliwi nam i przyszłym pokoleniom Polaków czerpanie z bogatego dziedzictwa największego z Polaków: św.","['Loaded_Language', 'Flag_Waving']","['Justification', 'Manipulative_Wording']",False,True,False,False,False,True,"Я не згоден і чекаю на відмову від руйнівних дій, спрямованих проти музею та Фонду Lux Veritatis, що дозволить нам і майбутнім поколінням поляків черпати з багатого спадку найбільшого поляка: св."
pl_abortion_11_04_2024_n13.txt,4152,4301,"Poseł Tadeusz Woźniak: Ustawa o Rzeczniku Praw Dziecka mówi wyraźnie, że dzieckiem jest każda istota ludzka od poczęcia do osiągnięcia pełnoletności.",['Appeal_to_Authority'],['Justification'],False,True,False,False,False,False,"Депутат Тадеуш Возняк: Закон про Уповноваженого з прав дитини чітко стверджує, що дитиною є кожна людська істота від зачаття до досягнення повноліття."
pl_abortion_11_04_2024_n05.txt,9620,9679,Tylko kobieta i lekarz powinni decydować o przebiegu ciąży.,"['Conversation_Killer', 'False_Dilemma-No_Choice']","['Simplification', 'Call']",False,False,False,True,True,False,Тільки жінка і лікар повинні вирішувати про перебіг вагітності.
pl_abortion_11_04_2024_n07.txt,1393,1439,"Są wykorzystywane, traktowane instrumentalnie.",['Questioning_the_Reputation'],['Attack_on_Reputation'],True,False,False,False,False,False,"Їх використовують, ставляться до них як до інструменту."
pl_statements_20_02_2025_n04.txt,6927,6985,"Taka sytuacja jest bez precedensu, ale my się nie poddamy.",[],[],False,False,False,False,False,False,"Така ситуація є безпрецедентною, але ми не здамося."
pl_statements_20_02_2025_n03.txt,5956,5989,Poczta Polska istnieje od 1558 r.,['Red_Herring'],['Distraction'],False,False,True,False,False,False,Пошта Польщі існує з 1558 року.
pl_defence_22_05_2024_n02.txt,10057,10097,Przywróćcie honor polskiemu żołnierzowi.,"['Flag_Waving', 'Appeal_to_Values']",['Justification'],False,True,False,False,False,False,Поверніть честь польському солдату.
pl_defence_07_03_2025_n06.txt,2636,3093,"Przede wszystkim trzeba podkreślić, że jeżeli debata jest prowadzona w sytuacji nadzwyczajnej, a bez wątpienia świat wszedł w nadzwyczajną sytuację polityczną, wszyscy widzimy, że ulegają transformacji warunki współpracy międzynarodowej, współpracy obronnej, interesy konkretnych państw, a nawet bloków państw, że definiowane są na nowo, to uważam, że premier powinien być z nami na sali, a nie wyjść od razu po swoim wystąpieniu do mediów i już nie wrócić.","['Appeal_to_Values', 'Doubt']","['Attack_on_Reputation', 'Justification']",True,True,False,False,False,False,"Насамперед треба підкреслити, що якщо дебати ведуться в надзвичайній ситуації, а без сумніву світ увійшов у надзвичайну політичну ситуацію, всі бачимо, що зазнають трансформації умови міжнародної співпраці, оборонної співпраці, інтереси конкретних держав, а навіть блоків держав, що визначаються знову, то вважаю, що прем'єр-міністр повинен бути з нами в залі, а не вийти одразу після свого виступу до ЗМІ і вже не повернутися."
pl_defence_22_05_2024_n03.txt,2104,2288,"Ona pyta się prezesa Polskiej Grupy Zbrojeniowej, którego państwo powołaliście – uważam, że to jest nieporozumienie, ale to jest moje zdanie na ten temat – kiedy dostanie dokumentację.",['Doubt'],['Attack_on_Reputation'],True,False,False,False,False,False,"Вона запитує президента Польської групи озброєнь, кого ви призначили – я вважаю, що це непорозуміння, але це моя думка з цього приводу – коли отримає документацію."
pl_defence_07_03_2025_n08.txt,3950,4036,"Co zrobiliście choćby w sprawie Smoleńska i wyjaśnienia tego, czemu winien jest Putin?","['Whataboutism', 'Doubt']","['Attack_on_Reputation', 'Distraction']",True,False,True,False,False,False,"Що ви зробили хоча б у справі Смоленська та з’ясування того, чому в цьому винен Путін?"
pl_eu_12_06_2024_n03.txt,2504,2810,"Natomiast mnie najbardziej interesuje to, co będzie treścią naszej prezydencji, to, jakie będą priorytety, jakie będą najważniejsze cele polityczne, ponieważ każda prezydencja, każdy kraj, który ją sprawuje, wykorzystuje ten czas do tego, aby narzucać pewną agendę, która jest w interesie własnego państwa.","['Flag_Waving', 'Repetition']","['Justification', 'Manipulative_Wording']",False,True,False,False,False,True,"Проте мене найбільше цікавить, чим буде зміст нашого головування, які будуть пріоритети, які будуть найважливіші політичні цілі, оскільки кожне головування, кожна країна, яка його здійснює, використовує цей час, щоб нав’язувати певний порядок денний, який відповідає інтересам власної держави."
pl_eu_12_06_2024_n02.txt,297,380,Zapraszam panią poseł Annę Gembicką z Klubu Parlamentarnego Prawo i Sprawiedliwość.,[],[],False,False,False,False,False,False,Запрошую пані посол Анну Гембіцьку з Парламентського клубу «Право і Справедливість».
pl_eu_03_04_2025_n02.txt,2647,2910,"Myślę, że bardzo wyraźnie cieniem kładzie się wizyta pana premiera Orbána w Rosji, ale także absolutne blokowanie tych rzeczy, które są strategiczne z punktu widzenia Unii, tj. pomocy Ukrainie, czy tych elementów współpracy, szczególnie w polityce obronnościowej.",['Loaded_Language'],['Manipulative_Wording'],False,False,False,False,False,True,"Думаю, що дуже чітко тінь кидає візит пана прем'єр-міністра Орбана до Росії, але також абсолютне блокування тих речей, які є стратегічними з точки зору Союзу, тобто допомоги Україні, чи тих елементів співпраці, особливо в оборонній політиці."
pl_eu_12_06_2024_n04.txt,8969,9073,"Jeżeli chodzi o cele prezydencji, czyli drugi obszar, o którym mówiłem, to jest to temat na inną debatę.",[],[],False,False,False,False,False,False,"Якщо говорити про цілі президентства, тобто про другий аспект, про який я згадував, то це тема для іншої дискусії."
pl_eu_03_04_2025_n03.txt,6364,6466,"(Poseł Witold Zembaczyński: Widać, że ktoś tu za dużo na słońcu przebywał.) Węgry miały swoje 5 minut.","['Obfuscation-Vagueness-Confusion', 'Questioning_the_Reputation']","['Attack_on_Reputation', 'Manipulative_Wording']",True,False,False,False,False,True,"(Депутат Вітольд Зембачинський: Видно, що хтось тут занадто довго перебував на сонці.) Угорщина мала свої 5 хвилин."
pl_eu_12_06_2024_n02.txt,398,468,"Pan poseł Zbigniew Bogucki, Klub Parlamentarny Prawo i Sprawiedliwość.",[],[],False,False,False,False,False,False,"Пане депутате Збігнєве Богуцький, Парламентський клуб Право і Справедливість."
pl_abortion_11_04_2024_n14.txt,3899,3972,Ale nieetyczne i złe są również przepisy całkowicie zabraniające aborcji.,"['Appeal_to_Values', 'Repetition']","['Justification', 'Manipulative_Wording']",False,True,False,False,False,True,"Але неморальні та погані також є положення, які повністю забороняють аборти."
pl_statements_20_02_2025_n03.txt,2582,2655,Była ona kontynuatorką Służby Zwycięstwu Polski i Związku Walki Zbrojnej.,[],[],False,False,False,False,False,False,Вона була продовжувачкою справи Служби Перемоги Польщі та Союзу Збройної Боротьби.
pl_abortion_11_04_2024_n07.txt,5686,5708,Zapraszam raz jeszcze.,[],[],False,False,False,False,False,False,Запрошую ще раз.
pl_defence_22_05_2024_n01.txt,3494,3606,"A więc trzeba za to wszystko przeprosić i potem realizować program Prawa i Sprawiedliwości, bo to dobry program.","['Slogans', 'False_Dilemma-No_Choice']","['Simplification', 'Call']",False,False,False,True,True,False,"Отже, потрібно вибачитися за все це, а потім реалізувати програму Права і Справедливості, бо це хороша програма."
pl_abortion_11_04_2024_n07.txt,8413,8433,Jak będzie brzmiało?,['Questioning_the_Reputation'],['Attack_on_Reputation'],True,False,False,False,False,False,Як це звучатиме?
pl_abortion_11_04_2024_n11.txt,795,883,"To drogocenna czara, którą życie dało ci do ochrony i rozpalenia w niej twórczego ognia.","['Loaded_Language', 'Appeal_to_Values']","['Justification', 'Manipulative_Wording']",False,True,False,False,False,True,"Це дорогоцінна чаша, яку життя дало тобі для захисту та розпалювання в ній творчого вогню."
pl_eu_03_04_2025_n04.txt,848,957,"Chciałbym, żebyście państwo też kibicowali panu ministrowi Szłapce, żebyście go trochę mobilizowali do pracy.",[],[],False,False,False,False,False,False,"Хотів би, щоб ви також вболівали за пана міністра Шлапку, щоб трохи його мобілізували до роботи."
pl_abortion_11_04_2024_n01.txt,4580,4658,"My się cofamy w wieki, w których rzeczywiście kobiety nie miały żadnej pomocy.","['Guilt_by_Association', 'Repetition']","['Attack_on_Reputation', 'Manipulative_Wording']",True,False,False,False,False,True,"Ми повертаємося в часи, коли жінки насправді не мали жодної допомоги."
pl_hate_speech_act_19_12_2024_n08.txt,3750,3816,"Wicemarszałek Włodzimierz Czarzasty: Dziękuję bardzo, panie pośle.",[],[],False,False,False,False,False,False,"Віцемаршалок Влодзімеж Чарзастий: Дуже дякую, пане депутате."
pl_abortion_11_04_2024_n04.txt,5474,5599,"Mam nadzieję, że to się zaraz rozpocznie, bo kobiety w naszym kraju potrzebują dostępu do bezpłatnej antykoncepcji. (Oklaski)",[],[],False,False,False,False,False,False,"Сподіваюся, що це почнеться зараз, бо жінки в нашій країні потребують доступу до безкоштовної контрацепції. (Оплески)"
pl_eu_03_04_2025_n05.txt,7698,8026,"Złożono też wniosek dotyczący programu na rzecz europejskiego przemysłu obronnego, który powinien być przyjęty do połowy 2025 r., a materializuje się w postaci m.in. białej księgi, o której być może będziemy mieli okazję porozmawiać jutro w trakcie posiedzenia komisji obrony z udziałem komisarza do spraw obrony pana Kubiliusa.",[],[],False,False,False,False,False,False,"Також було подано заявку на програму підтримки європейської оборонної промисловості, яка має бути прийнята до середини 2025 року, і буде реалізована, зокрема, у вигляді білої книги, про яку, можливо, ми матимемо можливість поговорити завтра під час засідання комісії з питань оборони за участю комісара з питань оборони пана Кубіліуса."
pl_defence_07_03_2025_n03.txt,3515,3563,Wicemarszałek Piotr Zgorzelski: Bardzo dziękuję.,[],[],False,False,False,False,False,False,Віцемаршалок Пьотр Згожельський: Дуже дякую.
pl_abortion_11_04_2024_n12.txt,5697,5718,Co my wam zrobiłyśmy?,"['Flag_Waving', 'Straw_Man']","['Justification', 'Distraction']",False,True,True,False,False,False,Що ми вам зробили?
pl_abortion_11_04_2024_n11.txt,7718,7890,"Zapraszam pana posła Roberta Gontarza, Prawo i Sprawiedliwość. (Poseł Grzegorz Braun: Proszę dopisać do protokołu: Wykazał mój kolega ekspert, że konstytucji nie zmienicie.)",['Appeal_to_Authority'],['Justification'],False,True,False,False,False,False,"Запрошую пана посла Роберта Гонтарза, Право і Справедливість. (Посол Гжегож Браун: Прошу додати до протоколу: Мій колега-експерт показав, що ви не зміните Конституцію.)"
pl_abortion_11_04_2024_n09.txt,2918,2979,Cywilizacja śmierci króluje wśród obecnej koalicji rządzącej.,"['Loaded_Language', 'Slogans', 'Obfuscation-Vagueness-Confusion']","['Call', 'Manipulative_Wording']",False,False,False,False,True,True,Цивілізація смерті панує серед нинішньої правлячої коаліції.
pl_defence_22_05_2024_n02.txt,7069,7238,"Przypomnę, iż mamy cztery dywizje operacyjne, z których każda, według uśrednionych wskaźników taktycznych, prowadzi działania obronne w pasie 50 km i na głębokość 25 km.",[],[],False,False,False,False,False,False,"Нагадаю, що у нас є чотири оперативні дивізії, кожна з яких, згідно з усередненими тактичними показниками, веде оборонні дії на смузі 50 км і на глибину 25 км."
pl_abortion_11_04_2024_n12.txt,3742,4201,"Bo takie prawo nie zmusza nikogo do dokonania aborcji, ale daje możliwość kobietom, które chcą z niej skorzystać. (Oklaski) Kobieta, której sumienie czy wiara nie pozwala dokonać aborcji, nigdy tego nie zrobi bez względu na okoliczności, a kobieta, która chce dokonać terminacji, i tak to zrobi, ale będzie musiała szukać pomocy u organizacji, które taką pomoc niosą im na co dzień, na które kobiety mogą liczyć. (Poseł Tadeusz Woźniak: To przestępstwo jest.)","['Conversation_Killer', 'False_Dilemma-No_Choice', 'Straw_Man']","['Distraction', 'Simplification', 'Call']",False,False,True,True,True,False,"Бо такий закон не змушує нікого до вчинення аборту, але дає можливість жінкам, які хочуть ним скористатися. (Оплески) Жінка, чиє сумління чи віра не дозволяє зробити аборт, ніколи цього не зробить незалежно від обставин, а жінка, яка хоче зробити переривання вагітності, так і зробить, але буде змушена шукати допомоги в організацій, які надають таку допомогу щодня, на які жінки можуть розраховувати. (Депутат Тадеуш Возняк: Це злочин.)"
pl_defence_07_03_2025_n04.txt,2699,2720,On nie miłuje pokoju.,"['Questioning_the_Reputation', 'Repetition', 'Appeal_to_Fear-Prejudice']","['Attack_on_Reputation', 'Justification', 'Manipulative_Wording']",True,True,False,False,False,True,Він не любить миру.
pl_defence_22_05_2024_n02.txt,5563,5672,"Przypomnę, poziom strategiczny to wykorzystanie w wysiłku obronnym całego państwa, a nie tylko Sił Zbrojnych.",[],[],False,False,False,False,False,False,"Нагадаю, стратегічний рівень – це використання в оборонних зусиллях усієї держави, а не лише Збройних сил."
pl_eu_12_06_2024_n04.txt,10059,10097,Proszę państwa o przyjęcie tej ustawy.,[],[],False,False,False,False,False,False,"Шановні пані та панове, прошу вас прийняти цей закон."
pl_hate_speech_act_19_12_2024_n03.txt,2949,3061,"To pojęcie nie jest obecne w żadnej z umów międzynarodowych, które wiążą Polskę, a w tym projekcie pada 30 razy.",['Straw_Man'],['Distraction'],False,False,True,False,False,False,"Це поняття відсутнє в жодній з міжнародних угод, які зобов'язують Польщу, а в цьому проекті воно згадується 30 разів."
pl_abortion_11_04_2024_n04.txt,7201,7430,"Dlatego też jako klub Polska 2050, uważając naszą propozycję za najskuteczniejszą, w duchu wartości i wzajemnej troski o nasze obywatelki i obywateli jutro w Sejmie, nie dzisiaj, zagłosujemy za każdym z zaproponowanych projektów.",['Appeal_to_Values'],['Justification'],False,True,False,False,False,False,"Тому, як клуб Polska 2050, вважаючи нашу пропозицію найефективнішою, в дусі цінностей та взаємної турботи про наших громадянок і громадян завтра в Сеймі, не сьогодні, ми проголосуємо за кожен з запропонованих проєктів."
pl_eu_03_04_2025_n07.txt,1724,1770,Rzucacie frazesami i obietnicami bez pokrycia.,['Appeal_to_Hypocrisy'],['Attack_on_Reputation'],True,False,False,False,False,False,Кидаєте фразами та обіцянками без підстав.
pl_defence_07_03_2025_n08.txt,635,678,"Proszę państwa, powiem tak: król jest nagi.","['Slogans', 'Questioning_the_Reputation']","['Attack_on_Reputation', 'Call']",True,False,False,False,True,False,"Шановні пані та панове, я скажу так: король голий."
pl_abortion_11_04_2024_n11.txt,5556,5674,"Poseł Grzegorz Braun: Szczęść Boże wszystkim, którzy dzisiaj tutaj, w Wysokiej Izbie, także na galerii, także przy ul.",[],[],False,False,False,False,False,False,"Депутат Гжегож Браун: Нехай Бог благословить усіх, хто сьогодні тут, у Високому Домі, також на галереї, також на вул."
pl_abortion_11_04_2024_n04.txt,981,1082,"Dzięki dostępności aborcji farmakologicznej można wcześniej, a tym samym bezpieczniej przerwać ciążę.",['Consequential_Oversimplification'],['Simplification'],False,False,False,True,False,False,"Завдяки доступності фармакологічної аборту можна раніше, а отже, безпечніше перервати вагітність."
pl_defence_22_05_2024_n03.txt,1049,1164,"Pragnę posłużyć się tutaj paroma szczegółami, dlatego że to mówienie: to jedni, to drudzy niczego nowego nie wnosi.",['Conversation_Killer'],['Call'],False,False,False,False,True,False,"Хочу скористатися кількома деталями, бо це говоріння: одні, інші – нічого нового не вносить."
pl_abortion_11_04_2024_n10.txt,262,372,Poseł Agnieszka Wojciechowska van Heukelom: Ale „niewiasta” to jest bardzo eleganckie staropolskie określenie.,[],[],False,False,False,False,False,False,Депутат Агнешка Войцеховська ван Гекелом: Але «невиста» – це дуже елегантне старопольське визначення.
pl_hate_speech_act_19_12_2024_n08.txt,7636,7694,Pod rządami kato-PiS-u zaliczyliśmy dno pięć razy z rzędu.,"['Loaded_Language', 'Name_Calling-Labeling', 'Doubt']","['Attack_on_Reputation', 'Manipulative_Wording']",True,False,False,False,False,True,За правління като-ПіС ми досягли дна п'ять разів поспіль.
pl_eu_03_04_2025_n04.txt,2107,2153,To jest sukces i to jest efekt pańskiej pracy.,['Questioning_the_Reputation'],['Attack_on_Reputation'],True,False,False,False,False,False,"Це успіх, і це результат вашої праці."
pl_defence_07_03_2025_n05.txt,4674,4724,Słyszeliśmy dzisiaj od pana premiera o pożyczkach.,[],[],False,False,False,False,False,False,Ми сьогодні чули від пана прем'єр-міністра про позики.
pl_abortion_11_04_2024_n07.txt,6279,6369,"Instytut podkreśla, że projekt Nowej Lewicy urąga wszelkim zasadom prawidłowej legislacji.","['Loaded_Language', 'Appeal_to_Authority', 'Appeal_to_Values']","['Justification', 'Manipulative_Wording']",False,True,False,False,False,True,"Інститут наголошує, що проєкт Нової Лівиці суперечить усім принципам правильного законодавства."
pl_eu_03_04_2025_n02.txt,1331,1440,Ustanawia on wspólny system powrotu obywateli państw trzecich przebywających nielegalnie w Unii Europejskiej.,[],[],False,False,False,False,False,False,"Він встановлює спільну систему повернення громадян третіх країн, які незаконно перебувають у Європейському Союзі."
pl_abortion_11_04_2024_n13.txt,5045,5231,"Prawo do aborcji nie oznacza nakazu, a wyłącznie wybór bezpieczeństwa, wybór odpowiedzialności za własne życie i zdrowie, jest także szansą na godne traktowanie w sytuacjach kryzysowych.",['Obfuscation-Vagueness-Confusion'],['Manipulative_Wording'],False,False,False,False,False,True,"Право на аборт не означає наказу, а лише вибір безпеки, вибір відповідальності за власне життя та здоров'я, це також шанс на гідне ставлення в кризових ситуаціях."
pl_eu_03_04_2025_n06.txt,7831,7986,"Do tej pory byliście zainteresowani wyłącznie rozdawaniem sprzętu, a nie zrobiliście nic wielkiego w zakresie zwiększenia zdolności polskich sił obronnych.",['Doubt'],['Attack_on_Reputation'],True,False,False,False,False,False,"До цього часу ви були зацікавлені лише в роздачі обладнання, але не зробили нічого великого для підвищення можливостей польських збройних сил."
pl_hate_speech_act_19_12_2024_n10.txt,4827,4896,"Wicemarszałek Włodzimierz Czarzasty: Dziękuję serdecznie, pani poseł.",[],[],False,False,False,False,False,False,"Віцемаршалок Влодзімеж Чарзастий: Щиро дякую, пані депутатко."
pl_hate_speech_act_19_12_2024_n04.txt,4564,4914,"Ile razy wy, którzy z tej mównicy mówicie o cenzurze, doświadczacie takich właśnie krytycznych komentarzy? (Oklaski) Ile razy pod waszymi postami pojawiają się odniesienia do waszej niepełnosprawności intelektualnej, do waszego wyglądu, do tego, co piszecie, do waszego poziomu intelektualnego, jakieś asocjacje związane z waszą orientacją seksualną?",['Appeal_to_Hypocrisy'],['Attack_on_Reputation'],True,False,False,False,False,False,"Скільки разів ви, які говорите з цієї трибуни про цензуру, відчуваєте такі критичні коментарі? (Оплески) Скільки разів під вашими постами з'являються посилання на вашу інтелектуальну неповносправність, на ваш вигляд, на те, що ви пишете, на ваш інтелектуальний рівень, якісь асоціації, пов'язані з вашою сексуальною орієнтацією?"
pl_defence_22_05_2024_n03.txt,2856,2875,"Panowie, za 3 lata?",['Doubt'],['Attack_on_Reputation'],True,False,False,False,False,False,"Панове, за 3 роки?"
pl_current_affairs_09_01_2025_n02.txt,7221,7281,Uzasadnienie tej decyzji nie pozostawia żadnych wątpliwości.,['Conversation_Killer'],['Call'],False,False,False,False,True,False,Обґрунтування цього рішення не залишає жодних сумнівів.
pl_abortion_11_04_2024_n14.txt,4709,4814,"Bo słyszę głosy specjalistów – i tych w garniturach, i tych w togach, i tych w sutannach – że się nie da.","['Doubt', 'Repetition']","['Attack_on_Reputation', 'Manipulative_Wording']",True,False,False,False,False,True,"Бо чую голоси фахівців – і тих у костюмах, і тих у мантіях, і тих у сутанах – що це неможливо."
pl_abortion_11_04_2024_n01.txt,455,551,Pierwsze czytanie poselskiego projektu ustawy o zmianie ustawy – Kodeks karny (druk nr 176). 11.,[],[],False,False,False,False,False,False,Перше читання депутатського законопроекту про внесення змін до Закону – Кримінального кодексу (№ 176). 11.
pl_defence_22_05_2024_n02.txt,5673,5735,Nierozwiązywalnym od lat problemem są zasoby osobowe w wojsku.,[],[],False,False,False,False,False,False,Нерозв'язною проблемою протягом багатьох років є людські ресурси в армії.
pl_defence_07_03_2025_n05.txt,4725,5068,"Fajnie się pożycza, tylko że kiedyś trzeba będzie te pieniądze oddać, dlatego zdaniem Lewicy to nie powinny być pożyczki, tylko to powinny być specjalne fundusze o charakterze Funduszu Spójności, które powinny być wykorzystywane tak samo, jak są wykorzystywane fundusze spójności, czyli tam, gdzie są potrzebne, w konkretnym miejscu w Europie.",[],[],False,False,False,False,False,False,"Чудово позичати, але колись доведеться ці гроші повернути, тому, на думку Лівиці, це не повинні бути позики, а спеціальні фонди, схожі на Фонд згуртованості, які слід використовувати так само, як використовуються фонди згуртованості, тобто там, де вони потрібні, у конкретному місці в Європі."
pl_abortion_11_04_2024_n11.txt,7562,7658,"Mój kolega wykazał… (Wicemarszałek wyłącza mikrofon, poseł przemawia przy wyłączonym mikrofonie)",[],[],False,False,False,False,False,False,"Мій колега показав… (Віце-маршалок вимикає мікрофон, депутат говорить з вимкненим мікрофоном)"
pl_eu_03_04_2025_n06.txt,8310,8406,"Jak wam się nie chce rządzić, to podajcie się do misji, oddajcie władzę, rozpiszcie nowe wybory.",['Questioning_the_Reputation'],['Attack_on_Reputation'],True,False,False,False,False,False,"Якщо вам не хочеться керувати, то подайтеся до місії, віддайте владу, розпишіть нові вибори."
pl_eu_03_04_2025_n03.txt,8435,8487,"Rozumiem, że cieszymy się wspólnie, że to się udało.",[],[],False,False,False,False,False,False,"Розумію, що ми разом радіємо, що це вдалося."
pl_defence_07_03_2025_n06.txt,5058,5131,"Powiedział, że jest zgoda i, jak rozumiemy, poparcie rządu dla eurodługu.","['Name_Calling-Labeling', 'Doubt', 'Repetition']","['Attack_on_Reputation', 'Manipulative_Wording']",True,False,False,False,False,True,"Він сказав, що є згода і, як ми розуміємо, підтримка уряду для євроборгу."
pl_abortion_11_04_2024_n13.txt,629,674,"Nas, parlamentarzystów, nie wybierają księża.","['Exaggeration-Minimisation', 'Repetition']",['Manipulative_Wording'],False,False,False,False,False,True,"Нас, парламентаріїв, не обирають священики."
pl_hate_speech_act_19_12_2024_n08.txt,7695,7837,"W tęczowym rankingu jesteśmy na ostatnim miejscu w Unii Europejskiej. (Głos z sali: Panie marszałku, czy mógłby pan zwrócić uwagę pani poseł?)",['Doubt'],['Attack_on_Reputation'],True,False,False,False,False,False,"У веселому рейтингу ми на останньому місці в Європейському Союзі. (Голос з залу: Пане маршале, чи не могли б ви звернути увагу пані депутатці?)"
pl_eu_03_04_2025_n08.txt,4177,4236,"Tylko żeby faktycznie to trwało tyle czasu, ile go zostało.",[],[],False,False,False,False,False,False,"Тільки щоб це насправді тривало стільки часу, скільки йому залишилося."
pl_abortion_11_04_2024_n03.txt,1023,1066,Paulina opowiedziała swoją historię mediom.,[],[],False,False,False,False,False,False,Поліна розповіла свою історію ЗМІ.
pl_current_affairs_09_01_2025_n01.txt,485,572,Marszałek Sejmu może wyrazić zgodę na wydłużenie czasu odpowiedzi na pytanie dodatkowe.,[],[],False,False,False,False,False,False,Маршалок Сейму може дати згоду на продовження часу відповіді на додаткове питання.
pl_statements_20_02_2025_n03.txt,2540,2581,Władysław Sikorski powołał Armię Krajową.,[],[],False,False,False,False,False,False,Владислав Сікорський створив Армію Крайову.
pl_defence_07_03_2025_n06.txt,4796,4818,O szczycie w Londynie?,['Doubt'],['Attack_on_Reputation'],True,False,False,False,False,False,Про вершину в Лондоні?
pl_defence_07_03_2025_n01.txt,6826,6857,Nie może być zgody na NATO-bis.,"['Conversation_Killer', 'Slogans']",['Call'],False,False,False,False,True,False,Не може бути згоди на НАТО-біс.
pl_defence_07_03_2025_n01.txt,7163,7324,"Może z wyjątkiem Niemiec, gdzie ze względu na oczywistą kompromitację niemieckiego nacjonalizmu te wydatki są trudniejsze do przyjęcia dla ich opinii publicznej.",['Questioning_the_Reputation'],['Attack_on_Reputation'],True,False,False,False,False,False,"Можливо, за винятком Німеччини, де через очевидну дискредитацію німецького націоналізму ці витрати важче сприйняти для їхньої громадськості."
pl_eu_12_06_2024_n01.txt,5550,5812,"W art. 15 ust. 2 projektu przewidziano, że zamawiający może unieważnić postępowanie wszczęte przed wejściem w życie ustawy, jeżeli udzielenie zamówienia z wyłączeniem Prawa zamówień publicznych jest uzasadnione względami organizacyjnymi związanymi z prezydencją.",[],[],False,False,False,False,False,False,"У ст. 15 ч. 2 проєкту передбачено, що замовник може скасувати процедуру, розпочату до набрання чинності закону, якщо укладення договору без застосування Закону про публічні закупівлі є обґрунтованим з організаційних причин, пов’язаних з головуванням."
pl_hate_speech_act_19_12_2024_n03.txt,6317,6397,On podczas debaty w Izbie Gmin powiedział kiedyś: Wszyscy są za wolnością słowa…,"['Appeal_to_Authority', 'Repetition']","['Justification', 'Manipulative_Wording']",False,True,False,False,False,True,Він під час дебатів у Палаті громад колись сказав: Усі виступають за свободу слова…
pl_hate_speech_act_19_12_2024_n08.txt,1447,1514,Chciałem serdecznie przywitać osoby z liceum ogólnokształcącego im.,[],[],False,False,False,False,False,False,Хотів би щиро привітати людей з загальноосвітньої школи ім.
pl_abortion_11_04_2024_n06.txt,7927,8064,"Ta debata, szanowni państwo, nie jest o waszych sumieniach, jest o nas, o kobietach, o naszym zdrowiu, o naszym życiu, o naszej godności.",['Flag_Waving'],['Justification'],False,True,False,False,False,False,"Ця дискусія, шановні пані та панове, не стосується вашого сумління, а нас, жінок, нашого здоров'я, нашого життя, нашої гідності."
pl_current_affairs_09_01_2025_n02.txt,5996,6191,"Partia Zielonych, do której należy zielona pani wiceminister, otrąbiła sukces w swoich mediach społecznościowych, ukazując zniweczenie budowy stopnia wodnego w Siarzewie jako swój ogromny sukces.","['Loaded_Language', 'Questioning_the_Reputation']","['Attack_on_Reputation', 'Manipulative_Wording']",True,False,False,False,False,True,"Партія Зелених, до якої належить зелена пані віце-міністр, оголосила про успіх у своїх соціальних мережах, показавши знищення будівництва шлюзу в Сіаржеві як свій величезний успіх."
pl_eu_12_06_2024_n02.txt,3481,3555,Pan poseł Mariusz Krystian z Klubu Parlamentarnego Prawo i Sprawiedliwość.,[],[],False,False,False,False,False,False,Пане посол Маріуш Кшистіан з Парламентського клубу «Право і Справедливість».
pl_eu_03_04_2025_n03.txt,7230,7314,"I tak można też powiedzieć o polskiej aktywności w trakcie tej prezydencji, wie pan.",['Doubt'],['Attack_on_Reputation'],True,False,False,False,False,False,"Ось так само можна сказати про польську активність під час цього головування, пане."
pl_hate_speech_act_19_12_2024_n04.txt,3259,3405,"Mowa nienawiści i to (Dzwonek), że osoby te czuły się tak totalnie bezbronne wobec siły państwa polskiego, to doprowadzało do kryzysów i zabójstw.","['Loaded_Language', 'Appeal_to_Pity', 'Appeal_to_Fear-Prejudice']","['Justification', 'Distraction', 'Manipulative_Wording']",False,True,True,False,False,True,"Мова ненависті і те, що ці люди відчували себе так абсолютно беззахисними перед силою польської держави, це призводило до криз і вбивств."
pl_defence_22_05_2024_n04.txt,4984,5146,"Panie pośle, będzie pan uprzejmy się dopisać, bo nie ma jednego pana posła, więc zrobiło się miejsce. (Poseł Sławomir Ćwik: Dziękuję.) Zapraszam bardzo uprzejmie.",[],[],False,False,False,False,False,False,"Пане посланцю, чи не могли б ви записатися, бо немає одного посланця, тому з'явилося місце. (Посланець Славомір Цвік: Дякую.) Дуже прошу."
pl_eu_12_06_2024_n02.txt,6926,7021,Nie ma ważniejszej rzeczy dla polskiej gospodarki niż reforma unijnego systemu handlu emisjami.,"['Conversation_Killer', 'Flag_Waving']","['Justification', 'Call']",False,True,False,False,True,False,"Немає важливішої речі для польської економіки, ніж реформа європейської системи торгівлі викидами."
pl_defence_07_03_2025_n08.txt,3096,3131,Otóż wróg główny jest na wschodzie.,['Appeal_to_Fear-Prejudice'],['Justification'],False,True,False,False,False,False,"Отже, головний ворог знаходиться на сході."
pl_abortion_11_04_2024_n06.txt,806,847,One po prostu stają się mniej bezpieczne.,['Appeal_to_Fear-Prejudice'],['Justification'],False,True,False,False,False,False,Вони просто стають менш безпечними.
pl_hate_speech_act_19_12_2024_n01.txt,5937,6252,"Proszę zauważyć, że w przypadku wszystkich tych przestępstw, choć występują przesłanki przynależności narodowej, etnicznej, rasowej, wyznaniowej lub także bezwyznaniowości, to brakuje przesłanek, które wydawałyby się oczywiste i które nie powinny być chyba przez nikogo o zdrowych zmysłach kwestionowane, np. wieku.","['Loaded_Language', 'Obfuscation-Vagueness-Confusion']",['Manipulative_Wording'],False,False,False,False,False,True,"Зверніть увагу, що у всіх цих випадках, хоча є ознаки національної, етнічної, расової, релігійної або навіть нерелігійної приналежності, бракує ознак, які здаються очевидними і які, мабуть, не повинні бути поставлені під сумнів жодною людиною з ясним розумом, наприклад, віку."
pl_abortion_11_04_2024_n14.txt,6572,6685,"A tych, którzy nie chcą brać udziału w tym tzw. świadczeniu, ukarze się odebraniem finansowania ich działalności.",['Doubt'],['Attack_on_Reputation'],True,False,False,False,False,False,"А тих, хто не хоче брати участь у цьому так званому наданні, буде покарано позбавленням фінансування їхньої діяльності."
pl_defence_07_03_2025_n02.txt,1942,2041,"Idźcie swoją drogą, służąc jedynie Polsce, miłując tylko Polskę i nienawidząc tych, co służą obcym.","['Flag_Waving', 'Appeal_to_Authority']",['Justification'],False,True,False,False,False,False,"Ідіть своєю дорогою, служачи лише Польщі, люблячи лише Польщу і ненавидячи тих, хто служить чужим."
pl_defence_07_03_2025_n08.txt,861,900,Zaczęło się patrzenie na sprawę wprost.,['Repetition'],['Manipulative_Wording'],False,False,False,False,False,True,Почалося пряме розглядання справи.
pl_eu_03_04_2025_n06.txt,5945,6057,"To, co jeszcze z tej uchwały bije po oczach, to to, że jest tak jak przy lekturze programu polskiej prezydencji.","['Loaded_Language', 'Repetition']",['Manipulative_Wording'],False,False,False,False,False,True,"Те, що ще впадає в очі в цьому рішенні, це те, що воно таке ж, як і при читанні програми польського президентства."
pl_abortion_11_04_2024_n14.txt,7008,7149,"Bardzo dziękuję pani Bosak za dzisiejsze wystąpienie, bo przywraca ono wiarę w człowieka i wiarę w to, że dobro zwycięży również na tej sali.",['Slogans'],['Call'],False,False,False,False,True,False,"Дуже дякую пані Босак за сьогоднішнє звернення, бо воно повертає віру в людину і віру в те, що добро переможе також у цьому залі."
pl_defence_22_05_2024_n01.txt,2621,2643,"Nie, wręcz przeciwnie.",['Doubt'],['Attack_on_Reputation'],True,False,False,False,False,False,"Ні, навпаки."
pl_abortion_11_04_2024_n06.txt,4976,5067,"Większość z nich robi to w domach: zamawia tabletki przez stronę internetową, płaci za nie.",[],[],False,False,False,False,False,False,"Більшість з них робить це вдома: замовляє таблетки через вебсайт, платить за них."
pl_eu_12_06_2024_n02.txt,5627,5816,"Chciałem się zapytać, czy te korekty są konsultowane z Kancelarią Prezydenta, bo jak pamiętamy, pozycja prezydenta w ramach polskiego przewodnictwa w Radzie Unii Europejskiej jest kluczowa.",['Doubt'],['Attack_on_Reputation'],True,False,False,False,False,False,"Хотів запитати, чи ці поправки узгоджуються з Офісом Президента, бо, як ми пам'ятаємо, позиція президента в рамках польського головування в Раді Європейського Союзу є ключовою."
pl_defence_22_05_2024_n03.txt,55,90,"Pan poseł Marek Jakubiak, Kukiz’15.",[],[],False,False,False,False,False,False,"Пан посол Марек Якуб'як, Kukiz'15."
pl_defence_07_03_2025_n04.txt,7530,7597,"Europa musi wspierać Ukrainę, aby umocnić jej pozycję negocjacyjną.",['Conversation_Killer'],['Call'],False,False,False,False,True,False,"Європа повинна підтримувати Україну, щоб зміцнити її переговорну позицію."
pl_defence_22_05_2024_n01.txt,4478,4548,Już są te rakiety o zasięgu do 300 km na wyposażeniu Wojska Polskiego.,[],[],False,False,False,False,False,False,Вже є ці ракети з дальністю до 300 км на озброєнні Війська Польського.
pl_abortion_11_04_2024_n10.txt,1522,1642,"Bo każda kobieta ma prawo decydowania o własnym ciele i przyszłości, niezależnie od okoliczności, w jakich się znajduje.",['Appeal_to_Values'],['Justification'],False,True,False,False,False,False,"Бо кожна жінка має право вирішувати за своє тіло та майбутнє, незалежно від обставин, у яких вона перебуває."
pl_defence_07_03_2025_n07.txt,7335,7440,"Nie zgodzę się z opinią, którą wygłosił pan marszałek Bosak, że rozmawiamy tutaj zbyt dużo o pieniądzach.",['Whataboutism'],['Distraction'],False,False,True,False,False,False,"Я не згоден з думкою, яку висловив пан маршалок Босак, що ми тут занадто багато говоримо про гроші."
pl_defence_22_05_2024_n01.txt,10505,10562,Bardzo mocno chciałbym podkreślić sprawę obrony cywilnej.,[],[],False,False,False,False,False,False,Дуже хочу підкреслити питання цивільної оборони.
pl_eu_03_04_2025_n08.txt,949,1062,"I kiedy będzie sytuacja, że trzeba będzie im pomóc, jestem przekonany, że wszyscy Polacy staną po stronie Węgier.",[],[],False,False,False,False,False,False,"І коли настане ситуація, що потрібно буде їм допомогти, я переконаний, що всі поляки стануть на бік угорців."
pl_abortion_11_04_2024_n10.txt,2932,3049,"Proszę państwa, czy wyobrażacie sobie w takiej sytuacji nie dać swojemu dziecku pieniędzy na zabieg przerwania ciąży?",[],[],False,False,False,False,False,False,"Шановні пані та панове, чи можете ви уявити собі в такій ситуації не дати своїй дитині гроші на аборт?"
pl_abortion_11_04_2024_n03.txt,9833,9921,Tylko w ciągu ostatnich 3 lat aborcje z Aborcją bez Granic miało 132 tys. osób z Polski.,['Appeal_to_Popularity'],['Justification'],False,True,False,False,False,False,Лише за останні 3 роки аборти з Aborcją bez Granic мали 132 тис. осіб з Польщі.
pl_eu_12_06_2024_n04.txt,8569,8819,"Jeżeli chodzi o rekompensaty za nadgodziny, które pan poruszył, o to, że powinniśmy to zwracać i przede wszystkim stwarzać możliwość odebrania… Gdyby funkcjonariusze w przyszłym roku odbierali godziny, a nie rekompensaty, to nie byłoby ich w służbie.",['Obfuscation-Vagueness-Confusion'],['Manipulative_Wording'],False,False,False,False,False,True,"Щодо компенсацій за понаднормові години, які ви згадали, що ми повинні їх повертати і насамперед створювати можливість їх отримати… Якби працівники наступного року отримували години, а не компенсації, їх не було б на службі."
pl_defence_22_05_2024_n01.txt,6514,6536,(Głos z sali: Właśnie.,[],[],False,False,False,False,False,False,(Голос із залу: Саме так.
pl_defence_22_05_2024_n02.txt,4753,4869,"Nasze Siły Zbrojne pod kątem liczby rezerw, liczby czołgów czy też liczby sprzętu są najsłabsze od 80 lat. (Oklaski)",['Doubt'],['Attack_on_Reputation'],True,False,False,False,False,False,"Наші Збройні Сили з точки зору кількості резервів, кількості танків або кількості техніки є найслабшими за останні 80 років. (Оплески)"
pl_hate_speech_act_19_12_2024_n08.txt,8351,8399,Dlaczego walka z mową nienawiści jest tak ważna?,[],[],False,False,False,False,False,False,Чому боротьба з мовою ненависті така важлива?
pl_hate_speech_act_19_12_2024_n02.txt,3131,3147,Drogie Posłanki!,[],[],False,False,False,False,False,False,Дорогі Послині!
pl_hate_speech_act_19_12_2024_n04.txt,2903,3018,"Te groźby, ta mowa nienawiści, ta realna przemoc doprowadzały do tragedii, niszczyły zdrowie psychiczne i fizyczne.","['Loaded_Language', 'Appeal_to_Pity', 'Appeal_to_Fear-Prejudice']","['Justification', 'Distraction', 'Manipulative_Wording']",False,True,True,False,False,True,"Ці погрози, ця мова ненависті, це реальне насильство призвели до трагедії, руйнували психічне та фізичне здоров'я."
pl_abortion_11_04_2024_n10.txt,921,942,Serdecznie zapraszam.,[],[],False,False,False,False,False,False,Щиро запрошую.
pl_statements_20_02_2025_n04.txt,2416,2513,Tam też zawarto konkretne daty odchodzenia od węgla i wygaszania funkcjonowania kolejnych kopalń.,[],[],False,False,False,False,False,False,Там також містяться конкретні дати відмови від вугілля та припинення роботи наступних шахт.
pl_abortion_11_04_2024_n02.txt,5236,5373,"Dobrze wiecie, że gdyby nie masowe protesty w 2020 r., gdyby nie to, że kobiety wyszły na ulice, nie byłoby tego rządu, który teraz mamy.",['Causal_Oversimplification'],['Simplification'],False,False,False,True,False,False,"Ви добре знаєте, що якби не масові протести у 2020 році, якби не те, що жінки вийшли на вулиці, не було б того уряду, який ми маємо зараз."
pl_hate_speech_act_19_12_2024_n01.txt,5703,5936,"Mówimy tu o trzech przestępstwach, które są przedmiotem dyskusji: dyskryminacji z art. 119, propagowaniu nazizmu, komunizmu lub innego ustroju z art. 256 Kodeksu karnego i napaści z powodu ksenofobii i innych okoliczności z art. 257.",['Obfuscation-Vagueness-Confusion'],['Manipulative_Wording'],False,False,False,False,False,True,"Ми говоримо про три злочини, які є предметом обговорення: дискримінація за статтею 119, пропаганда нацизму, комунізму або іншого ладу за статтею 256 Кримінального кодексу та напад через ксенофобію та інші обставини за статтею 257."
pl_eu_03_04_2025_n01.txt,6379,6486,Doprowadziliśmy do pełnej operacjonalizacji unijnych zespołów szybkiego reagowania na zagrożenia hybrydowe.,[],[],False,False,False,False,False,False,Ми досягли повної оперативної готовності європейських команд швидкого реагування на гібридні загрози.
pl_abortion_11_04_2024_n04.txt,516,572,"Jestem jedną z nich i myślę, że nie jestem tu dziś sama.",['Flag_Waving'],['Justification'],False,True,False,False,False,False,"Я одна з них, і думаю, що сьогодні я не одна тут."
pl_hate_speech_act_19_12_2024_n07.txt,3085,3144,Czy dewastowanie kościołów to też nie jest mowa nienawiści?,"['Appeal_to_Hypocrisy', 'Loaded_Language']","['Attack_on_Reputation', 'Manipulative_Wording']",True,False,False,False,False,True,Чи руйнування церков теж не є мовою ненависті?
pl_eu_03_04_2025_n02.txt,182,331,"Węgry nie podjęły inicjatyw, które wspierałyby państwa członkowskie takie jak Polska, zmagające się z wykorzystaniem np. instrumentalizacji migracji.",['Doubt'],['Attack_on_Reputation'],True,False,False,False,False,False,"Угорщина не ініціювала заходів, які б підтримували держави-члени, такі як Польща, які стикаються з використанням, наприклад, інструменталізації міграції."
pl_hate_speech_act_19_12_2024_n02.txt,3763,4042,"Hejt jest oparty na emocjach, niechęci, uprzedzeniach, stereotypach, ale możemy z nim walczyć poprzez edukację opartą na włączaniu, a nie wykluczaniu ze wspólnoty, na empatii i trosce, ciekawości drugiego człowieka poprzez zwykłą społeczną uważność, ale także poprzez reagowanie.",[],[],False,False,False,False,False,False,"Ненависть базується на емоціях, неприязні, упередженнях, стереотипах, але ми можемо боротися з нею через освіту, засновану на включенні, а не виключенні з громади, на емпатії та турботі, цікавості до іншої людини через звичайну соціальну уважність, але також через реагування."
pl_defence_07_03_2025_n08.txt,7758,7823,"Jeżeli chodzi o tę pierwszą grupę państw, ich już dzisiaj nie ma.",[],[],False,False,False,False,False,False,"Якщо йдеться про першу групу країн, їх вже сьогодні немає."
pl_eu_03_04_2025_n02.txt,5951,6044,"Po drugie, warto podkreślić porozumienie ministrów rolnictwa w sprawie WPR na lata 2028–2034.",[],[],False,False,False,False,False,False,"По-друге, варто підкреслити домовленість міністрів сільського господарства щодо СПП на 2028–2034 роки."
pl_defence_07_03_2025_n08.txt,7251,7267,I tu się zgodzę.,[],[],False,False,False,False,False,False,Я з цим згоден.
pl_eu_12_06_2024_n03.txt,4670,4727,Pytanie: Czy Polska też będzie to wstrzymywała? (Oklaski),[],[],False,False,False,False,False,False,Питання: Чи Польща також буде це стримувати? (Оплески)
pl_statements_20_02_2025_n02.txt,4315,4393,"Zapraszam, pani poseł. (Poseł Lidia Czechak: Pani Wioletty nie ma.) A, nie ma.",[],[],False,False,False,False,False,False,"Запрошую, пані посол. (Посол Лідія Чехак: Пані Віолетти немає.) А, немає."
pl_eu_12_06_2024_n04.txt,2930,3131,"Jeden dotyczy przygotowania polskiej prezydencji, zapewnienia jej bezpieczeństwa, a drugi – celów, które będziemy chcieli osiągnąć poprzez to ważne wydarzenie i nasze przewodnictwo w Unii Europejskiej.",[],[],False,False,False,False,False,False,"Один стосується підготовки польського головування, забезпечення його безпеки, а інший – цілей, яких ми хочемо досягти завдяки цій важливій події та нашому головуванню в Європейському Союзі."
pl_abortion_11_04_2024_n06.txt,7061,7180,"Ale to nie na was powinna ciążyć odpowiedzialność za zdrowie i życie kobiet, ale właśnie na państwie polskim. (Oklaski)",['Flag_Waving'],['Justification'],False,True,False,False,False,False,"Але відповідальність за здоров'я та життя жінок має лежати на польській державі, а не на вас. (Оплески)"
pl_eu_12_06_2024_n01.txt,8700,8717,Szanowni państwo…,[],[],False,False,False,False,False,False,Шановні пані та панове…
pl_defence_22_05_2024_n02.txt,1564,1625,My niewiele mniej wydaliśmy na laptopy+ dla czwartoklasistów.,"['Causal_Oversimplification', 'Red_Herring']","['Distraction', 'Simplification']",False,False,True,True,False,False,Ми трохи менше витратили на ноутбуки для учнів четвертого класу.
pl_defence_22_05_2024_n02.txt,7442,7590,"Musimy drastycznie bardziej nasycić przestrzeń Polski wojskiem, ale do tego należy zmienić system ilościowy i jakościowy wojsk obrony terytorialnej.","['Doubt', 'Repetition']","['Attack_on_Reputation', 'Manipulative_Wording']",True,False,False,False,False,True,"Ми повинні значно більше наситити простір Польщі військами, але для цього необхідно змінити кількісну та якісну систему військ територіальної оборони."
pl_abortion_11_04_2024_n11.txt,5230,5428,"Poseł Aleksandra Leo: Dlatego apeluję do wszystkich koalicyjnych ugrupowań, aby jutro zagłosować tak, aby wszystkie cztery projekty złożone w Sejmie przeszły do drugiego czytania, do prac w komisji.",[],[],False,False,False,False,False,False,"Депутат Олександра Лео: Тому я закликаю всі коаліційні фракції проголосувати завтра так, щоб усі чотири проєкти, подані до Сейму, перейшли до другого читання, до роботи в комісії."
pl_defence_22_05_2024_n04.txt,8867,8917,Poseł Michał Gramatyka: Czcigodny Panie Marszałku!,[],[],False,False,False,False,False,False,Депутат Міхал Граматика: Шановний пане Маршалку!
pl_current_affairs_09_01_2025_n02.txt,11439,11632,"…czy przeciwsuszowej tylko zbiorników suchych, przeciwpowodziowych – pan minister odpowiedzialny za gospodarkę wodną powiedział: psu na budę zbiorniki i zapowiedział, że nie będzie ich budował.","['Loaded_Language', 'Questioning_the_Reputation']","['Attack_on_Reputation', 'Manipulative_Wording']",True,False,False,False,False,True,"…чи протиповеневих лише резервуарів сухих, протипаводкових – пан міністр, відповідальний за управління водними ресурсами, сказав: собаці будка, резервуари і пообіцяв, що не буде їх будувати."
pl_hate_speech_act_19_12_2024_n01.txt,8824,8904,"Stąd propozycja, która na etapie prac rządowych spotkała się z ogromną aprobatą.",['Appeal_to_Popularity'],['Justification'],False,True,False,False,False,False,"Звідси пропозиція, яка на етапі урядової роботи зустріла величезну підтримку."
pl_eu_12_06_2024_n02.txt,5256,5314,"Gdy Rosja napadała pełnoskalowo na Ukrainę, było podobnie.",['Questioning_the_Reputation'],['Attack_on_Reputation'],True,False,False,False,False,False,"Коли Росія здійснила повномасштабне вторгнення в Україну, було так само."
pl_hate_speech_act_19_12_2024_n10.txt,1470,1517,"Pani poseł Dorota Łoboda, Koalicja Obywatelska.",[],[],False,False,False,False,False,False,"Пані посол Дорота Лобода, Коаліція Громадянська."
pl_abortion_11_04_2024_n07.txt,2358,2566,"To nie oni będą chodzić do kliniki aborcyjnej, to nie oni będą żyć w poczuciu winy i z wyrzutami sumienia, to nie oni będą czuć ból i krwawić, ponosząc wszelkie ryzyka medyczne związane z procedurą aborcyjną.",['Repetition'],['Manipulative_Wording'],False,False,False,False,False,True,"Це не вони ходитимуть до клініки абортів, це не вони житимуть з почуттям провини та докорами сумління, це не вони відчуватимуть біль і кровоточитимуть, зазнаючи всіх медичних ризиків, пов’язаних з процедурою аборту."
pl_statements_20_02_2025_n04.txt,7970,8060,"Trzeba być człowiekiem pozbawionym wszelkich uczuć ludzkich, żeby w ten sposób postępować.",['Appeal_to_Values'],['Justification'],False,True,False,False,False,False,"Треба бути людиною, позбавленою будь-яких людських почуттів, щоб так чинити."
pl_current_affairs_09_01_2025_n02.txt,2667,2712,Szczególny wpływ widzimy na żłobki publiczne.,[],[],False,False,False,False,False,False,Особливий вплив ми бачимо на державні ясла.
pl_hate_speech_act_19_12_2024_n08.txt,114,154,Poseł Sylwia Bielawska: Panie Marszałku!,[],[],False,False,False,False,False,False,Пані Маршалку!
pl_eu_03_04_2025_n02.txt,1725,1864,"Myślę, że opublikowane przedwczoraj przez Komisję Europejską zmiany legislacyjne idą dokładnie w tym kierunku, tak jak Polska to postuluje.",[],[],False,False,False,False,False,False,"Думаю, що законодавчі зміни, опубліковані Європейською Комісією позавчора, йдуть саме в цьому напрямку, як і вимагає Польща."
pl_eu_12_06_2024_n03.txt,3317,3367,"Pan poseł Paweł Jabłoński, Prawo i Sprawiedliwość.",[],[],False,False,False,False,False,False,"Пане посол Павел Яблонський, Право і Справедливість."
pl_hate_speech_act_19_12_2024_n07.txt,7403,7616,"Faworyzowanie jednej grupy społecznej może prowadzić do nierówności wobec innych, co podważa samą ideę równości, a równość musi być nie tylko zasadą, lecz także praktyką, która buduje społeczne zaufanie i jedność.",['Appeal_to_Values'],['Justification'],False,True,False,False,False,False,"Фаворизування однієї соціальної групи може призвести до нерівності щодо інших, що ставить під сумнів саму ідею рівності, а рівність має бути не лише принципом, але й практикою, яка будує соціальну довіру та єдність."
pl_defence_07_03_2025_n07.txt,2815,3059,"Jak takie kraje jak Hiszpania, Włochy, które nie potrafią sobie dać rady z napływem migrantów, mają dużo większy problem niż ich poczucie zagrożenia ze strony Rosji, bardziej boją się problemów migracyjnych, mają skupić się na pomaganiu Polsce?","['Consequential_Oversimplification', 'Doubt', 'Repetition']","['Attack_on_Reputation', 'Simplification', 'Manipulative_Wording']",True,False,False,True,False,True,"Як такі країни, як Іспанія та Італія, які не можуть впоратися з напливом мігрантів, мають набагато більшу проблему, ніж їхнє відчуття загрози з боку Росії, більше бояться міграційних проблем, мають зосередитися на допомозі Польщі?"
pl_defence_22_05_2024_n03.txt,3657,3792,"Więc kurczę, ja naprawdę nie obciążam dzisiejszej władzy, bo wiem, że to biurokracja swoje robi, ale może trzeba walnąć pięścią w stół?",['Loaded_Language'],['Manipulative_Wording'],False,False,False,False,False,True,"Отже, курча, я насправді не звинувачую нинішню владу, бо знаю, що бюрократія робить свою справу, але, можливо, варто вдарити кулаком по столу?"
pl_abortion_11_04_2024_n05.txt,3732,3880,"Czy na opowiedzeniu o tym, czym jest wolność wyboru i świadome rodzicielstwo, czy może o hipokryzji, o zamykaniu oczu i udawaniu, że aborcji nie ma?",['Appeal_to_Values'],['Justification'],False,True,False,False,False,False,"Чи йдеться про те, що таке свобода вибору та свідоме батьківство, чи, можливо, про лицемірство, про заплющування очей і вдавання, що абортів не існує?"
pl_hate_speech_act_19_12_2024_n10.txt,2033,2238,"Ataki fizyczne, rzucanie kamieniami, butelkami i racami w uczestniczki i uczestników Marszu Równości w Białymstoku pokazały, że państwo było bezradne wobec mowy nienawiści, która przerodziła się w agresję.",['Appeal_to_Fear-Prejudice'],['Justification'],False,True,False,False,False,False,"Фізичні напади, кидання каміння, пляшок та фаєрів в учасниць і учасників Маршу Рівності в Білостоці показали, що держава була безпорадною перед мовою ненависті, яка переросла в агресію."
pl_current_affairs_09_01_2025_n02.txt,6552,6590,"Co z: tak dla Siarzewa, pani minister?",[],[],False,False,False,False,False,False,"Що з цього приводу, пані міністр?"
pl_defence_22_05_2024_n04.txt,8681,8741,W jakim stopniu tak naprawdę nasz kraj jest zagrożony wojną?,['Appeal_to_Fear-Prejudice'],['Justification'],False,True,False,False,False,False,Наскільки насправді наша країна перебуває під загрозою війни?
pl_hate_speech_act_19_12_2024_n04.txt,5682,5805,"Jak mają sobie z tym radzić ludzie, którzy nie mają tak mocnej psychiki jak wy, posłanki, posłowie, senatorki, senatorowie?",['Appeal_to_Pity'],['Distraction'],False,False,True,False,False,False,"Як мають з цим справлятися люди, які не мають такої міцної психіки, як ви, народні депутатки, народні депутати, сенаторки, сенатори?"
pl_defence_07_03_2025_n01.txt,6186,6213,Co z fabryką K2 w Poznaniu?,['Doubt'],['Attack_on_Reputation'],True,False,False,False,False,False,Що з фабрикою K2 в Познані?
pl_defence_07_03_2025_n05.txt,1778,1804,"Koniec świata, jaki znamy.","['Exaggeration-Minimisation', 'Slogans']","['Call', 'Manipulative_Wording']",False,False,False,False,True,True,"Кінець світу, який ми знаємо."
pl_defence_22_05_2024_n03.txt,6535,6616,Poseł Marcin Ociepa: …gdzie oddajemy szacunek żołnierzom obrońcom naszych granic.,[],[],False,False,False,False,False,False,"Депутат Марцін Оцеп: …де ми віддаємо шану солдатам, які захищають наші кордони."
pl_statements_20_02_2025_n02.txt,0,75,Wicemarszałek Monika Wielichowska: Jeszcze nie tak szybko będzie: dobranoc.,[],[],False,False,False,False,False,False,Віцемаршалок Моніка Веліховська: Ще не так швидко буде: на добраніч.
pl_hate_speech_act_19_12_2024_n03.txt,6033,6142,Cytuję: Nie ma ustawowych uprawnień do dokonywania subsumpcji ustalonych zachowań pod określone normy prawne.,['Appeal_to_Hypocrisy'],['Attack_on_Reputation'],True,False,False,False,False,False,Цитую: Немає законних повноважень для здійснення subsumpcji встановлених моделей поведінки під певні правові норми.
pl_defence_22_05_2024_n02.txt,9638,9766,"Żołnierze zawodowi, funkcjonariusze służb nie mogą legalnie posiadać broni, chodzić i z niej strzelać. (Oklaski) To jest absurd.",['Conversation_Killer'],['Call'],False,False,False,False,True,False,"Професійні військові, працівники служб не можуть законно володіти зброєю, ходити та стріляти з неї. (Оплески) Це абсурд."
pl_eu_03_04_2025_n03.txt,3183,3341,"Być może mógłbym prosić w imieniu komisji, aby w trakcie odpowiedzi podczas tej dzisiejszej dyskusji pan minister był uprzejmy na to pytanie też odpowiedzieć.",[],[],False,False,False,False,False,False,"Можливо, я міг би попросити від імені комісії, щоб під час відповіді під час цієї сьогоднішньої дискусії пан міністр також відповів на це питання."
pl_eu_03_04_2025_n07.txt,2620,2663,"To jest wstyd, a nie polski rząd. (Oklaski)",['Name_Calling-Labeling'],['Attack_on_Reputation'],True,False,False,False,False,False,"Це ганьба, а не польський уряд. (Оплески)"
pl_current_affairs_09_01_2025_n03.txt,766,872,"Przecież pani jest przewodniczącą Zielonych, więc zakładam, że pani się jakoś z tego za chwilę wytłumaczy.",['Appeal_to_Hypocrisy'],['Attack_on_Reputation'],True,False,False,False,False,False,"Адже ви голова Зелених, тому припускаю, що ви незабаром поясните це."
pl_current_affairs_09_01_2025_n02.txt,9098,9438,"Na podstawie informacji znajdujących się w raporcie nie można było wykluczyć w żaden sposób, że to przedsięwzięcie nie będzie znacząco negatywnie oddziaływać na obszary Natura 2000 typu Włocławska Dolina Wisły, Nieszawska Dolina Wisły, Dolina Dolnej Wisły, Dolny Dunajec, Dorzecze Górnego Sanu, Wisłoka z dopływami, rezerwat przyrody Kulin.",['Appeal_to_Values'],['Justification'],False,True,False,False,False,False,"На основі інформації, що міститься в звіті, не можна було жодним чином виключити, що цей проєкт не матиме значного негативного впливу на території Natura 2000 типу Влоцлавська Долина Вісли, Нешавська Долина Вісли, Долина Нижньої Вісли, Нижній Дунаєць, Басейн Верхнього Сану, Віслока з притоками, заповідник природи Кулін."
pl_hate_speech_act_19_12_2024_n03.txt,5803,5990,"Zwróciłem się, Wysoka Izbo, z interpelacją do ministra Bodnara, by zapytać, co by powiedział o hasłach, które padały na Campusie Polska: Je… – tutaj przekleństwo – was, PiS-owskie śmieci.","['Appeal_to_Hypocrisy', 'Loaded_Language']","['Attack_on_Reputation', 'Manipulative_Wording']",True,False,False,False,False,True,"Звернувся, Висока Палато, з інтерпеляцією до міністра Боднара, щоб запитати, що він сказав би про гасла, які лунали на Campusie Polska: Je… – тут лайка – вас, PiS-івське сміття."
pl_hate_speech_act_19_12_2024_n09.txt,4239,4329,W 2016 r. rozpoznano np. 59 skarg związanych z dyskryminacją na tle orientacji seksualnej.,[],[],False,False,False,False,False,False,"У 2016 році, наприклад, було зареєстровано 59 скарг, пов’язаних з дискримінацією за ознакою сексуальної орієнтації."
pl_current_affairs_09_01_2025_n02.txt,9990,10122,Wasz własny minister klimatu i środowiska w 2021 r. wam o tym powiedział i odmówił wydania decyzji o środowiskowych uwarunkowaniach.,['Appeal_to_Authority'],['Justification'],False,True,False,False,False,False,Ваш власний міністр клімату та навколишнього середовища у 2021 році сказав вам про це і відмовився видати рішення про екологічні умови.
pl_eu_03_04_2025_n03.txt,1404,1573,"Nasz kraj również stale zabiegał o utrzymanie silnego i jednoznacznego wsparcia politycznego i wojskowego dla Ukrainy, w tym z Europejskiego Instrumentu na rzecz Pokoju.",['Flag_Waving'],['Justification'],False,True,False,False,False,False,"Наша країна також постійно добивалася збереження сильної та однозначної політичної та військової підтримки України, зокрема з Європейського інструменту миру."
pl_current_affairs_09_01_2025_n02.txt,5519,5590,"Miało być pięknie, ale przyszła koalicja 13 grudnia i wszystko zepsuła.","['Loaded_Language', 'Name_Calling-Labeling', 'Guilt_by_Association']","['Attack_on_Reputation', 'Manipulative_Wording']",True,False,False,False,False,True,"Малося бути красиво, але прийшла коаліція 13 грудня і все зіпсувала."
pl_eu_03_04_2025_n01.txt,2339,2387,"Warto podkreślić to, co jest istotą prezydencji.",[],[],False,False,False,False,False,False,"Варто підкреслити те, що є суттю президентства."
pl_eu_03_04_2025_n08.txt,1464,1531,Bardzo krótko uzupełnię wypowiedzi moich wielce szanownych kolegów.,[],[],False,False,False,False,False,False,Дуже коротко доповню виступи моїх вельмишановних колег.
pl_hate_speech_act_19_12_2024_n02.txt,3040,3100,Minister do Spraw Równości Katarzyna Kotula: Pani Marszałek!,[],[],False,False,False,False,False,False,Міністр у справах рівності Катажина Котула: Пані Маршалку!
pl_current_affairs_09_01_2025_n01.txt,7100,7256,"Rodzic nie podał żłobkowi swojego lub dziecka numeru PESEL, pomimo że został on mu nadany, co powoduje konieczność przeprowadzenia dodatkowego postępowania.",[],[],False,False,False,False,False,False,"Батько не надав дитячому садку номера PESEL своєї дитини, хоча він був їй присвоєний, що вимагає проведення додаткового розгляду."
pl_abortion_11_04_2024_n03.txt,11408,11437,"Rozmawiajmy, tak jak mówicie.",['Slogans'],['Call'],False,False,False,False,True,False,"Говорімо, як ви говорите."
pl_defence_22_05_2024_n04.txt,9029,9148,"Heroiczna obrona Ukrainy przed rosyjską agresją pokazuje, jak ważne w XXI w. jest prowadzenie wojny w cyberprzestrzeni.",['Loaded_Language'],['Manipulative_Wording'],False,False,False,False,False,True,"Героїчна оборона України від російської агресії показує, наскільки важливим у XXI столітті є ведення війни в кіберпросторі."
pl_statements_20_02_2025_n01.txt,2858,2893,"Proszę państwa, jaką mamy sytuację?",[],[],False,False,False,False,False,False,"Шановні пані та панове, яка у нас ситуація?"
pl_abortion_11_04_2024_n07.txt,6617,6720,Posłowie tego ugrupowania jako pierwsi złożyli w Sejmie projekt ustawy mającej gwarantować takie prawo.,[],[],False,False,False,False,False,False,"Депутати цієї групи першими подали до Сейму проєкт закону, який має гарантувати таке право."
pl_hate_speech_act_19_12_2024_n01.txt,5285,5474,"Nie bez przyczyny od lat podnoszona jest nie w formie apelu, ale w formie bicia na alarm konieczność zmiany polskiego kodeksu i rozszerzenia przesłanek przestępstw motywowanych nienawiścią.",[],[],False,False,False,False,False,False,"Не без причини вже багато років піднімається, але не у формі заклику, а у формі попередження, необхідність зміни польського кодексу та розширення підстав для злочинів, мотивованих ненавистю."
pl_defence_22_05_2024_n02.txt,6590,6610,Czy Polska ma 5 lat?,['Appeal_to_Time'],['Call'],False,False,False,False,True,False,Чи Польща має 5 років?
pl_statements_20_02_2025_n02.txt,2632,2690,"Zapraszam pana posła Pawła Sałka, Prawo i Sprawiedliwości.",[],[],False,False,False,False,False,False,"Запрошую пана посла Павла Салька, Право і Справедливість."
pl_abortion_11_04_2024_n05.txt,430,584,"W ciągu ostatnich kilku tygodni była… (Poseł Wanda Nowicka: 30 lat.) Oczywiście, kilku lat. (Głosy z sali: Kilkudziesięciu.) (Poseł Wanda Nowicka: Od 31.)",[],[],False,False,False,False,False,False,"Протягом останніх кількох тижнів було… (Депутат Ванда Новіцька: 30 років.) Звичайно, кілька років. (Голоси з залу: Кілька десятків.) (Депутат Ванда Новіцька: Від 31.)"
pl_hate_speech_act_19_12_2024_n10.txt,628,703,"Wystarczy spojrzeć na kraje, gdzie takie totalitarne prawo już funkcjonuje.",['Loaded_Language'],['Manipulative_Wording'],False,False,False,False,False,True,"Достатньо подивитися на країни, де таке тоталітарне право вже функціонує."
pl_eu_03_04_2025_n03.txt,1823,1977,Podjęte zostały również decyzje o wzmocnieniu polityki spójności w kontekście konkurencyjności i budowania odporności krajów i regionów Unii Europejskiej.,[],[],False,False,False,False,False,False,Також були прийняті рішення щодо зміцнення політики згуртованості в контексті конкурентоспроможності та побудови стійкості країн і регіонів Європейського Союзу.
pl_defence_07_03_2025_n08.txt,7942,8106,"To potwierdzają bezprecedensowe, bardzo stanowcze pakiety sankcji, które udało nam się wspólnie na poziomie Unii Europejskiej uchwalić. (Głos z sali: Nam się udało.",['Loaded_Language'],['Manipulative_Wording'],False,False,False,False,False,True,"Це підтверджують безпрецедентні, дуже рішучі пакети санкцій, які нам вдалося спільно ухвалити на рівні Європейського Союзу. (Голос із залу: Нам вдалося.)"
pl_statements_20_02_2025_n02.txt,76,186,"Przed nami jeszcze 26 wystąpień, a wśród nich oświadczenie pana posła Krystiana Łuczaka, Koalicja Obywatelska.",[],[],False,False,False,False,False,False,"Перед нами ще 26 виступів, серед яких заява пана депутата Кшиштофа Лучака, Громадянська коаліція."
pl_hate_speech_act_19_12_2024_n10.txt,6082,6208,"Panie pośle Matecki, panu, jak raczył pan zaznaczyć, nie przeszkadza, że jest pan łysy i gruby, ma pan pewnie też grubą skórę.",['Loaded_Language'],['Manipulative_Wording'],False,False,False,False,False,True,"Пане посланцю Матецький, вам, як ви зазначили, не заважає те, що ви лисий і товстий, у вас, мабуть, теж товста шкіра."
pl_eu_03_04_2025_n05.txt,3461,3666,"Z perspektywy naszego kraju, ale też Unii Europejskiej, okres prezydencji mimo pierwotnie wysokich oczekiwań i ambitnych zapowiedzi okazuje się w gruncie rzeczy bardzo trudnym czasem dla Unii Europejskiej.",[],[],False,False,False,False,False,False,"З точки зору нашої країни, а також Європейського Союзу, період президентства, незважаючи на спочатку високі очікування та амбітні заяви, насправді виявляється дуже складним часом для Європейського Союзу."
pl_current_affairs_09_01_2025_n02.txt,8429,8651,"W oparciu o informacje zawarte w raporcie nie można było wskazać, który wariant jest najkorzystniejszy dla środowiska i czy istnieją w ogóle przesłanki wyboru innego wariantu niż ten wskazany do realizacji przez inwestora.",[],[],False,False,False,False,False,False,"Ґрунтуючись на інформації, що міститься в звіті, неможливо було вказати, який варіант є найбільш вигідним для навколишнього середовища, і чи існують взагалі підстави для вибору іншого варіанту, ніж той, який інвестор вказав для реалізації."
pl_current_affairs_09_01_2025_n02.txt,454,607,"Według doniesień medialnych duża grupa rodziców, która złożyła wnioski w roku ubiegłym, jeszcze świadczeń w ramach tych trzech komponentów nie otrzymała.",['Doubt'],['Attack_on_Reputation'],True,False,False,False,False,False,"Згідно з повідомленнями ЗМІ, велика група батьків, які подали заявки минулого року, ще не отримала виплат за цими трьома компонентами."
pl_hate_speech_act_19_12_2024_n01.txt,8094,8356,"Konsekwencją zaistnienia przestępstwa motywowanego nienawiścią, uprzedzeniami, dyskryminacją jest to, że te przejawy, takie jak agresja, groźby, przemoc, przenoszą się na zupełnie inne osoby tylko, podkreślam, dlatego że posiadają jakąś konkretną osobistą cechę.","['Obfuscation-Vagueness-Confusion', 'Appeal_to_Fear-Prejudice']","['Justification', 'Manipulative_Wording']",False,True,False,False,False,True,"Наслідком вчинення злочину, мотивованого ненавистю, упередженнями, дискримінацією, є те, що ці прояви, такі як агресія, погрози, насильство, переносяться на зовсім інших людей, тільки, підкреслю, тому що вони мають якусь конкретну особисту ознаку."
pl_abortion_11_04_2024_n09.txt,6066,6188,Wicemarszałek Monika Wielichowska: Chcę serdecznie powitać młodzież wraz z nauczycielami z I Liceum Ogólnokształcącego im.,[],[],False,False,False,False,False,False,Віцемаршалок Моніка Веліховська: Хочу щиро привітати молодь разом з вчителями з I Ліцею Загальноосвітнього ім.
pl_hate_speech_act_19_12_2024_n02.txt,2670,2897,"Liczę na merytoryczną dyskusję i mam nadzieję, że w toku prac legislacyjnych, w toku prac komisyjnych będziemy mogli nad tym projektem się pochylić, a następnie będziemy mogli w Sejmie przegłosować ten bardzo potrzebny projekt.",[],[],False,False,False,False,False,False,"Сподіваюся на змістовну дискусію і сподіваюся, що в ході законодавчих робіт, в ході роботи комісій ми зможемо розглянути цей проект, а потім зможемо проголосувати за цей дуже необхідний проект у Сеймі."
pl_eu_03_04_2025_n03.txt,3384,3743,"Tak jak powiedziałem, Komisja do Spraw Unii Europejskiej pozytywnie oceniła polską aktywność w okresie prezydencji węgierskiej, niezależnie od trudności, które wynikały z kalendarza prac Unii, ale też ze względu na specyfikę akurat tejże prezydencji, i wnosi do Wysokiej Izby o przyjęcie tejże informacji w projekcie uchwały, którą Wysokiej Izbie przedłożyła.",[],[],False,False,False,False,False,False,"Як я вже сказав, Комісія з питань Європейського Союзу позитивно оцінила польську активність у період угорського головування, незважаючи на труднощі, які виникли через графік роботи Союзу, а також через специфіку саме цього головування, і пропонує Вищій Палаті прийняти цю інформацію в проекті резолюції, яку Вища Палата представила."
pl_statements_20_02_2025_n04.txt,7391,7439,"Zapraszam pana posła Zbigniewa Dolatę, klub PiS.",[],[],False,False,False,False,False,False,"Запрошую пана посла Збігнєва Долату, клуб PiS."
pl_defence_22_05_2024_n04.txt,3794,3880,"Stop banderyzacji polskiej racji stanu, stop ukrainizacji Polski także na tym odcinku.","['Slogans', 'Name_Calling-Labeling']","['Attack_on_Reputation', 'Call']",True,False,False,False,True,False,"Зупиніть бандуризацію польської державної політики, зупиніть українізацію Польщі також на цьому відрізку."
pl_eu_03_04_2025_n08.txt,2936,3113,"Dzisiaj na szczęście prezydencja Polski to naprawdę szansa na rozwój Polski, na gwarancję bezpieczeństwa, na bycie liderem w tym obszarze geopolitycznym, w jakim się znajdujemy.","['Flag_Waving', 'Appeal_to_Values']",['Justification'],False,True,False,False,False,False,"Сьогодні, на щастя, президентство Польщі – це справді шанс для розвитку Польщі, гарантія безпеки, лідерство в геополітичному просторі, в якому ми перебуваємо."
pl_hate_speech_act_19_12_2024_n01.txt,7482,7569,Bo zagrzęźniemy w sporach i będziemy się koncentrowali na poszczególnych wypowiedziach.,['Obfuscation-Vagueness-Confusion'],['Manipulative_Wording'],False,False,False,False,False,True,Бо ми загрузнемо в суперечках і будемо зосереджуватися на окремих висловлюваннях.
pl_eu_03_04_2025_n06.txt,4707,4772,To jest ten problem z waszym funkcjonowaniem w Unii Europejskiej.,[],[],False,False,False,False,False,False,Це проблема з вашим функціонуванням у Європейському Союзі.
pl_eu_12_06_2024_n03.txt,6013,6068,"Jestem przekonana, że państwo ministrowie to przypomną.",[],[],False,False,False,False,False,False,"Я переконана, що міністри це пам'ятають."
pl_hate_speech_act_19_12_2024_n01.txt,1412,1616,"Art. 32 konstytucji stanowi, że żaden obywatel, żaden człowiek nie może być dyskryminowany z jakiegokolwiek powodu, że wszyscy, bez względu na różne cechy osobiste, muszą być traktowani w taki sam sposób.",['Appeal_to_Authority'],['Justification'],False,True,False,False,False,False,"Стаття 32 Конституції стверджує, що жоден громадянин, жодна людина не може бути дискримінована з будь-якої причини, що всі, незалежно від різних особистих характеристик, повинні бутиtreated однаково."
pl_eu_03_04_2025_n04.txt,2051,2106,Nie każdy potrafi być didżejem.) To jest pański sukces.,"['Questioning_the_Reputation', 'Red_Herring']","['Attack_on_Reputation', 'Distraction']",True,False,True,False,False,False,Не кожен може бути діджеєм.) Це ваш успіх.
pl_eu_03_04_2025_n02.txt,3830,3880,Poseł Sprawozdawca Andrzej Grzyb: Panie Marszałku!,[],[],False,False,False,False,False,False,Депутат-доповідач Анджей Гриб: Пане Маршалку!
pl_eu_03_04_2025_n08.txt,6911,6932,Ja w dwóch kwestiach.,[],[],False,False,False,False,False,False,Я в двох питаннях.
pl_statements_20_02_2025_n04.txt,6615,6654,Poseł Waldemar Andzel: Panie Marszałku!,[],[],False,False,False,False,False,False,Депутат Вальдемар Андзель: Пане Маршалку!
pl_eu_12_06_2024_n03.txt,5216,5350,"Dzisiaj na tej sali nie usłyszeliśmy nic bardziej śmiesznego niż to, że podważają fakt, że będą wyłączenia trybu zamówień publicznych.","['Exaggeration-Minimisation', 'Appeal_to_Hypocrisy']","['Attack_on_Reputation', 'Manipulative_Wording']",True,False,False,False,False,True,"Сьогодні в цьому залі ми не почули нічого смішного, ніж те, що ставлять під сумнів факт, що будуть виключення з режиму державних закупівель."
pl_defence_07_03_2025_n06.txt,6079,6257,"Mamy, proszę państwa, poważny problem polegający na tym, że wydatki na obronność w Polsce wcale nie są niskie, ale budowanie zdolności obronnych idzie strasznie, strasznie wolno.","['Appeal_to_Time', 'Doubt']","['Attack_on_Reputation', 'Call']",True,False,False,False,True,False,"Маємо, панове, серйозну проблему, яка полягає в тому, що витрати на оборону в Польщі зовсім не низькі, але будівництво оборонних можливостей йде жахливо, жахливо повільно."
pl_defence_22_05_2024_n02.txt,8069,8221,"Zasadniczo wystąpienia wygłaszane przez ministrów obrony narodowej pełne są słusznych zapowiedzi, a problem w Polsce jest przede wszystkim z realizacją.","['Questioning_the_Reputation', 'Repetition']","['Attack_on_Reputation', 'Manipulative_Wording']",True,False,False,False,False,True,"В основному виступи, виголошені міністрами оборони, сповнені слушних обіцянок, а проблема в Польщі полягає насамперед у реалізації."
pl_eu_03_04_2025_n03.txt,7366,7434,"Można powiedzieć, że Sikorski tutaj dobrze to w zasadzie podsumował.",[],[],False,False,False,False,False,False,"Можна сказати, що Сікорський тут добре це в принципі підсумував."
pl_hate_speech_act_19_12_2024_n04.txt,1795,1950,"Tak jak w przypadku innych sytuacji, gdy sprawca chce skrzywdzić ofiarę, państwo nie może stać z boku i udawać, że nic się nie dzieje, i czekać bezczynnie.",['Appeal_to_Pity'],['Distraction'],False,False,True,False,False,False,"Як і в інших ситуаціях, коли зловмисник хоче завдати шкоди жертві, держава не може стояти осторонь і робити вигляд, що нічого не відбувається, і чекати бездіяльно."
pl_statements_20_02_2025_n01.txt,5023,5086,"Zapraszam pana posła Adama Krzemińskiego, Koalicja Obywatelska.",[],[],False,False,False,False,False,False,"Запрошую пана посла Адама Кшемінського, Коаліція Громадянська."
pl_statements_20_02_2025_n01.txt,2252,2345,"Wicemarszałek Monika Wielichowska: Zapraszam pana posła Andrzeja Zapałowskiego, Konfederacja.",[],[],False,False,False,False,False,False,"Віцемаршалок Моніка Веліховська: Запрошую пана депутата Анджея Запаловського, Конфедерація."
pl_abortion_11_04_2024_n09.txt,7127,7255,"Nie godzę się jako kobieta na to, żeby mówić, że panie, które domagają się swobodnego dostępu do aborcji, walczą o prawa kobiet.",['False_Dilemma-No_Choice'],['Simplification'],False,False,False,True,False,False,"Я не можу погодитися як жінка з тим, що пані, які вимагають вільного доступу до абортів, борються за права жінок."
pl_current_affairs_09_01_2025_n02.txt,10207,10257,"Tak że nie wiem, jak to jeszcze państwu przekazać.",[],[],False,False,False,False,False,False,"Тож не знаю, як це ще вам передати."
pl_defence_07_03_2025_n06.txt,3466,3600,"Są nasi posłowie z Komisji do Spraw Służb Specjalnych, z komisji spraw wewnętrznych, z komisji obrony, jestem ja jako jeden z liderów.",[],[],False,False,False,False,False,False,"Є наші депутати з Комісії з питань спеціальних служб, з комісії внутрішніх справ, з комісії оборони, я один з лідерів."
pl_abortion_11_04_2024_n08.txt,4166,4196,Teraz powszechna jest aborcja.,['Guilt_by_Association'],['Attack_on_Reputation'],True,False,False,False,False,False,Тепер поширена аборція.
pl_defence_22_05_2024_n04.txt,601,694,W związku z tymi informacjami moje pytanie: Ile w Polsce obecnie firm produkuje drony bojowe?,[],[],False,False,False,False,False,False,У зв'язку з цією інформацією моє питання: Скільки в Польщі зараз компаній виробляють бойові дрони?
pl_abortion_11_04_2024_n14.txt,2980,3026,Stańmy po stronie kobiet i ich praw. (Oklaski),"['Flag_Waving', 'Slogans']","['Justification', 'Call']",False,True,False,False,True,False,Станьмо на боці жінок та їхніх прав. (Оплески)
pl_eu_03_04_2025_n02.txt,621,737,Dokument ten otworzył państwom członkowskim możliwość podejmowania elastycznych działań w sytuacjach nadzwyczajnych.,[],[],False,False,False,False,False,False,Цей документ надав державам-членам можливість вживати гнучких заходів у надзвичайних ситуаціях.
pl_abortion_11_04_2024_n05.txt,10283,10423,Zakłada możliwość bezpiecznego i bezpłatnego przerywania ciąży do 12 tygodnia jej trwania oraz po 12 tygodniu w określonych okolicznościach.,[],[],False,False,False,False,False,False,"Закон передбачає можливість безпечного та безкоштовного переривання вагітності до 12 тижня її перебігу, а також після 12 тижня за певних обставин."
pl_hate_speech_act_19_12_2024_n02.txt,4262,4413,"To ochrona przed przemocą, w tym przemocą słowną, której natężenie, zwłaszcza wobec grup mniejszościowych, widzieliśmy w ostatnich latach aż za dobrze.","['Loaded_Language', 'Repetition']",['Manipulative_Wording'],False,False,False,False,False,True,"Це захист від насильства, зокрема словесного насильства, інтенсивність якого, особливо щодо меншин, ми бачили в останні роки надто добре."
pl_defence_07_03_2025_n05.txt,8061,8113,Wicemarszałek Piotr Zgorzelski: Szanowny panie pośle…,[],[],False,False,False,False,False,False,Віцемаршалок Пьотр Згожельський: Шановний пане посланцю…
pl_abortion_11_04_2024_n14.txt,5430,5458,Dzisiaj i jutro wielki test.,"['Appeal_to_Time', 'Repetition']","['Call', 'Manipulative_Wording']",False,False,False,False,True,True,Сьогодні та завтра великий тест.
pl_abortion_11_04_2024_n07.txt,4705,4786,"Stoję dzisiaj przed wami, bo cała dyskusja, cała debata jest mi niezwykle bliska.",[],[],False,False,False,False,False,False,"Я стою перед вами сьогодні, тому що вся дискусія, вся дискусія мені надзвичайно близька."
pl_hate_speech_act_19_12_2024_n10.txt,4897,4949,Bardzo proszę panią poseł Katarzynę Marię Piekarską.,[],[],False,False,False,False,False,False,Дуже прошу пані депутатку Катажину Марію Пєкарську.
pl_statements_20_02_2025_n01.txt,687,775,"Informuję, że zgłosili się posłowie i posłanki w celu wygłoszenia oświadczeń poselskich.",[],[],False,False,False,False,False,False,"Повідомляю, що депутати та депутатки зареєструвалися для виступу з депутатських заяв."
pl_abortion_11_04_2024_n03.txt,8495,8647,Ale PiS-owi to nie wystarczyło i w 2020 r. politycznym wyrokiem Trybunału Konstytucyjnego w czasie pandemii cynicznie jeszcze zaostrzył prawo aborcyjne.,"['Loaded_Language', 'Questioning_the_Reputation']","['Attack_on_Reputation', 'Manipulative_Wording']",True,False,False,False,False,True,"Але ПіС цього було недостатньо, і у 2020 році політичний вирок Конституційного суду під час пандемії цинічно ще більше посилив законодавство про аборти."
pl_abortion_11_04_2024_n12.txt,8432,8561,"Jan Paweł II powiedział: Jeżeli matce wolno zabić własne dziecko, cóż może powstrzymać ciebie lub mnie, byśmy się nie pozabijali?",['Appeal_to_Authority'],['Justification'],False,True,False,False,False,False,"Іван Павло II сказав: Якщо матері дозволено вбити власну дитину, що може зупинити тебе чи мене, щоб ми не повбивали один одного?"
pl_abortion_11_04_2024_n08.txt,5400,5463,Nie da się tego zmienić zwykłą ustawą i doskonale o tym wiecie.,['Conversation_Killer'],['Call'],False,False,False,False,True,False,"Цього не можна змінити звичайним законом, і ви це чудово знаєте."
pl_hate_speech_act_19_12_2024_n01.txt,2666,2748,"Przepisy te dotyczą, jak potocznie się mówi, przestępstw motywowanych nienawiścią.",[],[],False,False,False,False,False,False,"Ці правила стосуються, як зазвичай кажуть, злочинів, мотивованих ненавистю."
pl_abortion_11_04_2024_n13.txt,1850,1911,"I od zawsze są, były i będą osoby, które będą w nich pomagać.","['Conversation_Killer', 'Repetition']","['Call', 'Manipulative_Wording']",False,False,False,False,True,True,"І завжди були, є і будуть люди, які їм допомагають."
pl_eu_12_06_2024_n02.txt,633,753,"Czy to będzie prezydencja faktycznie realizacji polskich interesów, czy ona będzie prezydencją polską wyłącznie z nazwy?","['Flag_Waving', 'Doubt']","['Attack_on_Reputation', 'Justification']",True,True,False,False,False,False,"Чи буде це президентство фактично реалізацією польських інтересів, чи воно буде польським президентством лише за назвою?"
pl_eu_03_04_2025_n07.txt,4353,4448,"Jeżeli chodzi o Węgry, to w prezydencji Węgier były priorytety, których Węgry miały się podjąć.",[],[],False,False,False,False,False,False,"Щодо Угорщини, то під час головування Угорщини були пріоритети, які Угорщина мала взяти на себе."
pl_defence_22_05_2024_n02.txt,2382,2433,Kiedy my wreszcie zaczniemy masowo szkolić rezerwy?,[],[],False,False,False,False,False,False,Коли ми нарешті почнемо масово навчати резерви?
pl_abortion_11_04_2024_n03.txt,10068,10151,Państwo polskie zaoszczędziło na zdrowiu i życiu Polek 49 mln przez ostatnie 8 lat.,['Questioning_the_Reputation'],['Attack_on_Reputation'],True,False,False,False,False,False,Польська держава заощадила на здоров'ї та житті польок 49 мільйонів за останні 8 років.
pl_defence_22_05_2024_n04.txt,2868,2986,W ramach ustawy o ochronie ludności i obronie cywilnej przewiduje się powołanie państwowego funduszu ochrony ludności.,[],[],False,False,False,False,False,False,"Відповідно до Закону про захист населення та цивільну оборону, передбачається створення державного фонду захисту населення."
pl_statements_20_02_2025_n02.txt,988,1259,"Tylko solidna, wspólna i skoordynowana reakcja społeczności międzynarodowej zamiast niedopuszczalnego marginalizowania Ukrainy oraz ignorowania interesów sojuszników w regionie może skutecznie przeciwdziałać rosyjskiej agresji oraz przywrócić trwały i sprawiedliwy pokój.","['Loaded_Language', 'Appeal_to_Values']","['Justification', 'Manipulative_Wording']",False,True,False,False,False,True,"Тільки солідна, спільна та скоординована реакція міжнародної спільноти замість неприпустимого маргіналізації України та ігнорування інтересів союзників у регіоні може ефективно протидіяти російській агресії та відновити тривалий і справедливий мир."
pl_defence_07_03_2025_n06.txt,1042,1122,Powinna być przyspieszona budowa elektrowni atomowej w technologii Westinghouse.,"['Consequential_Oversimplification', 'Appeal_to_Time', 'Red_Herring']","['Distraction', 'Simplification', 'Call']",False,False,True,True,True,False,Має бути прискорене будівництво атомної електростанції за технологією Westinghouse.
pl_statements_20_02_2025_n01.txt,2894,3073,"Przychody Lasów Państwowych w 2025 r. mają być o 737 mln niższe niż wydatki Lasów Państwowych, czyli ta zmiana ma być pokryta z Funduszu Leśnego, który jest na zupełnie inne cele.",['Causal_Oversimplification'],['Simplification'],False,False,False,True,False,False,"Доходи державних лісів у 2025 році мають бути на 737 мільйонів нижчими за витрати державних лісів, тобто ця зміна має бути покрита з Лісового фонду, який призначений для зовсім інших цілей."
pl_eu_03_04_2025_n05.txt,4827,4867,Chodzi o tzw. deklarację budapeszteńską.,[],[],False,False,False,False,False,False,Йдеться про так звану Будапештську декларацію.
pl_statements_20_02_2025_n03.txt,3327,3374,Pamiętajmy: cześć i chwała bohaterom! (Oklaski),[],[],False,False,False,False,False,False,Пам'ятаймо: честь і слава героям! (Оплески)
pl_eu_03_04_2025_n07.txt,5564,5736,"Jeżeli chodzi o kryzys migracyjny, to na Węgrzech w czasie prezydencji to był pierwszy punkt priorytetowy, od tego tematu zaczęto i niestety w tym temacie nie zrobiono nic.",['Doubt'],['Attack_on_Reputation'],True,False,False,False,False,False,"Якщо говорити про міграційну кризу, то під час головування Угорщини це було першим пріоритетним питанням, з якого почали, і, на жаль, у цьому питанні нічого не було зроблено."
pl_eu_03_04_2025_n06.txt,3146,3477,"Chodzi o to, jak wyobrażamy sobie geostrategiczną inwestycję w bezpieczeństwo, w pokój, to, w jaki sposób przeprowadzić ten cały proces, który niewątpliwie będzie owocował również turbulencjami w ramach procesu rozszerzenia, o którym mówimy w tych trzech kolejnych stanowiskach, konkluzjach Rady Europejskiej z ostatniego półrocza.",[],[],False,False,False,False,False,False,"Йдеться про те, як ми уявляємо собі геостратегічну інвестицію в безпеку, в мир, як провести цей весь процес, який, безсумнівно, також принесе турбулентності в рамках процесу розширення, про який ми говоримо в цих трьох наступних позиціях, висновках Європейської ради за останнє півріччя."
pl_eu_03_04_2025_n08.txt,4073,4093,Jeszcze coś zostało?,[],[],False,False,False,False,False,False,Чи щось ще залишилося?
pl_abortion_11_04_2024_n14.txt,1515,1535,Sumienie mamy jedno.,"['Conversation_Killer', 'Slogans']",['Call'],False,False,False,False,True,False,Совість у нас одна.
pl_abortion_11_04_2024_n02.txt,1313,1347,"Proszę państwa, znamy te historie.",[],[],False,False,False,False,False,False,"Шановні пані та панове, ми знаємо ці історії."
pl_defence_22_05_2024_n02.txt,2637,2674,Brakuje nam też podstawowego sprzętu.,['Doubt'],['Attack_on_Reputation'],True,False,False,False,False,False,Нам також бракує базового обладнання.
pl_defence_22_05_2024_n04.txt,7068,7254,"Natomiast mam pytanie do pana premiera związane z organizacjami pozarządowymi, które są na terenie przygranicznym i które de facto pomagają (Dzwonek) w przerzucie nielegalnych migrantów.",['Guilt_by_Association'],['Attack_on_Reputation'],True,False,False,False,False,False,"Натомість у мене є запитання до пана прем'єр-міністра, пов'язане з неурядовими організаціями, які працюють у прикордонній зоні та фактично допомагають (Дзвінок) у переправленні нелегальних мігрантів."
pl_eu_12_06_2024_n02.txt,4991,4998,Proszę.,[],[],False,False,False,False,False,False,Будь ласка.
pl_eu_12_06_2024_n01.txt,3163,3527,"Po rozpatrzeniu całości projektu ustawy członkowie obu komisji, 51 posłanek i posłów, 32 głosami za, 2 przeciw i 17 wstrzymującymi przyjęli projekt ustawy o szczególnych rozwiązaniach w związku z przygotowywaniem i sprawowaniem przez Rzeczpospolitą Polską przewodnictwa w Radzie Unii Europejskiej w I połowie 2025 roku, druk nr 347, rekomendując go Wysokiej Izbie.",[],[],False,False,False,False,False,False,"Після розгляду всього проєкту закону члени обох комісій, 51 депутатка та депутат, 32 голосами за, 2 проти та 17 утрималися, прийняли проєкт закону про особливі рішення у зв’язку з підготовкою та здійсненням Республікою Польща головування в Раді Європейського Союзу в першій половині 2025 року, друк № 347, рекомендуючи його Вищій палаті."
pl_hate_speech_act_19_12_2024_n04.txt,5168,5515,"W jaki sposób mają oni sobie radzić z tą falą nienawiści, z zalewem nienawiści kompletnie i nigdzie niekontrolowanym, w zakresie którego jesteśmy takimi specjalistami, my wszyscy, recenzenci, każdy z was, kto kiedyś chociaż raz napisał złośliwy komentarz pod adresem swojego przeciwnika, swojego interlokutora, może swojego kolegi z ławy sejmowej.","['Loaded_Language', 'Appeal_to_Pity']","['Distraction', 'Manipulative_Wording']",False,False,True,False,False,True,"Як вони мають справлятися з цією хвилею ненависті, з потоком ненависті, який зовсім не контролюється і ніде, в якому ми всі є такими спеціалістами, ми всі, рецензенти, кожен з вас, хто колись хоча б раз написав злий коментар на адресу свого опонента, свого співрозмовника, можливо, свого колеги з парламентської лави."
pl_hate_speech_act_19_12_2024_n07.txt,2905,3005,"Czy Adam Bodnar chociaż słowo powiedział, kiedy zakatowano księdza, przyjaciela księdza Popiełuszki?","['Exaggeration-Minimisation', 'Appeal_to_Hypocrisy']","['Attack_on_Reputation', 'Manipulative_Wording']",True,False,False,False,False,True,"Чи Адам Боднар хоча б слово сказав, коли закатували священика, друга священика Попелюшки?"
pl_abortion_11_04_2024_n01.txt,3662,3874,"Większość kobiet, które przerywają ciążę, już ma dzieci, jedno lub więcej, i w tym momencie członek rodziny – czasem tata tych dzieci, czasem babcia, czasem ciocia – ryzykuje tym, że trafi na 3 lata do więzienia.",['Appeal_to_Pity'],['Distraction'],False,False,True,False,False,False,"Більшість жінок, які переривають вагітність, вже мають дітей, одну або більше, і в цей момент член сім'ї – іноді батько цих дітей, іноді бабуся, іноді тітка – ризикує потрапити до в'язниці на 3 роки."
pl_hate_speech_act_19_12_2024_n07.txt,82,246,"Do państwa z prawej strony, po pierwsze: zacznijcie czytać projekty ustaw, zanim zabierzecie głos w dyskusji. (Oklaski) (Poseł Witold Tumanowicz: Czytamy, czytamy.)",['Doubt'],['Attack_on_Reputation'],True,False,False,False,False,False,"До вашої уваги справа, по-перше: почніть читати законопроекти, перш ніж брати участь в обговоренні. (Оплески) (Депутат Вітольд Туманович: Читаємо, читаємо.)"
pl_current_affairs_09_01_2025_n03.txt,2495,2670,"Według wszelkich posiadanych danych nie ma już ryzyka, które wymagałoby dobudowywania kolejnych zbiorników w celu wzmocnienia tej zapory, ponieważ ona została zrewitalizowana.",[],[],False,False,False,False,False,False,"Згідно з усіма наявними даними, більше немає ризику, який вимагав би будівництва додаткових резервуарів для зміцнення цієї греблі, оскільки її було відновлено."
pl_defence_22_05_2024_n01.txt,10563,10653,Pewnie czas już za chwilę się skończy… (Poseł Joanna Kluzik-Rostkowska: Już się skończył.),[],[],False,False,False,False,False,False,"Напевно, час вже скоро закінчиться… (Депутат Йоанна Клюзік-Ростковська: Вже закінчився.)"
pl_defence_07_03_2025_n01.txt,7325,7392,Ale wszyscy pozostali sojusznicy jak najbardziej są do tego zdolni.,['Appeal_to_Popularity'],['Justification'],False,True,False,False,False,False,Але всі інші союзники цілком до цього готові.
pl_statements_20_02_2025_n01.txt,588,686,Na tym zakończyliśmy rozpatrywanie punktów porządku dziennego zaplanowanych na dzień 20 lutego br.,[],[],False,False,False,False,False,False,"На цьому ми завершили розгляд питань порядку денного, запланованих на 20 лютого цього року."
pl_defence_07_03_2025_n08.txt,7268,7319,Tych polityk w ostatnich latach było całkiem sporo.,[],[],False,False,False,False,False,False,За останні роки було чимало таких політиків.
pl_abortion_11_04_2024_n06.txt,6792,6938,"Praca, którą ostatnimi laty wykonują organizacje pozarządowe, prawniczki, lekarki, FEDERA, Aborcja bez Granic, Aborcyjny Dream Team, jest ogromna.",['Red_Herring'],['Distraction'],False,False,True,False,False,False,"Робота, яку останніми роками виконують неурядові організації, юристки, лікарки, FEDERA, Aborcja bez Granic, Aborcyjny Dream Team, є величезною."
pl_statements_20_02_2025_n03.txt,8171,8289,"Wśród nagród, które otrzymali zdobywcy pierwszych miejsc, znalazły się ikony napisane przez panią dr Grażynę Kowalską.",[],[],False,False,False,False,False,False,"Серед нагород, які отримали переможці перших місць, були ікони, написані пані докторкою Гражиною Ковальською."
pl_current_affairs_09_01_2025_n03.txt,263,300,"(Poseł Władysław Dajczak: Ha, ha, ha!",[],[],False,False,False,False,False,False,"(Депутат Владислав Даччак: Ха, ха, ха!"
pl_defence_22_05_2024_n01.txt,42,131,"Bardzo trudno w ciągu 10 minut odnieść się do tego, czego byliśmy świadkami przed chwilą.",[],[],False,False,False,False,False,False,"Дуже важко протягом 10 хвилин відреагувати на те, що ми щойно побачили."
pl_eu_03_04_2025_n03.txt,6812,6982,"Polska pod waszymi rządami, nie tylko w tamtym półroczu, jest trochę jak statysta, wie pan, który zapomniał swojego tekstu i liczy, że ktoś inny za niego ten tekst zagra.","['Exaggeration-Minimisation', 'Doubt']","['Attack_on_Reputation', 'Manipulative_Wording']",True,False,False,False,False,True,"Польща під вашим керівництвом, не тільки в цьому півріччі, трохи схожа на статиста, який забув свій текст і сподівається, що хтось інший за нього цей текст зіграє."
pl_hate_speech_act_19_12_2024_n01.txt,733,1159,"To projekt ustawy, który powinien być przedmiotem debaty w parlamencie wiele lat temu, który jest odpowiedzią na apele, wręcz wołania wielu organizacji pozarządowych, środowisk prawniczych, byłych rzeczników praw obywatelskich, o to, aby polski porządek prawny zrównać z tymi porządkami, które funkcjonują w innych państwach europejskich, ale przede wszystkim zrównać z przepisami, które wynikają z traktatów międzynarodowych.","['Appeal_to_Time', 'Appeal_to_Popularity']","['Justification', 'Call']",False,True,False,False,True,False,"Це проєкт закону, який мав би бути предметом дискусії в парламенті багато років тому, який є відповіддю на заклики, навіть волання багатьох неурядових організацій, юридичних кіл, колишніх омбудсменів, щоб польський правовий порядок зрівнявся з тими порядками, які діють в інших європейських країнах, але насамперед з положеннями, які випливають з міжнародних договорів."
pl_current_affairs_09_01_2025_n03.txt,5567,5592,"Cześć, Marcin, witam cię.",[],[],False,False,False,False,False,False,"Привіт, Марчеку, вітаю тебе."
pl_hate_speech_act_19_12_2024_n01.txt,8427,8744,"Jeśli ktoś uważa, że osoba z uwagi na to, że jest albo stara, albo młoda, albo dlatego, że ma jakąś cechę niepełnosprawności, albo dlatego, że jest kobietą lub mężczyzną, albo dlatego, że jest gejem lub lesbijką, powinna padać ofiarą przestępstwa… Możecie nie popierać tych projektów, ale my uważamy, że tak nie jest.",['Obfuscation-Vagueness-Confusion'],['Manipulative_Wording'],False,False,False,False,False,True,"Якщо хтось вважає, що людина через те, що вона стара, або молода, або тому, що має якусь ознаку інвалідності, або тому, що вона жінка чи чоловік, або тому, що вона гей чи лесбійка, повинна стати жертвою злочину… Ви можете не підтримувати ці проєкти, але ми вважаємо, що так не є."
pl_eu_03_04_2025_n05.txt,1,61,"Myślę, że warto też podsumować kwestie polityki migracyjnej.",[],[],False,False,False,False,False,False,"Думаю, що варто також підсумувати питання міграційної політики."
pl_abortion_11_04_2024_n14.txt,4845,4864,Są wypowiedzi prof.,['Appeal_to_Authority'],['Justification'],False,True,False,False,False,False,"Ось переклад польського тексту українською мовою:

Професор сказав:"
pl_current_affairs_09_01_2025_n02.txt,2012,2096,"Jeżeli chodzi o kwestię związaną ze żłobkami, to poruszamy tutaj bardzo ważny temat.",[],[],False,False,False,False,False,False,"Якщо йдеться про питання, пов'язане з яслами, то ми тут порушуємо дуже важливу тему."
pl_eu_03_04_2025_n05.txt,763,964,"Chciałabym poinformować opinię publiczną, bo wiem, że to nie jest takie oczywiste, że centra integracji cudzoziemców to są centra, które powstały i zostały wymyślone przez rząd Prawa i Sprawiedliwości.",[],[],False,False,False,False,False,False,"Я хотіла б поінформувати громадськість, бо знаю, що це не так очевидно, що центри інтеграції іноземців – це центри, які були створені та розроблені урядом Права і Справедливості."
pl_hate_speech_act_19_12_2024_n01.txt,61,126,Wypowiedź ta kończy rozpatrywanie tego punktu porządku dziennego.,[],[],False,False,False,False,False,False,Ця заява завершує розгляд цього питання порядку денного.
pl_abortion_11_04_2024_n14.txt,4317,4410,Przyjmijmy jedną prawdę: prawo do przerywania ciąży to prawo człowieka. (Głos z sali: Brawo!),"['Slogans', 'Appeal_to_Values', 'Repetition']","['Justification', 'Call', 'Manipulative_Wording']",False,True,False,False,True,True,Приймемо одну істину: право на переривання вагітності – це право людини. (Голос із залу: Браво!)
pl_defence_07_03_2025_n06.txt,9332,9410,Resztę czasu oddaję posłowi Przemysławowi Wiplerowi zgodnie z umową. (Oklaski),[],[],False,False,False,False,False,False,Решту часу віддаю депутату Пшемиславу Віплеру згідно з угодою. (Оплески)
pl_abortion_11_04_2024_n14.txt,4452,4500,To wolność od tortur i nieludzkiego traktowania.,"['Loaded_Language', 'Appeal_to_Values', 'Appeal_to_Fear-Prejudice']","['Justification', 'Manipulative_Wording']",False,True,False,False,False,True,Це свобода від тортур і нелюдського поводження.
pl_defence_07_03_2025_n03.txt,3289,3392,"Nie zapominajcie (Dzwonek) – zwracam się do opozycji – że to są czasy prawdy, a nie putinorozumiejstwa.","['Appeal_to_Values', 'Name_Calling-Labeling']","['Attack_on_Reputation', 'Justification']",True,True,False,False,False,False,"Не забувайте (Дзвінок) – звертаюся до опозиції – що це часи правди, а не путінорозуміння."
pl_eu_03_04_2025_n02.txt,3397,3511,"Zanim przejdziemy dalej, chciałbym przywitać przysłuchujących się naszym obradom uczniów ze Szkoły Podstawowej im.",[],[],False,False,False,False,False,False,"Перш ніж ми перейдемо до наступного питання, я хотів би привітати учнів, які слухають наші дебати, з початкової школи ім."
pl_eu_03_04_2025_n04.txt,2790,2822,Niechże się pan weźmie do pracy.,"['Questioning_the_Reputation', 'Red_Herring']","['Attack_on_Reputation', 'Distraction']",True,False,True,False,False,False,Нехай пан візьметься до роботи.
pl_abortion_11_04_2024_n05.txt,6078,6171,"A przecież to możne być wasza córka, wasza żona, wasza siostra, wasza przyjaciółka. (Oklaski)",['Appeal_to_Pity'],['Distraction'],False,False,True,False,False,False,"Адже це може бути ваша дочка, ваша дружина, ваша сестра, ваша подруга. (Оплески)"
pl_abortion_11_04_2024_n03.txt,11755,11821,Życie i zdrowie kobiet jest ważniejsze niż każda polityczna bitwa.,['Appeal_to_Values'],['Justification'],False,True,False,False,False,False,Життя та здоров'я жінок важливіші за будь-яку політичну битву.
pl_defence_07_03_2025_n07.txt,753,1010,"Amerykanie jednocześnie wydali więcej niż wszystkie pozostałe kraje NATO na obronę, dziewięć razy więcej niż najwięcej wydające Niemcy, kilkadziesiąt razy więcej niż wydająca na obronę Polska, która i tak ponosi gigantyczne pod względem swojego PKB wydatki.","['Consequential_Oversimplification', 'Loaded_Language', 'Red_Herring']","['Distraction', 'Simplification', 'Manipulative_Wording']",False,False,True,True,False,True,"Американці водночас витратили більше, ніж усі інші країни НАТО, у дев'ять разів більше, ніж Німеччина, яка найбільше витрачає, у кілька десятків разів більше, ніж Польща, яка витрачає на оборону, і так несе величезні витрати з точки зору свого ВВП."
pl_abortion_11_04_2024_n11.txt,7424,7478,"Poseł Grzegorz Braun: Bardzo dziękuję, pani marszałek.",[],[],False,False,False,False,False,False,"Депутат Гжегож Браун: Дуже дякую, пані маршалку."
pl_hate_speech_act_19_12_2024_n09.txt,7110,7166,"To mówili dziennikarze, działacze polityczni, dyplomaci.",[],[],False,False,False,False,False,False,"Це говорили журналісти, політичні діячі, дипломати."
pl_current_affairs_09_01_2025_n02.txt,3153,3241,"To jest diametralna, ogromna jakościowa zmiana, która nastąpiła na terenie całej Polski.","['Exaggeration-Minimisation', 'Loaded_Language']",['Manipulative_Wording'],False,False,False,False,False,True,"Це діаметральна, величезна якісна зміна, яка відбулася на всій території Польщі."
pl_defence_22_05_2024_n03.txt,3410,3446,Kiedy my potrzebujemy setek czołgów?,"['Doubt', 'Appeal_to_Fear-Prejudice']","['Attack_on_Reputation', 'Justification']",True,True,False,False,False,False,Коли нам потрібні сотні танків?
pl_defence_22_05_2024_n01.txt,10153,10366,"Nie można tego tak robić, bo geopolityka wskazuje, jakie są interesy europejskie, szczególnie w sytuacji, w której Europa została zdominowana przez Niemcy, i jakie są interesy polskie, jakie są interesy rosyjskie.",[],[],False,False,False,False,False,False,"Не можна так робити, бо геополітика показує, які є європейські інтереси, особливо в ситуації, коли Європа була домінуюча Німеччина, і які є польські інтереси, які є російські інтереси."
pl_statements_20_02_2025_n03.txt,4696,4848,"I proszę, żeby te 25 lat było dopiero początkiem wspaniałej dalszej drogi prowadzącej do świętowania 50, a może kiedyś, w przyszłości 100 lat istnienia.",[],[],False,False,False,False,False,False,"Будь ласка, нехай ці 25 років будуть лише початком чудової подальшої дороги, що веде до святкування 50, а можливо, колись у майбутньому 100 років існування."
pl_statements_20_02_2025_n03.txt,3958,4055,"Niestety nie mogę przybyć na jubileusz mimo zaproszenia, ponieważ będziemy mieć jutro głosowania.",[],[],False,False,False,False,False,False,"На жаль, я не можу приїхати на ювілей, незважаючи на запрошення, тому що завтра у нас буде голосування."
pl_abortion_11_04_2024_n05.txt,7675,7770,Ograniczanie tego prawa jest wyrazem braku poszanowania godności i autonomii każdego człowieka.,['Appeal_to_Values'],['Justification'],False,True,False,False,False,False,Обмеження цього права є проявом відсутності поваги до гідності та автономії кожної людини.
pl_abortion_11_04_2024_n04.txt,5909,5939,Zadbamy o kobiety po gwałtach.,[],[],False,False,False,False,False,False,Подбаємо про жінок після зґвалтувань.
pl_abortion_11_04_2024_n14.txt,125,427,"(Głos z sali: Asia, myślałam, że powiesz: ja też jestem matką trójki dzieci.) (Poseł Joanna Scheuring-Wielgus: Tak, ja też jestem matką trójki dzieci, kochani, i to nie jest żadne poświęcenie, tylko wybór.) (Gwar na sali, dzwonek) (Poseł Witold Tumanowicz: Pani poseł nie zrozumiała nic z wystąpienia.)","['False_Dilemma-No_Choice', 'Red_Herring', 'Doubt']","['Attack_on_Reputation', 'Distraction', 'Simplification']",True,False,True,True,False,False,"(Голос із залу: Асю, я думала, ти скажеш: я теж мама трьох дітей.) (Послиня Йоанна Шеурінґ-Вєльґус: Так, я теж мама трьох дітей, любі, і це не є жодною жертвою, а лише вибором.) (Шум у залі, дзвінок) (Послиня Вітольд Тумановіч: Пані послиня нічого не зрозуміла з виступу.)"
pl_hate_speech_act_19_12_2024_n04.txt,702,765,"Wicemarszałek Monika Wielichowska: Bardzo dziękuję, pani poseł.",[],[],False,False,False,False,False,False,"Віцемаршалок Моніка Веліховська: Дуже дякую, пані депутатко."
pl_abortion_11_04_2024_n12.txt,3583,3609,"Pani poseł, bardzo proszę.",[],[],False,False,False,False,False,False,"Пані посол, дуже прошу."
pl_defence_07_03_2025_n04.txt,7233,7365,"Dlatego Polska nadal będzie wspierała i pomagała Ukrainie militarnie, humanitarnie, będziemy wspierać jej aspiracje euroatlantyckie.",[],[],False,False,False,False,False,False,"Тому Польща і надалі підтримуватиме та допомагатиме Україні військово, гуманітарно, ми будемо підтримувати її євроатлантичні прагнення."
pl_defence_22_05_2024_n02.txt,7625,7661,Powtarzam: zmienić system. (Oklaski),['Doubt'],['Attack_on_Reputation'],True,False,False,False,False,False,Повторюю: змінити систему. (Оплески)
pl_current_affairs_09_01_2025_n01.txt,4608,4846,"Za proces przyjmowania wniosków, ich weryfikację i wypłatę świadczeń odpowiada Zakład Ubezpieczeń Społecznych, a Ministerstwo Rodziny, Pracy i Polityki Społecznej sprawuje jedynie nadzór nad zgodnością działań z obowiązującymi przepisami.",[],[],False,False,False,False,False,False,"За процес прийняття заяв, їх перевірки та виплати допомоги відповідає Заклад соціального страхування, а Міністерство сім'ї, праці та соціальної політики лише здійснює нагляд за відповідністю дій чинним нормам."
pl_defence_22_05_2024_n02.txt,3711,3833,"Trzeba zliberalizować ustawę o produkcji broni, bo obecna jej wersja uniemożliwia rozwój prywatnego sektora zbrojeniowego.",['Appeal_to_Time'],['Call'],False,False,False,False,True,False,"Треба лібералізувати закон про виробництво зброї, бо його нинішня версія перешкоджає розвитку приватного збройового сектору."
pl_current_affairs_09_01_2025_n03.txt,3716,3797,"Było to tylko de facto przykrywką dla zupełnie innych planów, planów żeglugowych.","['Appeal_to_Hypocrisy', 'Doubt']",['Attack_on_Reputation'],True,False,False,False,False,False,"Це було лише де-факто прикриттям для зовсім інших планів, планів навігаційних."
pl_eu_12_06_2024_n01.txt,7706,7833,"Uwagi są ogólne, przegadane, można by rzec – infantylne, biorąc pod uwagę cel w postaci efektywnego zapewnienia bezpieczeństwa.",['Loaded_Language'],['Manipulative_Wording'],False,False,False,False,False,True,"Зауваження є загальними, розмитими, можна сказати – інфантильними, враховуючи мету забезпечення ефективної безпеки."
pl_abortion_11_04_2024_n05.txt,8003,8058,Obowiązujące prawo w Polsce zmusza kobiety do heroizmu.,['Exaggeration-Minimisation'],['Manipulative_Wording'],False,False,False,False,False,True,Чинне законодавство в Польщі змушує жінок до героїзму.
pl_hate_speech_act_19_12_2024_n09.txt,5143,5305,"Dochodzimy do absurdu i prosiłbym, żeby państwo mieli tę refleksję, że ta dywagacja może uczynić wiele szkód i ataków zamiast ochrony każdego człowieka. (Oklaski)","['Loaded_Language', 'Appeal_to_Fear-Prejudice']","['Justification', 'Manipulative_Wording']",False,True,False,False,False,True,"Ми доходимо до абсурду, і я прошу, щоб ви мали цю рефлексію, що ця дискусія може завдати багато шкоди та атак замість захисту кожної людини. (Оплески)"
pl_eu_03_04_2025_n07.txt,7586,7861,"Chciałem tylko wspomnieć o rzeczy kluczowej, jeśli chodzi o prezydencję węgierską, bo to akurat był okres wojny, którą Putin wywołał nie tylko na Ukrainie – Putin i Łukaszenka, bo pamiętajmy, że tak naprawdę ta inwazja miała miejsce także z terytorium, i nadal ma, Białorusi.",[],[],False,False,False,False,False,False,"Хотів лише згадати про ключову річ, коли йдеться про головування Угорщини, бо це був саме період війни, яку Путін розв'язав не лише в Україні – Путін і Лукашенко, бо пам'ятаймо, що насправді це вторгнення відбулося також з території, і досі відбувається, Білорусі."
pl_defence_07_03_2025_n06.txt,8031,8180,"W rozmowie z delegacją ze Szwecji w ostatnich dniach tutaj, w Polsce usłyszałem, że oni w swoim państwie nie finansują rozwoju Sił Zbrojnych z długu.",[],[],False,False,False,False,False,False,"У розмові з делегацією зі Швеції в останні дні тут, у Польщі, я почув, що вони у своїй країні не фінансують розвиток Збройних Сил з боргу."
pl_abortion_11_04_2024_n09.txt,6709,6876,"Zapraszam panią poseł Agnieszkę Wojciechowską van Heukelom, Prawo i Sprawiedliwość. (Poseł Grzegorz Braun: W kwestii formalnej, w sprawie sposobu prowadzenia dyskusji.",[],[],False,False,False,False,False,False,"Запрошую пані посол Агнєшку Войцеховську ван Гекелом, Право і Справедливість. (Посол Гжегож Браун: Щодо формального питання, щодо способу ведення дискусії."
pl_abortion_11_04_2024_n09.txt,4951,4994,"Jeżeli tak, to czemu tylko do 12. tygodnia?",['Consequential_Oversimplification'],['Simplification'],False,False,False,True,False,False,"Якщо так, то чому лише до 12-го тижня?"
pl_abortion_11_04_2024_n01.txt,4230,4440,"Polska jest jedynym krajem europejskim, w którym w ostatnich kilkudziesięciu latach doszło do zaostrzenia i tak już bardzo surowych, najsurow- szych obok Malty, przepisów dotyczących prawa do przerywania ciąży.",['Appeal_to_Popularity'],['Justification'],False,True,False,False,False,False,"Польща є єдиною європейською країною, де за останні кілька десятиліть відбулося посилення вже дуже суворих, найсуворіших правил щодо права на аборт, окрім Мальти."
pl_defence_07_03_2025_n08.txt,5154,5175,Panie Pośle Jakubiak!,[],[],False,False,False,False,False,False,Пане Посла Якуб'яку!
pl_defence_22_05_2024_n03.txt,7279,7583,"Rakieta, zanim spadła pod Bydgoszczą, przeleciała 400 km nad Polską, spadła dokładnie na osi przedłużenia pasa startowego bydgoskiego lotniska, 9 km od niego i Wojskowych Zakładów Lotniczych, 14 km od Centrum Szkolenia Sił Połączonych, 15 km od centrum Bydgoszczy, 20 km od ważnego dla zbrojenia zakładu.",['Red_Herring'],['Distraction'],False,False,True,False,False,False,"Ракета, перш ніж впасти під Бидгощем, пролетіла 400 км над Польщею, впала точно на осі продовження злітно-посадкової смуги бидгоського аеропорту, за 9 км від нього та Військових авіаційних підприємств, за 14 км від Центру підготовки об'єднаних сил, за 15 км від центру Бидгоща, за 20 км від важливого для озброєння підприємства."
pl_eu_12_06_2024_n02.txt,4941,4946,Jest.,[],[],False,False,False,False,False,False,Є.
pl_abortion_11_04_2024_n08.txt,4251,4358,"Mówię i występuję tutaj jako ojciec siedmiorga dzieci. (Oklaski) Dwójka, gdy zmarła, była takiej wielkości.",['Appeal_to_Authority'],['Justification'],False,True,False,False,False,False,"Я говорю і виступаю тут як батько сімох дітей. (Оплески) Двоє, коли померли, були такого розміру."
pl_defence_22_05_2024_n04.txt,3364,3416,Poseł Grzegorz Braun: Szczęść Boże Wojsku Polskiemu!,['Loaded_Language'],['Manipulative_Wording'],False,False,False,False,False,True,Депутат Гжегож Браун: Нехай Бог благословить Польську армію!
pl_eu_03_04_2025_n02.txt,5475,5593,W tym zakresie priorytety węgierskiej prezydencji w Parlamencie Europejskim zaprezentowano dopiero we wrześniu 2024 r.,['Appeal_to_Time'],['Call'],False,False,False,False,True,False,У цьому контексті пріоритети угорського головування в Європейському парламенті були представлені лише у вересні 2024 року.
pl_abortion_11_04_2024_n12.txt,1547,1698,"Poseł Robert Gontarz: Państwo polskie jest od tego, żeby chronić życie każdego człowieka od poczęcia do naturalnej śmierci, bo każde życie jest święte.",['Appeal_to_Values'],['Justification'],False,True,False,False,False,False,"Депутат Роберт Гонтарж: Польська держава існує для того, щоб захищати життя кожної людини від зачаття до природної смерті, бо кожне життя є священним."
pl_eu_03_04_2025_n04.txt,6826,6934,"Myślę, że to było bardzo symboliczne i też świetne podsumowanie prezydencji węgierskiej w Unii Europejskiej.",[],[],False,False,False,False,False,False,"Думаю, що це було дуже символічно і також чудове завершення головування Угорщини в Європейському Союзі."
pl_defence_07_03_2025_n05.txt,6767,6888,"Odniosę się do kolejnego punktu, o którym mówił pan premier, czyli do powszechnego szkolenia wojskowego młodych mężczyzn.",[],[],False,False,False,False,False,False,"Перейду до наступного пункту, про який говорив пан прем'єр, тобто до загальної військової підготовки молодих чоловіків."
pl_abortion_11_04_2024_n09.txt,7780,7969,"A jeszcze bardziej oburza mnie to, że manipulujecie państwo młodymi ludźmi i młode dziewczęta, chociażby teraz siedzące na galerii, muszą wysłuchiwać (Dzwonek) manipulacji na temat aborcji.",['Questioning_the_Reputation'],['Attack_on_Reputation'],True,False,False,False,False,False,"Ще більше мене обурює те, що ви маніпулюєте молодими людьми, і молоді дівчата, які зараз сидять у галереї, повинні слухати (Дзвінок) маніпуляції щодо абортів."
pl_abortion_11_04_2024_n03.txt,8887,9032,"A potem w szpitalu zmarła Izabela z Pszczyny, która pisała do swojej matki: Na razie dzięki ustawie aborcyjnej muszę leżeć i nic nie mogę zrobić.",['Causal_Oversimplification'],['Simplification'],False,False,False,True,False,False,"А потім у лікарні померла Ізабела з Пщини, яка писала своїй матері: Наразі завдяки закону про аборти я мушу лежати і нічого не можу зробити."
pl_defence_22_05_2024_n01.txt,11490,11559,"(Głos z sali: Brawo!) Dziękuję bardzo. (Część posłów wstaje, oklaski)",[],[],False,False,False,False,False,False,"(Голос з залу: Браво!) Дякую дуже. (Частина депутатів встає, оплески)"
pl_hate_speech_act_19_12_2024_n03.txt,5047,5170,"Tak naprawdę najlepsze uzasadnienie tej ustawy przedstawiła pani minister, skupiając się całkowicie na jednym jej aspekcie.",[],[],False,False,False,False,False,False,"Насправді, найкраще обґрунтування цього закону представила пані міністр, зосередившись виключно на одному його аспекті."
pl_abortion_11_04_2024_n07.txt,3275,3443,"Tak, nasza, nasza, bo jej ciało nie jest inkubatorem, jak też czasem czytamy na transparentach, a jej dziecko nie jest pasożytem, jak mieliśmy okazję ostatnio usłyszeć.","['Loaded_Language', 'Repetition']",['Manipulative_Wording'],False,False,False,False,False,True,"Так, наша, наша, бо її тіло не є інкубатором, як ми іноді читаємо на транспарантах, а її дитина не є паразитом, як ми нещодавно мали можливість почути."
pl_hate_speech_act_19_12_2024_n04.txt,1276,1330,W mojej opinii odpowiedź na te oba pytania brzmi: tak.,[],[],False,False,False,False,False,False,"На мою думку, відповідь на обидва ці питання – так."
pl_defence_07_03_2025_n06.txt,7676,7765,Pieniądze europejskie są używane jako uzupełniające źródło finansowania poważnych rzeczy.,['Straw_Man'],['Distraction'],False,False,True,False,False,False,Європейські гроші використовуються як додаткове джерело фінансування важливих речей.
pl_hate_speech_act_19_12_2024_n04.txt,342,389,"To mogą być wasze rodziny, dzieci, przyjaciele.",['Appeal_to_Pity'],['Distraction'],False,False,True,False,False,False,"Це можуть бути ваші родини, діти, друзі."
pl_abortion_11_04_2024_n01.txt,83,213,"Witam przedstawicieli wszystkich struktur oraz osoby, które są zainteresowane tematem, nad którym będziemy w tej chwili obradować.",[],[],False,False,False,False,False,False,"Вітаю представників усіх структур та осіб, які зацікавлені темою, над якою ми зараз будемо обговорювати."
pl_eu_12_06_2024_n03.txt,507,681,"W przypadku tej ustawy art. 34 zobowiązywał organy naczelne administracji państwa do tego, żeby w składzie floty samochodowej było do 50% samochodów napędzanych elektrycznie.",[],[],False,False,False,False,False,False,"У випадку цього закону стаття 34 зобов'язувала органи центральної адміністрації держави мати у складі автопарку до 50% автомобілів, що працюють на електриці."
pl_current_affairs_09_01_2025_n03.txt,4450,4694,"Te kilometry wałów przeciwpowodziowych, które państwo zbudowaliście… Jeżeli już mówicie o bezpieczeństwie przeciwpowodziowym, to jeszcze przypomnę: za pierwszego rządu Donalda Tuska – 1732 km… (Poseł Anna Gembicka: Bo potrójnie raportowaliście.","['Doubt', 'Repetition']","['Attack_on_Reputation', 'Manipulative_Wording']",True,False,False,False,False,True,"Ці кілометри протипаводкових валів, які ви збудували… Якщо вже йдеться про протипаводкову безпеку, то ще нагадаю: за першого уряду Дональда Туска – 1732 км… (Депутат Анна Гембіцька: Бо ви тричі звітували."
pl_abortion_11_04_2024_n04.txt,4392,4461,A może raczej umiejętności dyskusji i szukania wspólnego rozwiązania?,['Appeal_to_Values'],['Justification'],False,True,False,False,False,False,"Можливо, радше вміння дискутувати та шукати спільне рішення?"
pl_defence_07_03_2025_n04.txt,6322,6473,"A pamiętajmy, że nie wszystkie kraje realizują zobowiązania, które zostały podpisane 10 lat temu, dotyczące wydawania przynajmniej 2% PKB na obronność.",[],[],False,False,False,False,False,False,"Пам'ятаймо, що не всі країни виконують зобов'язання, які були підписані 10 років тому, щодо виділення щонайменше 2% ВВП на оборону."
pl_abortion_11_04_2024_n13.txt,7152,7317,"To ja panu powiem: Co pan ma w tej głowie, że pan takie głupoty opowiada? (Oklaski) Jeżeli ktoś zabija dzieci, to jest art. 148 Kodeksu karnego i idzie do więzienia.","['Loaded_Language', 'Questioning_the_Reputation']","['Attack_on_Reputation', 'Manipulative_Wording']",True,False,False,False,False,True,"Ось що я вам скажу: Що в вас у голові, що ви таке дурне розповідаєте? (Оплески) Якщо хтось вбиває дітей, то це стаття 148 Кримінального кодексу, і він потрапляє до в’язниці."
pl_eu_03_04_2025_n06.txt,8407,8463,"My naprawdę przejmiemy rządy, jeśli wam się już znudziło.",['Questioning_the_Reputation'],['Attack_on_Reputation'],True,False,False,False,False,False,"Ми справді переберемо владу, якщо вам це вже набридло."
pl_abortion_11_04_2024_n04.txt,7077,7199,"Nie chcemy, aby ten temat nas dzielił, ale by był przyczynkiem do szerszej dyskusji opartej na wzajemnej trosce i empatii.",[],[],False,False,False,False,False,False,"Ми не хочемо, щоб ця тема нас розділяла, а щоб вона була внеском у ширшу дискусію, засновану на взаємній турботі та емпатії."
pl_abortion_11_04_2024_n14.txt,668,826,"Według jednej z tych ustaw bez konsekwencji prawnej można to będzie zrobić do czasu, gdy nowa istota będzie miała 3 miesiące, według drugiej – ok. 6 miesięcy.",['Appeal_to_Pity'],['Distraction'],False,False,True,False,False,False,"Згідно з одним із цих законів без правових наслідків це можна буде зробити до того часу, поки нова істота не досягне 3 місяців, згідно з іншим – близько 6 місяців."
pl_abortion_11_04_2024_n11.txt,1931,2094,"Wyjeżdżając na to posiedzenie Sejmu, usłyszałem od mojej żony, mamy naszej piątki dzieci: broń życia, bo życie to prawo, bo wszystkie dzieci na to prawo zasługują.","['Slogans', 'Appeal_to_Values']","['Justification', 'Call']",False,True,False,False,True,False,"Виїжджаючи на це засідання Сейму, я почув від моєї дружини, матері наших п’яти дітей: зброя життя, бо життя – це право, бо всі діти мають право на це."
pl_abortion_11_04_2024_n08.txt,4556,4632,Byłem też z moją żoną na zabiegach usunięcia martwego dziecka po poronieniu.,[],[],False,False,False,False,False,False,Я також був з моєю дружиною на операції з видалення мертвої дитини після викидня.
pl_statements_20_02_2025_n04.txt,1132,1165,To nie są incydentalne przypadki.,[],[],False,False,False,False,False,False,Це не поодинокі випадки.
pl_defence_07_03_2025_n07.txt,532,619,"Amerykanie w zeszłym roku na obsługę długu publicznego, na odsetki, wydali 1200 mld zł.",['Red_Herring'],['Distraction'],False,False,True,False,False,False,"Американці минулого року на обслуговування державного боргу, на відсотки, витратили 1200 млрд злотих."
pl_abortion_11_04_2024_n01.txt,5993,6030,"To jest przewrotne, diabelskie prawo.",['Loaded_Language'],['Manipulative_Wording'],False,False,False,False,False,True,"Це перевернуте, диявольське право."
pl_defence_07_03_2025_n06.txt,7238,7271,Dlaczego nikt o tym nie rozmawia?,['Doubt'],['Attack_on_Reputation'],True,False,False,False,False,False,Чому ніхто про це не говорить?
pl_eu_03_04_2025_n04.txt,5630,5837,"Te interesy Węgier zresztą były chyba nie do końca realizowane, bo pod koniec prezydencji węgierskiej dowiedzieliśmy się, że w ramach mechanizmu warunkowości Węgry straciły miliard euro z polityki spójności.",['Doubt'],['Attack_on_Reputation'],True,False,False,False,False,False,"Ці інтереси Угорщини, мабуть, не були повністю реалізовані, адже наприкінці угорського головування ми дізналися, що в рамках механізму обумовленості Угорщина втратила мільярд євро з політики згуртованості."
pl_abortion_11_04_2024_n04.txt,7506,7610,"Zanim poproszę panią poseł, chcę przeprosić, bo nie wiem, czy jeszcze jest grupa młodzieży z Jędrzejowa.",[],[],False,False,False,False,False,False,"Перш ніж попросити пані депутатку, хочу вибачитися, бо не знаю, чи ще є група молоді з Єнджейова."
pl_abortion_11_04_2024_n02.txt,688,758,"Przyjaciółka opowiada mamie o wdzięczności dla Ewy, która jej pomogła.",['Appeal_to_Pity'],['Distraction'],False,False,True,False,False,False,"Подруга розповідає мамі про вдячність до Єви, яка їй допомогла."
pl_statements_20_02_2025_n03.txt,6687,6731,"To kolejny krok do tego, aby ją zlikwidować.",['Appeal_to_Fear-Prejudice'],['Justification'],False,True,False,False,False,False,Це ще один крок до її ліквідації.
pl_hate_speech_act_19_12_2024_n08.txt,5494,5564,Ze strony waszych środowisk słyszymy również o czymś takim jak ageizm.,[],[],False,False,False,False,False,False,"З боку ваших середовищ ми також чуємо про таке явище, як ейджизм."
pl_defence_22_05_2024_n04.txt,8081,8117,Za naszą granicą trwa otwarta wojna.,['Appeal_to_Fear-Prejudice'],['Justification'],False,True,False,False,False,False,За нашим кордоном триває відкрита війна.
pl_abortion_11_04_2024_n11.txt,5122,5175,"Różnimy się, ale zawsze warto rozmawiać z szacunkiem.",['Slogans'],['Call'],False,False,False,False,True,False,"Ми різні, але завжди варто спілкуватися з повагою."
pl_abortion_11_04_2024_n07.txt,6420,6616,"„Wprowadzenie w Polsce szeroko dostępnej aborcji »na życzenie«, czyli bez żadnego ważnego powodu, a jedynie na podstawie swobodnej decyzji kobiety, należy do sztandarowych postulatów Nowej Lewicy.",['Name_Calling-Labeling'],['Attack_on_Reputation'],True,False,False,False,False,False,"Введення в Польщі широко доступної аборту «за бажанням», тобто без жодної поважної причини, а лише на основі вільного рішення жінки, є одним із головних постулатів Нової Лівиці."
pl_defence_22_05_2024_n04.txt,5734,5903,"Obrona, panie premierze, powinna łączyć ponad podziałami. (Głos z sali: No właśnie.) Nie skorzystał pan dzisiaj z tej możliwości, z możliwości budowania zgody, a szkoda.","['Appeal_to_Values', 'Doubt']","['Attack_on_Reputation', 'Justification']",True,True,False,False,False,False,"Захист, пане прем'єр-міністре, має об'єднувати понад поділами. (Голос із залу: Так, саме так.) Ви не скористалися сьогодні цією можливістю, можливістю побудови згоди, і це шкода."
pl_abortion_11_04_2024_n12.txt,7457,7545,"Zastanawiałem się, czy wziąć udział w tej dyskusji. (Głos z sali: Trzeba było nie brać.)",[],[],False,False,False,False,False,False,"Я думав, чи брати участь у цій дискусії. (Голос із залу: Треба було не брати.)"
pl_eu_03_04_2025_n04.txt,0,231,"Prawda jest taka, że kiedy pańska zastępczyni została zapytana w ramach podsumowania tego I półrocza polskiej prezydencji, jakie wydarzenie szczególnie zapadło jej w pamięć, to chwilę się zastanawiała i powiedziała o gali otwarcia.",['Red_Herring'],['Distraction'],False,False,True,False,False,False,"Правда полягає в тому, що коли пані заступницю запитали в рамках підведення підсумків першого півріччя польського головування, яка подія особливо запам'яталася їй, вона трохи подумала і сказала про церемонію відкриття."
pl_abortion_11_04_2024_n09.txt,6602,6708,"Obiecuję, że nie będę zrzucać z mównicy, jeżeli przekroczą państwo tę 1 minutę, bo tematy są bardzo ważne.",[],[],False,False,False,False,False,False,"Обіцяю, що не буду переривати вас, якщо ви перевищите цю 1 хвилину, бо теми дуже важливі."
pl_current_affairs_09_01_2025_n01.txt,6563,6690,"Świadczenia z programu „Aktywny rodzic” ZUS wypłaca w danym miesiącu za miesiąc poprzedni, czyli np. w grudniu za listopad itd.",[],[],False,False,False,False,False,False,"Виплати з програми «Активний батько» ZUS виплачує в певному місяці за попередній місяць, тобто, наприклад, у грудні за листопад тощо."
pl_eu_03_04_2025_n04.txt,7659,7792,"To zaangażowanie Polski, zaangażowanie pana ministra Szłapki sprawiło, że kraje unijne zyskały nowe spojrzenie na problem migracyjny.",[],[],False,False,False,False,False,False,"Це залучення Польщі, залучення пана міністра Шлапки, призвело до того, що країни ЄС отримали новий погляд на проблему міграції."
pl_defence_22_05_2024_n01.txt,3665,3774,Ten program ja miałem zaszczyt nabyć w marcu 2018 r. (Oklaski) razem z umową dotyczącą dwóch baterii Patriot.,[],[],False,False,False,False,False,False,Цей програш я мав честь придбати у березні 2018 року (Оплески) разом з угодою щодо двох батарей Patriot.
pl_current_affairs_09_01_2025_n02.txt,10862,11076,"W 2023 r., kilka lat później, okazało się, że jeśli chodzi o dokapitalizowanie spółek zaangażowanych w ten projekt, w projekt „Batory”, zainwestowano 1 mld zł z publicznych pieniędzy – 1 mld zł strat i zero promów.",['Questioning_the_Reputation'],['Attack_on_Reputation'],True,False,False,False,False,False,"У 2023 році, через кілька років, з’ясувалося, що якщо йдеться про докапіталізацію компаній, залучених до цього проєкту, у проєкт «Батори» було інвестовано 1 млрд злотих з державних коштів – 1 млрд злотих втрат і нуль промоцій."
pl_defence_22_05_2024_n01.txt,3381,3492,"Dywizja Zmechanizowana, która broni właśnie bramy brzeskiej, odstraszając agresora, przed atakiem na nasz kraj.",['Appeal_to_Fear-Prejudice'],['Justification'],False,True,False,False,False,False,"Механізована дивізія, яка захищає саме браму Бреста, відлякуючи агресора, перед нападом на нашу країну."
pl_hate_speech_act_19_12_2024_n08.txt,2977,3176,"A gdy latem przyszłego roku zobaczę w parku półnagiego pana w lateksie trzymającego na smyczy drugiego pana na czworakach i powiem, że im się trochę miesza w głowie, to trafię na 2 lata do więzienia.","['Consequential_Oversimplification', 'Straw_Man', 'Appeal_to_Fear-Prejudice']","['Justification', 'Distraction', 'Simplification']",False,True,True,True,False,False,"А коли влітку наступного року побачу в парку напівголого пана в латексі, який тримає на повідку іншого пана на чотирьох лапах, і скажу, що їм трохи в голові перемішалося, то потраплю на 2 роки до в’язниці."
pl_eu_03_04_2025_n04.txt,1782,2050,"Zapamiętamy, panie ministrze, że pan, czując się dobrze na plaży, na leżakach podczas Campusu Polska, był didżejem i pan tam ośmiogwiazdkową rosyjską propagandę didżejował w trakcie węgierskiej prezydencji. (Oklaski) (Poseł Katarzyna Królak: Już pan nie zazdrości tak.","['Loaded_Language', 'Questioning_the_Reputation', 'Red_Herring']","['Attack_on_Reputation', 'Distraction', 'Manipulative_Wording']",True,False,True,False,False,True,"Запам'ятаємо, пане міністре, що ви, почуваючись добре на пляжі, на лежаках під час Campusu Polska, були діджеєм і ви там восьмизіркову російську пропаганду діджеїли під час угорського головування. (Оплески) (Депутат Катажина Круляк: Ви вже не заздрите так."
pl_abortion_11_04_2024_n04.txt,863,980,"Aborcję farmakologiczną można zastosować zaraz po stwierdzeniu ciąży, a więc już w pierwszych tygodniach jej trwania.",[],[],False,False,False,False,False,False,"Фармакологічну аборцію можна застосувати відразу після встановлення вагітності, тобто вже на перших тижнях її перебігу."
pl_abortion_11_04_2024_n12.txt,1828,1868,Poseł Sylwia Bielawska: Panie Marszałek!,[],[],False,False,False,False,False,False,Пані Маршалку!
pl_eu_12_06_2024_n01.txt,5893,6082,"Brak konkurencyjności spowodowany brakiem zastosowania ustawy – Prawo zamówień publicznych będzie przekładać się na wyższe ceny ofertowe, zwiększać wydatki publiczne związane z prezydencją.",[],[],False,False,False,False,False,False,"Відсутність конкурентоспроможності, спричинена відсутністю застосування закону – Закон про державні закупівлі, призведе до вищих цін пропозицій, збільшення державних витрат, пов’язаних з президентством."
pl_defence_22_05_2024_n03.txt,4181,4237,"Te pieniądze, które są w budżecie, powinny być wydawane.",[],[],False,False,False,False,False,False,"Ці гроші, які є в бюджеті, повинні бути витрачені."
pl_abortion_11_04_2024_n12.txt,0,46,Poseł Robert Gontarz: Szanowna Pani Marszałek!,[],[],False,False,False,False,False,False,Шановний пане Маршалку!
pl_abortion_11_04_2024_n05.txt,9940,10038,Dlatego Koalicja Obywatelska przygotowała i przedstawia projekt ustawy o świadomym rodzicielstwie.,[],[],False,False,False,False,False,False,Тому Громадянська коаліція підготувала та представляє проєкт закону про свідоме батьківство.
pl_eu_03_04_2025_n08.txt,35,139,"Tutaj koledzy z Konfederacji często mówią o tym, że wojna jest na Ukrainie, że Polacy pomagają Ukrainie.",[],[],False,False,False,False,False,False,"Тут колеги з Конфедерації часто говорять, що війна в Україні, що поляки допомагають Україні."
pl_defence_22_05_2024_n04.txt,3881,3994,"Nie jest bezdyskusyjne angażowanie Polski w tworzenie wermachtu eurokołchozowego, co pan tu radośnie zaanonsował.","['Loaded_Language', 'Name_Calling-Labeling', 'Repetition']","['Attack_on_Reputation', 'Manipulative_Wording']",True,False,False,False,False,True,"Не є бездискусійним залучення Польщі до створення вермахту євроколгоспу, що ви тут радісно анонсували."
pl_abortion_11_04_2024_n08.txt,2116,2206,"Równocześnie za to samo, za zabicie dziecka niemieckiego w Niemczech groziła kara śmierci.",['False_Equivalence'],['Simplification'],False,False,False,True,False,False,"Водночас за те саме, за вбивство німецької дитини в Німеччині, загрожувала смертна кара."
pl_eu_03_04_2025_n07.txt,4851,4908,Węgry nie wykorzystały swojej możliwości i swojej szansy.,[],[],False,False,False,False,False,False,Угорщина не використала своєї можливості та своєї шанси.
pl_statements_20_02_2025_n02.txt,2003,2069,"Zamiast skrótu CPK użyłem skrótu PCK, czyli Polski Czerwony Krzyż.",[],[],False,False,False,False,False,False,"Замість абревіатури CPK я використав абревіатуру PCK, тобто Польський Червоний Хрест."
pl_eu_03_04_2025_n02.txt,2911,3015,"Z punktu widzenia interesów Polski myślę, że możemy powiedzieć, że ten półroczny czas to był dobry czas.",['Flag_Waving'],['Justification'],False,True,False,False,False,False,"З точки зору інтересів Польщі, я думаю, ми можемо сказати, що цей піврічний період був добрим часом."
pl_eu_03_04_2025_n07.txt,3589,3793,"Panie pośle, marszałek Szymon Hołownia do Sejmu zaprasza tylko ludzi, którzy legalnie przebywają na terenie Rzeczypospolitej Polskiej i mają do tego prawo. (Poseł Witold Tumanowicz: A jak się tu dostali?)",['Doubt'],['Attack_on_Reputation'],True,False,False,False,False,False,"Пане посла, маршалок Шимон Головня запрошує до Сейму лише людей, які легально перебувають на території Республіки Польща і мають на це право. (Депутат Вітольд Туманович: А як вони сюди потрапили?)"
pl_statements_20_02_2025_n01.txt,3634,3772,Wystarczyło kilka miesięcy rządów koalicji 13 grudnia i w Polsce zanotowano największe w całej Unii Europejskiej tempo zwolnień grupowych.,"['Causal_Oversimplification', 'Name_Calling-Labeling', 'Doubt']","['Attack_on_Reputation', 'Simplification']",True,False,False,True,False,False,"Достатньо було кількох місяців правління коаліції 13 грудня, і в Польщі було зафіксовано найвищий у всьому Європейському Союзі темп масових звільнень."
pl_abortion_11_04_2024_n09.txt,2981,3101,"Niestety zabijanie dzieci w łonach matek było, jest i prawdopodobnie będzie, ale nie powinniśmy tego prawnie akceptować.","['False_Equivalence', 'Loaded_Language', 'Appeal_to_Fear-Prejudice']","['Justification', 'Simplification', 'Manipulative_Wording']",False,True,False,True,False,True,"На жаль, вбивство дітей у лонах матерів було, є і, ймовірно, буде, але ми не повинні приймати це юридично."
pl_defence_07_03_2025_n07.txt,1325,1424,"Nasze podejście powinno być takie: Po pierwsze Polska, nasz interes narodowy, nasze bezpieczeństwo.","['Conversation_Killer', 'Flag_Waving', 'Slogans']","['Justification', 'Call']",False,True,False,False,True,False,"Наш підхід має бути таким: По-перше, Польща, наш національний інтерес, наша безпека."
pl_defence_07_03_2025_n03.txt,5062,5134,"Nie ulega wątpliwości, że dzisiaj jedziemy w pociągu, który się trzęsie.","['Conversation_Killer', 'Obfuscation-Vagueness-Confusion', 'Appeal_to_Fear-Prejudice']","['Justification', 'Call', 'Manipulative_Wording']",False,True,False,False,True,True,"Немає сумнівів, що сьогодні ми їдемо в поїзді, який трясеться."
pl_statements_20_02_2025_n01.txt,3773,3962,"Premier Tusk zapowiedział, że ten rok będzie rokiem przełomu i wyjątkowo powiedział prawdę, tyle że będzie to przełom w pobiciu rekordów masowych zwolnień w całej historii Rzeczypospolitej.","['Appeal_to_Hypocrisy', 'Doubt']",['Attack_on_Reputation'],True,False,False,False,False,False,"Прем'єр-міністр Туск пообіцяв, що цей рік стане роком перелому, і він справді сказав правду, але це буде перелом у побитті рекордів масових звільнень в історії Речі Посполитої."
pl_current_affairs_09_01_2025_n03.txt,1626,1806,"Po pierwsze, nieprawdą jest, że ten raport został poprawiony i że to było przyczyną decyzji sądu w 2021 r., uchylającej pierwszą decyzję waszego ministra z Prawa i Sprawiedliwości.",[],[],False,False,False,False,False,False,"По-перше, неправда, що цей звіт було виправлено і що це стало причиною рішення суду у 2021 році, яке скасувало перше рішення вашого міністра юстиції."
pl_abortion_11_04_2024_n01.txt,2870,2920,Wszyscy mówią o płodach… (Głos z sali: Dzieciach.),['Appeal_to_Values'],['Justification'],False,True,False,False,False,False,Всі говорять про плоди… (Голос із залу: Дітей.)
pl_eu_12_06_2024_n03.txt,6181,6231,"Pani poseł Małgorzata Pępek, Koalicja Obywatelska.",[],[],False,False,False,False,False,False,"Пані посол Малгожата Пеньок, Громадянська коаліція."
pl_eu_03_04_2025_n01.txt,5362,5422,Nie były one specjalnie priorytetem prezydencji węgierskiej.,[],[],False,False,False,False,False,False,Вони не були особливо пріоритетом угорського головування.
pl_current_affairs_09_01_2025_n02.txt,3707,3825,"Chodzi o to, by nasze dzieci mogły w bezpieczny, dobry sposób (Dzwonek) rozwijać się w ramach opieki instytucjonalnej.",['Appeal_to_Values'],['Justification'],False,True,False,False,False,False,"Йдеться про те, щоб наші діти могли безпечно та добре (Дзвоник) розвиватися в рамках інституційного догляду."
pl_hate_speech_act_19_12_2024_n03.txt,1533,1686,"Sejm ustalił, że w dyskusji nad tym punktem porządku dziennego wysłucha 5-minutowych oświadczeń w imieniu klubów i 3-minutowych oświadczeń w imieniu kół.",[],[],False,False,False,False,False,False,"Верховна Рада встановила, що в обговоренні цього питання порядку денного будуть вислухані 5-хвилинні заяви від імені клубів та 3-хвилинні заяви від імені груп."
pl_abortion_11_04_2024_n03.txt,7997,8207,"Do części kobiet dotrą informacje o Aborcji bez Granic, ale część może albo zostać oszukana, albo po prostu sobie nie poradzić, a część będzie martwiła się o to, skąd wziąć i jak załatwić pieniądze na tabletki.",[],[],False,False,False,False,False,False,"Частина жінок отримає інформацію про Aborcja bez Granic, але частина може або бути обманутою, або просто не впоратися, а частина буде хвилюватися про те, де взяти і як отримати гроші на таблетки."
pl_eu_12_06_2024_n01.txt,3901,3950,Poseł Szymon Szynkowski vel Sęk: Panie Marszałku!,[],[],False,False,False,False,False,False,Пане Маршалку!
pl_hate_speech_act_19_12_2024_n09.txt,4330,4513,"Pamiętamy słynne wybijanie szyb w siedzibie (Dzwonek) stowarzyszenia Stonewall, nazywanie osób LGBT sodomitami, ataki na tęczowe piątki, no i słynne: LGBT to nie ludzie, to ideologia.",['Appeal_to_Fear-Prejudice'],['Justification'],False,True,False,False,False,False,"Пам'ятаємо відоме вибивання вікон у штаб-квартирі (Дзвоник) асоціації Stonewall, називання осіб ЛГБТ содомітами, напади на веселкові п'ятірки, ну і відоме: ЛГБТ – це не люди, це ідеологія."
pl_abortion_11_04_2024_n10.txt,6947,6978,Niech będzie drugi transparent.,[],[],False,False,False,False,False,False,Нехай буде другий транспарант.
pl_abortion_11_04_2024_n04.txt,7871,7883,"Proszę, Ula.",[],[],False,False,False,False,False,False,"Будь ласка, Уля."
pl_eu_12_06_2024_n02.txt,4863,4870,Nie ma.,[],[],False,False,False,False,False,False,Немає.
pl_abortion_11_04_2024_n11.txt,6019,6206,"Więc bardzo dziękuję tym wszystkim, którzy dzisiaj biją w dzwon, modlą się na różańcu, którzy wykorzystują te krótkie minuty, sekundy, żeby z tej mównicy bronić standardu cywilizacyjnego.",['Loaded_Language'],['Manipulative_Wording'],False,False,False,False,False,True,"Отже, дуже дякую всім, хто сьогодні б'є в дзвін, молиться на вервиці, хто використовує ці короткі хвилини, секунди, щоб з цієї трибуни захищати стандарт цивілізації."
pl_defence_07_03_2025_n02.txt,646,713,Konsensus także powinien być zbudowany wokół fundamentalnych prawd.,['Appeal_to_Values'],['Justification'],False,True,False,False,False,False,Консенсус також має бути побудований навколо фундаментальних істин.
pl_current_affairs_09_01_2025_n02.txt,8652,8857,"Inwestor nie przeanalizował innych działań w zakresie możliwości osiągnięcia celu środowiskowego środkami mniej dolegliwymi dla środowiska i nie udowodnił, że ten cel nie może być za ich pomocą osiągnięty.",[],[],False,False,False,False,False,False,"Інвестор не проаналізував інших заходів щодо досягнення екологічної мети менш шкідливими для навколишнього середовища засобами і не довів, що ця мета не може бути досягнута за їх допомогою."
pl_abortion_11_04_2024_n09.txt,4775,4788,Prawa kobiet.,[],[],False,False,False,False,False,False,Права жінок.
pl_defence_07_03_2025_n01.txt,0,48,Wicemarszałek Piotr Zgorzelski: Wznawiam obrady.,[],[],False,False,False,False,False,False,Віцемаршалок Пьотр Згожельський: Відновлюю засідання.
pl_eu_03_04_2025_n05.txt,2717,2748,Panie Pośle Szynkowski vel Sęk!,['Doubt'],['Attack_on_Reputation'],True,False,False,False,False,False,Пане Посліве Шиньковскі вель Сек!
pl_defence_22_05_2024_n01.txt,8155,8337,"Jeżeli jesienią tego roku wygra prezydent Donald Trump, może doprowadzić to do tego, że Polska będzie zagrożona, co by było fatalne, co by było konsekwencją waszych fatalnych rządów.","['Consequential_Oversimplification', 'Flag_Waving', 'Loaded_Language', 'Questioning_the_Reputation', 'Name_Calling-Labeling']","['Attack_on_Reputation', 'Justification', 'Simplification', 'Manipulative_Wording']",True,True,False,True,False,True,"Якщо восени цього року переможе президент Дональд Трамп, це може призвести до того, що Польща буде під загрозою, що було б фатальним, що було б наслідком ваших фатальних урядів."
pl_eu_03_04_2025_n08.txt,919,948,To są nasi sojusznicy w NATO.,[],[],False,False,False,False,False,False,Це наші союзники в НАТО.
pl_defence_07_03_2025_n07.txt,4023,4058,Poseł Adrian Zandberg: Wysoka Izbo!,[],[],False,False,False,False,False,False,Депутат Адріан Занберг: Високоповажна Палато!
pl_eu_03_04_2025_n07.txt,5246,5300,Przecież na Węgrzech są dzisiaj zamykani dziennikarze.,['Appeal_to_Hypocrisy'],['Attack_on_Reputation'],True,False,False,False,False,False,Адже в Угорщині сьогодні закривають журналістів.
pl_eu_12_06_2024_n03.txt,5176,5215,I jakie śmieszne tłumaczenia przyjmują.,"['Loaded_Language', 'Questioning_the_Reputation']","['Attack_on_Reputation', 'Manipulative_Wording']",True,False,False,False,False,True,І які смішні переклади вони приймають.
pl_defence_07_03_2025_n08.txt,8116,8197,"Daje nam to wiarę w to, że dalsza integracja może być jeszcze bardziej skuteczna.",[],[],False,False,False,False,False,False,"Це дає нам віру в те, що подальша інтеграція може бути ще більш ефективною."
pl_eu_03_04_2025_n08.txt,4266,4312,Poseł Sławomir Ćwik: Szanowny Panie Marszałku!,[],[],False,False,False,False,False,False,Шановний пане Маршалку!
pl_defence_22_05_2024_n04.txt,5321,5503,"W głowie się nie mieści, bo pluliście na polski mundur, obrażaliście żołnierzy i pograniczników, przyklaskiwaliście biedzie intelektualnej, która wrzeszczała o mordercach na granicy.","['Appeal_to_Hypocrisy', 'Loaded_Language']","['Attack_on_Reputation', 'Manipulative_Wording']",True,False,False,False,False,True,"Це неможливо зрозуміти, бо ви плювалися на польський мундир, ображали солдатів і прикордонників, аплодували інтелектуальній бідності, яка кричала про вбивць на кордоні."
pl_statements_20_02_2025_n01.txt,6018,6128,"Mimo tego, że występuje często, wciąż jest stygmatyzowana, a osoby na nią cierpiące wstydzą się szukać pomocy.",[],[],False,False,False,False,False,False,"Незважаючи на те, що вона зустрічається часто, вона все ще стигматизується, і люди, які на неї страждають, соромляться звертатися за допомогою."
pl_abortion_11_04_2024_n04.txt,4095,4212,Bardzo proszę panią poseł Agnieszkę Buczyńską o przedstawienie uzasadnienia projektu ustawy zawartego w druku nr 223.,[],[],False,False,False,False,False,False,"Дуже прошу пані депутатку Агнєшку Бучинську представити обґрунтування законопроекту, що міститься в документі № 223."
pl_defence_07_03_2025_n06.txt,4847,4858,Prawie nic.,['Doubt'],['Attack_on_Reputation'],True,False,False,False,False,False,Майже нічого.
pl_abortion_11_04_2024_n05.txt,7820,7949,"Nikt nie może narzucać konsekwencji swoich poglądów innym, bo ludzie są różni, mają różne światopoglądy i chcą o sobie decydować.",['Repetition'],['Manipulative_Wording'],False,False,False,False,False,True,"Ніхто не може нав'язувати наслідки своїх поглядів іншим, бо люди різні, мають різні світогляди і хочуть самостійно вирішувати за себе."
pl_eu_03_04_2025_n01.txt,8210,8462,"Podkreślam, że żeby otworzyć jeden klaster negocjacyjny, tak jak np. klaster 1 w negocjacjach z Ukrainą, potrzebne są aż trzy głosowania i potrzebna jest trzy razy jednomyślność, więc tutaj jest absolutnie potrzebna zgoda wszystkich państw europejskich.",[],[],False,False,False,False,False,False,"Підкреслюю, що для відкриття одного переговорного кластеру, наприклад, кластеру 1 у переговорах з Україною, потрібні аж три голосування та три рази одностайність, тому тут абсолютно необхідна згода всіх європейських країн."
pl_defence_22_05_2024_n03.txt,1737,1841,"To, że pan mówi dzisiaj, że idziemy w tym kierunku, że budujemy, nie ma nic wspólnego z rzeczywistością.",['Appeal_to_Hypocrisy'],['Attack_on_Reputation'],True,False,False,False,False,False,"Те, що ви говорите сьогодні, що ми йдемо в цьому напрямку, що будуємо, не має нічого спільного з реальністю."
pl_statements_20_02_2025_n01.txt,6536,6586,Poseł Jacek Niedźwiedzki: Szanowna Pani Marszałek!,[],[],False,False,False,False,False,False,Шановний пане Маршалку!
pl_defence_07_03_2025_n06.txt,2380,2415,Witamy bardzo serdecznie. (Oklaski),[],[],False,False,False,False,False,False,Вітаємо дуже сердечно. (Оплески)
pl_hate_speech_act_19_12_2024_n08.txt,7062,7355,"Mężczyzna i kobieta.) Czy będzie pan miał odwagę to powiedzieć? (Dzwonek) Jeżeli nie zejdziecie z tej drogi… (Głos z sali: Nie zejdziemy.) …to możemy mieć w Polsce bardzo niebezpieczną sytuację dla wolności słowa, dlatego będziemy głosowali przeciwko tej fatalnej, lewackiej ustawie. (Oklaski)","['Loaded_Language', 'Questioning_the_Reputation', 'Appeal_to_Values', 'Appeal_to_Fear-Prejudice']","['Attack_on_Reputation', 'Justification', 'Manipulative_Wording']",True,True,False,False,False,True,"Чоловік і жінка.) Чи матимете ви мужність це сказати? (Дзвінок) Якщо ви не зійдете з цього шляху… (Голос із залу: Ми не зійдемо.) …то можемо мати в Польщі дуже небезпечну ситуацію для свободи слова, тому ми голосуватимемо проти цього фатального, лівого закону. (Оплески)"
pl_hate_speech_act_19_12_2024_n09.txt,7661,7847,"Wierzę, że obecna większość sejmowa przyjmie zmiany, które pozwolą na zapewnienie pełniejszej i skuteczniejszej ochrony grupom obywateli szczególnie narażonym na przemoc i dyskryminację.",[],[],False,False,False,False,False,False,"Вірю, що нинішня більшість у парламенті ухвалить зміни, які дозволять забезпечити більш повний і ефективний захист груп громадян, особливо вразливих до насильства та дискримінації."
pl_eu_03_04_2025_n02.txt,4989,5193,"Stało się ono hasłem prezydencji, a rząd Węgier stwierdził, że w okresie prezydencji chce być, jak to określono, uczciwym brokerem w sprawach dotyczących relacji państw członkowskich w ramach prezydencji.",['Name_Calling-Labeling'],['Attack_on_Reputation'],True,False,False,False,False,False,"Це стало гаслом президентства, а уряд Угорщини заявив, що в період президентства хоче бути, як це визначено, чесним брокером у справах, що стосуються відносин між державами-членами в рамках президентства."
pl_abortion_11_04_2024_n01.txt,346,371,"Super, bardzo dziękujemy.",[],[],False,False,False,False,False,False,"Супер, дуже дякуємо."
pl_abortion_11_04_2024_n08.txt,1531,1683,"Lobby aborcyjne, domagając się szerokiego dostępu do zabijania poczętych dzieci, czerpie obficie z dokonań Adolfa Hitlera, waszego wzoru prawdopodobnie.",['Guilt_by_Association'],['Attack_on_Reputation'],True,False,False,False,False,False,"Абортний лобі, вимагаючи широкого доступу до вбивства зачатих дітей, щедро черпає з досягнень Адольфа Гітлера, вашого, ймовірно, зразка."
pl_current_affairs_09_01_2025_n02.txt,752,837,"Sądzę, że ZUS jest to w stanie szybko zweryfikować, a mimo wszystko te opóźnienia są.",['Doubt'],['Attack_on_Reputation'],True,False,False,False,False,False,"Вважаю, що ZUS може швидко це перевірити, але все одно ці затримки є."
pl_defence_22_05_2024_n04.txt,8262,8310,"Tak, dbał o bezpieczeństwo, ale finansowe PiS-u.","['Questioning_the_Reputation', 'Repetition']","['Attack_on_Reputation', 'Manipulative_Wording']",True,False,False,False,False,True,"Так, він дбав про безпеку, але фінансову безпеку PiS."
pl_abortion_11_04_2024_n02.txt,1037,1113,"Ale okazuje się, że przemocowy partner śledził Anię i widział te wiadomości.",['Name_Calling-Labeling'],['Attack_on_Reputation'],True,False,False,False,False,False,"Але виявляється, що партнер-насильник стежив за Анею і бачив ці повідомлення."
pl_defence_07_03_2025_n06.txt,3094,3204,"To jest sytuacja niepoważna. (Oklaski) Ona pokazuje, że premier obecnej sytuacji nie traktuje jako kryzysowej.","['Conversation_Killer', 'Doubt', 'Repetition']","['Attack_on_Reputation', 'Call', 'Manipulative_Wording']",True,False,False,False,True,True,"Це несерйозна ситуація. (Оплески) Вона показує, що прем'єр не вважає поточну ситуацію кризовою."
pl_eu_12_06_2024_n02.txt,847,877,Co zamierzacie państwo zrobić?,[],[],False,False,False,False,False,False,Що ви маєте намір зробити?
pl_current_affairs_09_01_2025_n01.txt,6369,6561,"Jeżeli chodzi o „aktywnie w żłobku”, ZUS musi zweryfikować, czy dziecko rzeczywiście uczęszczało do zadeklarowanej przez rodzica placówki i jaką opłatę za tę placówkę w danym miesiącu uiścili.",[],[],False,False,False,False,False,False,"Якщо йдеться про «активно в яслах», ZUS повинен перевірити, чи дитина дійсно відвідувала заклад, заявлений батьком, і яку плату за цей заклад було сплачено в даному місяці."
pl_statements_20_02_2025_n02.txt,4901,5180,"Państwa, którego kolebkę stanowią właśnie ziemie Wielkopolski, regionu, który przez następne setki lat pokazywał swoje oddanie i poświęcenie dla sprawy polskiej, a patriotyzmem połączonym z pracowitością i zorganizowaniem potrafił odeprzeć próby zagarnięcia przez obce mocarstwa.",[],[],False,False,False,False,False,False,"Країни, колискою якої є саме землі Великопольщі, регіону, який протягом наступних сотень років демонстрував свою відданість і самопожертву заради польської справи, а патріотизм, поєднаний з працьовитістю та організованістю, зміг відбити спроби захоплення іноземними державами."
pl_defence_22_05_2024_n01.txt,3775,3857,A tę umowę przygotowywał mój poprzednik pan minister Antoni Macierewicz. (Oklaski),[],[],False,False,False,False,False,False,А цю угоду готував мій попередник пан міністр Антоній Мацеревич. (Оплески)
pl_eu_03_04_2025_n04.txt,4893,4981,Ewidentnie panu przewodniczącemu Szynkowskiemu vel Sękowi udzielił się wakacyjny klimat.,[],[],False,False,False,False,False,False,"Очевидно, пану голові Шинковському велю Сеньку передався відпускний настрій."
pl_statements_20_02_2025_n04.txt,3617,3695,"PiS sam przeprowadza atak na siebie, bo to za jego czasów zapadały te decyzje.",['Questioning_the_Reputation'],['Attack_on_Reputation'],True,False,False,False,False,False,"ПНС сам проводить атаку на себе, бо саме за його часів приймалися ці рішення."
pl_defence_07_03_2025_n03.txt,5741,5891,"A posłaliśmy do rządu ludzi odpowiedzialnych, doświadczonych, ludzi, którzy z pełnym poświęceniem dbają o poczucie bezpieczeństwa i je nam zapewniają.",[],[],False,False,False,False,False,False,"Ми відправили до уряду відповідальних, досвідчених людей, які з повним відданістю дбають про відчуття безпеки та забезпечують його нам."
pl_defence_07_03_2025_n03.txt,5480,5669,"Ta odpowiedzialność ciąży nie tylko na nas, parlamentarzystach, nie tylko na Sejmie, nie tylko na marszałku Szymonie Hołowni, który jako druga osoba w państwie dba o relacje międzynarodowe.",[],[],False,False,False,False,False,False,"Ця відповідальність лежить не лише на нас, парламентарях, не лише на Сеймі, не лише на маршалку Шимоні Холовні, який як друга особа в державі піклується про міжнародні відносини."
pl_hate_speech_act_19_12_2024_n07.txt,2064,2133,"Pan poseł Dariusz Matecki, Klub Parlamentarny Prawo i Sprawiedliwość.",[],[],False,False,False,False,False,False,"Пане депутате Даріуше Матецький, Парламентський клуб «Право і Справедливість»."
pl_abortion_11_04_2024_n13.txt,5490,5614,"Przekłada się to również na obniżenie standardów opieki ginekologicznej i okołoporodowej, marginalizację kobiet i ostracyzm.","['Causal_Oversimplification', 'Loaded_Language']","['Simplification', 'Manipulative_Wording']",False,False,False,True,False,True,"Це також призводить до зниження стандартів гінекологічної та післяпологової допомоги, маргіналізації жінок та остракізму."
pl_eu_03_04_2025_n05.txt,2445,2514,Witamy serdecznie i życzymy dobrych wrażeń z naszych obrad. (Oklaski),[],[],False,False,False,False,False,False,Вітаємо та бажаємо приємних вражень від нашої зустрічі. (Оплески)
pl_current_affairs_09_01_2025_n01.txt,3559,3756,"Świadczenie „aktywnie w żłobku” w wysokości do 1500 zł miesięcznie na dziecko w wieku 1–3 lat jest przyznawane na pokrycie kosztów pobytu dziecka w żłobku, klubie dziecięcym lub dziennego opiekuna.",[],[],False,False,False,False,False,False,"Виплата ""активно в яслах"" у розмірі до 1500 злотих на місяць на дитину віком 1-3 роки надається для покриття витрат на перебування дитини в яслах, дитячому клубі або у денного вихователя."
pl_hate_speech_act_19_12_2024_n07.txt,1868,1995,"Odpowiedź, która będzie inna niż „dwie”, będzie pokazywała bardzo jasno i wyraźnie, w którą stronę chcecie iść z tym projektem.","['False_Dilemma-No_Choice', 'Doubt']","['Attack_on_Reputation', 'Simplification']",True,False,False,True,False,False,"Відповідь, яка буде іншою, ніж «дві», дуже чітко і виразно покаже, в якому напрямку ви хочете рухатися з цим проєктом."
pl_abortion_11_04_2024_n09.txt,6951,7012,Poseł Agnieszka Wojciechowska van Heukelom: Szanowni Państwo!,[],[],False,False,False,False,False,False,Пані та панове!
pl_defence_07_03_2025_n06.txt,8756,8802,Trzeba wreszcie wyjść z tej pułapki. (Oklaski),"['Conversation_Killer', 'Slogans']",['Call'],False,False,False,False,True,False,Треба нарешті вийти з цієї пастки. (Оплески)
pl_abortion_11_04_2024_n05.txt,10039,10282,"Zakaz aborcji w Polsce to restrykcyjne prawo, które zagraża zdrowiu, życiu i bezpieczeństwu kobiet, a nasz projekt, projekt Koalicji Obywatelskiej, przywraca kobietom wolność wyboru, przywraca kobietom godność, przywraca kobietom podmiotowość.","['Appeal_to_Values', 'Repetition', 'Appeal_to_Fear-Prejudice']","['Justification', 'Manipulative_Wording']",False,True,False,False,False,True,"Заборона абортів у Польщі – це суворе законодавство, яке загрожує здоров’ю, життю та безпеці жінок, а наш проєкт, проєкт Громадянської коаліції, повертає жінкам свободу вибору, повертає жінкам гідність, повертає жінкам суб’єктність."
pl_hate_speech_act_19_12_2024_n10.txt,6593,6751,"Chciałem zapytać, drodzy państwo, czy ta impreza didżeja Szłapki, czy ta impreza didżeja Nitrasa, ta mowa nienawiści to się łapie czy nie łapie pod tą ustawę.","['Loaded_Language', 'Questioning_the_Reputation', 'Name_Calling-Labeling']","['Attack_on_Reputation', 'Manipulative_Wording']",True,False,False,False,False,True,"Хотів запитати, шановні панове, чи ця вечірка діджея Шлапки, чи ця вечірка діджея Нітраса, ця мова ненависті – чи вона підпадає під цей закон, чи ні."
pl_eu_12_06_2024_n01.txt,7834,8068,"Poza ewentualną ogólną wzmianką, że są też wątpliwości dotyczące retencji danych, trzeba generalnie wskazać na to, że skoro urząd odpowiedzialny za przetwarzanie danych wskazuje wątpliwości, warto nad tymi wątpliwościami się pochylić.",['Appeal_to_Authority'],['Justification'],False,True,False,False,False,False,"Окрім можливої загальної згадки про те, що є також сумніви щодо збереження даних, загалом слід зазначити, що якщо орган, відповідальний за обробку даних, вказує на сумніви, варто звернути увагу на ці сумніви."
pl_hate_speech_act_19_12_2024_n04.txt,0,40,Dzisiaj macie szansę się zrehabilitować.,['Loaded_Language'],['Manipulative_Wording'],False,False,False,False,False,True,Сьогодні у вас є шанс виправитися.
pl_abortion_11_04_2024_n10.txt,3983,4046,"Wicemarszałek Monika Wielichowska: Dziękuję bardzo, pani poseł.",[],[],False,False,False,False,False,False,"Віцемаршалок Моніка Веліховська: Дуже дякую, пані депутатко."
pl_abortion_11_04_2024_n03.txt,1759,1837,"To one stanowią podmiot tej debaty, nie politycy i nie ich sumienia. (Oklaski)","['Appeal_to_Hypocrisy', 'False_Dilemma-No_Choice']","['Attack_on_Reputation', 'Simplification']",True,False,False,True,False,False,Це не політики та їхнє сумління є суб'єктами цієї дискусії. (Оплески)
pl_abortion_11_04_2024_n06.txt,4909,4975,Ale mimo tego codziennie w Polsce ponad 100 kobiet przerywa ciążę.,['Appeal_to_Popularity'],['Justification'],False,True,False,False,False,False,"Але незважаючи на це, щодня в Польщі понад 100 жінок переривають вагітність."
pl_defence_07_03_2025_n05.txt,225,378,"Słyszymy, że nowa administracja amerykańska to zimny prysznic dla Europy, ale ostatnie decyzje Rady Europejskiej pokazują, że Europa rozumie to wyzwanie.","['Causal_Oversimplification', 'Loaded_Language']","['Simplification', 'Manipulative_Wording']",False,False,False,True,False,True,"Чуємо, що нова американська адміністрація – це холодний душ для Європи, але останні рішення Європейської ради показують, що Європа розуміє цей виклик."
pl_hate_speech_act_19_12_2024_n04.txt,1674,1749,"Celem mowy nienawiści jest poniżenie ofiary, zadanie jej bólu i cierpienia.","['Loaded_Language', 'Appeal_to_Fear-Prejudice']","['Justification', 'Manipulative_Wording']",False,True,False,False,False,True,"Метою мови ненависті є приниження жертви, заподіяння їй болю та страждань."
pl_hate_speech_act_19_12_2024_n03.txt,8206,8247,Pozostało to oczywiście bez rozpatrzenia.,"['Appeal_to_Hypocrisy', 'Doubt']",['Attack_on_Reputation'],True,False,False,False,False,False,"Це, звісно, залишилося без розгляду."
pl_defence_07_03_2025_n01.txt,5739,5830,"A to, cokolwiek by mówić, jak bardzo państwo byście się starali w propagandzie, spowolniło.",['Questioning_the_Reputation'],['Attack_on_Reputation'],True,False,False,False,False,False,"А це, що б ви не говорили, як би ви не старалися в пропаганді, сповільнило."
pl_eu_03_04_2025_n08.txt,5244,5310,"Zostałem poproszony, żeby spytać się, jak to jest z tymi środkami.",[],[],False,False,False,False,False,False,"Мене попросили запитати, як це з цими засобами."
pl_defence_07_03_2025_n03.txt,6933,6977,Bezpieczeństwo to także fundament wspólnoty.,['Slogans'],['Call'],False,False,False,False,True,False,Безпека – це також основа спільноти.
pl_defence_07_03_2025_n03.txt,6240,6349,"Ta praca, to poświęcenie i zaangażowanie zapewniają nam spokój, którego niestety nie umieliście nam zapewnić.",['Questioning_the_Reputation'],['Attack_on_Reputation'],True,False,False,False,False,False,"Ця праця, ця самопожертва та відданість забезпечують нам спокій, якого ви, на жаль, не змогли нам забезпечити."
pl_eu_03_04_2025_n08.txt,4343,4405,Króciutko wspomnę tylko o dwóch kwestiach w kontekście Węgier.,[],[],False,False,False,False,False,False,Коротко згадаю лише два питання в контексті Угорщини.
pl_abortion_11_04_2024_n12.txt,3324,3391,"Poseł Sylwia Bielawska: …czas na to, żeby mogły podejmować decyzje.","['Flag_Waving', 'Slogans']","['Justification', 'Call']",False,True,False,False,True,False,"Депутат Сільвія Бєлавська: …час, щоб вони могли приймати рішення."
pl_abortion_11_04_2024_n03.txt,1582,1758,"Mam do was, drodzy mężczyźni, drodzy koledzy, politycy, ogromną prośbę: zamiast mówić o sobie, warto zacząć mówić i myśleć o kobietach, których sprawa aborcji przecież dotyczy.",['Appeal_to_Hypocrisy'],['Attack_on_Reputation'],True,False,False,False,False,False,"Маю до вас, дорогі чоловіки, дорогі колеги, політики, величезне прохання: замість говорити про себе, варто почати говорити і думати про жінок, справа яких стосується аборту."
pl_abortion_11_04_2024_n02.txt,3374,3429,"Bo brakuje im kompetencji, bo boją się o swoją karierę.","['Questioning_the_Reputation', 'Doubt']",['Attack_on_Reputation'],True,False,False,False,False,False,"Тому що їм бракує компетенції, тому що вони бояться за свою кар'єру."
pl_abortion_11_04_2024_n03.txt,2278,2425,"Kiedy po raz pierwszy zaostrzano prawo aborcyjne, miałam lat 16, a kiedy zapadł wyrok Trybunału Konstytucyjnego, miałam lat 20 i byłam na studiach.",['Red_Herring'],['Distraction'],False,False,True,False,False,False,"Коли вперше було посилено законодавство щодо абортів, мені було 16 років, а коли було винесено вирок Конституційного суду, мені було 20 років і я навчалася в університеті."
pl_eu_03_04_2025_n06.txt,7754,7773,Kwestia obronności.,[],[],False,False,False,False,False,False,Питання оборони.
pl_abortion_11_04_2024_n06.txt,6736,6791,"Przemoc, którą państwo stosuje wobec swoich obywatelek.","['Exaggeration-Minimisation', 'Flag_Waving']","['Justification', 'Manipulative_Wording']",False,True,False,False,False,True,"Насильство, яке держава застосовує до своїх громадянок."
pl_abortion_11_04_2024_n08.txt,3138,3188,(Poseł Joanna Scheuring-Wielgus: Zejdź z mównicy.),['Loaded_Language'],['Manipulative_Wording'],False,False,False,False,False,True,(Депутат Йоанна Шеурінґ-Вєльґус: Зійдіть з трибуни.)
pl_hate_speech_act_19_12_2024_n03.txt,3787,3864,Ta ustawa dotyczy karania za słowa. (Poseł Marcin Józefaciuk: Czytał pan to…),[],[],False,False,False,False,False,False,Цей закон стосується покарання за слова. (Депутат Марцін Йозефак: Читали ви це…)
pl_defence_07_03_2025_n06.txt,3715,3751,"Po pierwsze, premiera nie ma z nami.",['Doubt'],['Attack_on_Reputation'],True,False,False,False,False,False,"По-перше, прем'єр-міністра немає з нами."
pl_hate_speech_act_19_12_2024_n04.txt,7005,7296,"Proponowane zmiany odpowiadają na długoletnie apele organizacji praw człowieka, ekspertów, wystąpienia rzecznika praw obywatelskich, a także rekomendacje międzynarodowych instytucji, takich jak Komitet Praw Człowieka, Organizacja Narodów Zjednoczonych czy Europejski Trybunał Praw Człowieka.",['Appeal_to_Authority'],['Justification'],False,True,False,False,False,False,"Запропоновані зміни відповідають багаторічним закликам організацій з прав людини, експертів, заявам Уповноваженого з прав людини, а також рекомендаціям міжнародних інституцій, таких як Комітет з прав людини, Організація Об'єднаних Націй чи Європейський суд з прав людини."
pl_defence_07_03_2025_n04.txt,6601,6693,Musimy zbudować swoją odporność i już nigdy nie pozwolić na powrót zasady business as usual.,['Appeal_to_Fear-Prejudice'],['Justification'],False,True,False,False,False,False,Ми повинні побудувати свою стійкість і ніколи більше не дозволити повернутися до принципу business as usual.
pl_eu_03_04_2025_n07.txt,2386,2424,Nie ma tu za grosz polskiego myślenia.,['Questioning_the_Reputation'],['Attack_on_Reputation'],True,False,False,False,False,False,Тут немає жодного польського мислення.
pl_eu_03_04_2025_n07.txt,7464,7499,Poseł Piotr Paweł Strach: Dziękuję.,[],[],False,False,False,False,False,False,Депутат Пйотр Павел Страх: Дякую.
pl_defence_07_03_2025_n07.txt,7955,8239,"Mam na myśli pożegnanie się ze złudzeniami z czasów Maastricht, jeżeli chodzi o wykorzystywanie publicznych środków na rzecz inwestycji, które od lat szkodzą europejskim gospodarkom, w tym naszej gospodarce, a które będą też szkodzić w przypadku przemysłu obronnego naszej odporności.",['Loaded_Language'],['Manipulative_Wording'],False,False,False,False,False,True,"Маю на увазі прощання з ілюзіями часів Маастріхта, коли йдеться про використання державних коштів для інвестицій, які роками шкодять європейським економікам, зокрема нашій економіці, і які також зашкодять обороноздатності нашого промислового сектору."
pl_abortion_11_04_2024_n09.txt,1304,1328,To są wyniki badań OECD.,['Appeal_to_Authority'],['Justification'],False,True,False,False,False,False,Це результати досліджень ОЕСР.
pl_abortion_11_04_2024_n14.txt,2070,2076,Panie!,[],[],False,False,False,False,False,False,Пане!
pl_hate_speech_act_19_12_2024_n09.txt,2463,2516,"Pani poseł Elżbieta Anna Polak, Koalicja Obywatelska.",[],[],False,False,False,False,False,False,"Пані посол Ельжбета Анна Поляк, Коаліція Громадянська."
pl_statements_20_02_2025_n03.txt,7161,7235,W październiku 2024 r. ogłosiłem organizację konkursu o błogosławionym ks.,[],[],False,False,False,False,False,False,"У жовтні 2024 року я оголосив про організацію конкурсу, присвяченого блаженному о."
pl_abortion_11_04_2024_n03.txt,968,1021,"Nie pierwsza, ale mam nadzieję, że jedna z ostatnich.",['Appeal_to_Time'],['Call'],False,False,False,False,True,False,"Не перша, але сподіваюся, що одна з останніх."
pl_current_affairs_09_01_2025_n02.txt,8293,8428,Raport nie zawierał ustawowo wymaganej analizy wariantowej z uwzględnieniem opisu oddziaływania poszczególnych wariantów na środowisko.,[],[],False,False,False,False,False,False,Звіт не містив обов'язкового за законом аналізу варіантів з урахуванням опису впливу окремих варіантів на навколишнє середовище.
pl_defence_07_03_2025_n01.txt,4924,5132,"Śmialiście się, taka jest prawda, 4 lata temu, jak premier Mateusz Morawiecki i premier Mariusz Błaszczak z tej samej mównicy stawiali te same diagnozy, jeśli chodzi o zagrożenie ze strony Rosji. 4 lata temu.",['Appeal_to_Hypocrisy'],['Attack_on_Reputation'],True,False,False,False,False,False,"Ви сміялися, це правда, 4 роки тому, коли прем'єр-міністр Матеуш Моравецький і прем'єр-міністр Маріуш Блащак з тієї ж трибуни ставили ті ж діагнози щодо загрози з боку Росії. 4 роки тому."
pl_defence_22_05_2024_n01.txt,5616,5839,"A wie pan, że ja największą satysfakcję miałem wtedy, kiedy rozmawiałem z żołnierzami dobrowolnej zasadniczej służby wojskowej, którzy mi mówili, że wrócili z emigracji, żeby służyć w Wojsku Polskim, To fantastyczni ludzie.",['Red_Herring'],['Distraction'],False,False,True,False,False,False,"Чи знаєте ви, що я отримав найбільше задоволення, коли розмовляв з солдатами добровольчої основної військової служби, які мені сказали, що повернулися з еміграції, щоб служити в Польській армії? Це фантастичні люди."
pl_abortion_11_04_2024_n13.txt,358,457,"Chodzi przecież nie o przymus, tylko o prawo do wyboru. (Poseł Michał Woś: Prawo w USA w Arizonie.)","['Appeal_to_Values', 'False_Dilemma-No_Choice']","['Justification', 'Simplification']",False,True,False,True,False,False,"Йдеться ж не про примус, а про право вибору. (Депутат Міхал Вось: Право в США в Арізоні.)"
pl_hate_speech_act_19_12_2024_n07.txt,2895,2904,Nie wiem.,[],[],False,False,False,False,False,False,Не знаю.
pl_defence_07_03_2025_n01.txt,2452,2511,"To przecież wasza, Koalicjo Obywatelska, agenda polityczna.",['Guilt_by_Association'],['Attack_on_Reputation'],True,False,False,False,False,False,"Це ж ваша, Коаліціє Обивательська, політична програма."
pl_defence_07_03_2025_n06.txt,7402,7675,"Zanotujcie sobie, bardzo proszę, to, co usłyszałem od ludzi zajmujących się przemysłem kosmicznym na szczeblu europejskim: Żadne poważne państwo swoich strategicznych projektów nie finansuje za pieniądze europejskie, bo nie gwarantuje to ani dyskrecji, ani pełnej kontroli.","['Appeal_to_Authority', 'Straw_Man']","['Justification', 'Distraction']",False,True,True,False,False,False,"Запишіть, будь ласка, те, що я почув від людей, які займаються космічною промисловістю на європейському рівні: Жодна серйозна країна не фінансує свої стратегічні проєкти європейськими грошима, бо це не гарантує ні конфіденційності, ні повного контролю."
pl_defence_22_05_2024_n03.txt,5323,5343,Panowie Ministrowie!,[],[],False,False,False,False,False,False,Панове Міністри!
pl_defence_07_03_2025_n03.txt,3427,3460,I to są czasy synergii narodowej.,['Flag_Waving'],['Justification'],False,True,False,False,False,False,І це часи національної синергії.
pl_abortion_11_04_2024_n01.txt,1756,1828,To ona może przeżywać różne stany emocjonalne związane z byciem w ciąży.,['Appeal_to_Pity'],['Distraction'],False,False,True,False,False,False,"Це вона може переживати різні емоційні стани, пов'язані з вагітністю."
pl_defence_07_03_2025_n05.txt,0,195,"Nasza strategia opiera się na trzech filarach: po pierwsze, trzymać Rosję jak najdalej od Polski, po drugie, wzmacniać potencjał obronny Europy, po trzecie, dbać o dobre relacje transatlantyckie.",[],[],False,False,False,False,False,False,"Наша стратегія базується на трьох стовпах: по-перше, тримати Росію якомога далі від Польщі, по-друге, зміцнювати оборонний потенціал Європи, по-третє, дбати про добрі трансатлантичні відносини."
pl_eu_03_04_2025_n01.txt,2797,2879,Mówię tu o wizytach pana premiera Orbána już piątego dnia prezydencji węgierskiej.,['Doubt'],['Attack_on_Reputation'],True,False,False,False,False,False,Я говорю про візити пана прем'єр-міністра Орбана вже на п'ятий день угорського президентства.
pl_statements_20_02_2025_n04.txt,7441,7480,Poseł Zbigniew Dolata: Panie Marszałku!,[],[],False,False,False,False,False,False,Депутат Збіґнєв Долата: Пане Маршалку!
pl_defence_22_05_2024_n04.txt,2287,2383,"Mówił pan w swoim wystąpieniu, że trzecim filarem bezpieczeństwa Polski jest wspólnota narodowa.",[],[],False,False,False,False,False,False,"Ви сказали у своїй промові, що третім стовпом безпеки Польщі є національна спільнота."
pl_eu_03_04_2025_n04.txt,8002,8061,"Szkoda, że pan poseł Szynkowski vel Sęk o tym nie wspomniał.",[],[],False,False,False,False,False,False,"Шкода, що пан депутат Шиньковський вель Сек про це не згадав."
pl_eu_12_06_2024_n01.txt,8070,8150,"Są również kwestie bardziej detaliczne, np. kwestia czasu pracy funkcjonariuszy.",[],[],False,False,False,False,False,False,"Є також більш детальні питання, наприклад, питання часу роботи співробітників."
pl_eu_03_04_2025_n03.txt,8669,8736,Natomiast czy my reprezentowaliśmy w tych rozmowach polski interes?,"['Flag_Waving', 'Doubt']","['Attack_on_Reputation', 'Justification']",True,True,False,False,False,False,Але чи ми представляли в цих переговорах польські інтереси?
pl_eu_03_04_2025_n01.txt,220,281,"Rozumiem, że pan minister nie będzie się już do tego odnosił.",[],[],False,False,False,False,False,False,"Розумію, що пан міністр більше не буде до цього повертатися."
pl_defence_22_05_2024_n01.txt,10367,10396,Trzeba o tym dobrze pamiętać.,[],[],False,False,False,False,False,False,Треба про це добре пам'ятати.
pl_defence_22_05_2024_n01.txt,7960,7980,Co robi Donald Tusk?,['Questioning_the_Reputation'],['Attack_on_Reputation'],True,False,False,False,False,False,Що робить Дональд Туск?
pl_defence_07_03_2025_n05.txt,1727,1777,Panowie Ministrowie i – jeżeli też tam są – Panie!,[],[],False,False,False,False,False,False,Панове міністри та – якщо там є – пані!
pl_hate_speech_act_19_12_2024_n04.txt,1428,1523,"Mowa nienawiści nie jest polemiką, nie jest wyrażaniem poglądów i nie służy przekonaniu nikogo.",['Repetition'],['Manipulative_Wording'],False,False,False,False,False,True,"Мова ненависті не є полемікою, не є вираженням поглядів і не служить для переконання когось."
pl_defence_07_03_2025_n08.txt,2605,2669,Po czym występuje pan Konwiński i mówi zupełnie odwrotne rzeczy.,['Appeal_to_Hypocrisy'],['Attack_on_Reputation'],True,False,False,False,False,False,Після цього виступає пан Конвінський і говорить зовсім протилежні речі.
pl_abortion_11_04_2024_n09.txt,7760,7778,Nie rozumiem tego.,[],[],False,False,False,False,False,False,Я цього не розумію.
pl_defence_07_03_2025_n06.txt,5806,5895,Jak w całym cyklu życia produktów sfinansowanych w cyklu grantowym ma być to finansowane?,['Doubt'],['Attack_on_Reputation'],True,False,False,False,False,False,"Як у всьому життєвому циклі продуктів, фінансованих у грантовому циклі, це має бути профінансовано?"
pl_defence_07_03_2025_n01.txt,5404,5475,Musimy się zgromadzić wokół gwaranta bezpieczeństwa jedności narodowej.,['Flag_Waving'],['Justification'],False,True,False,False,False,False,Ми повинні згуртуватися навколо гаранта безпеки національної єдності.
pl_defence_22_05_2024_n02.txt,1316,1372,Dla porównania Rosjanie zużywają 10 tys. sztuk dziennie.,[],[],False,False,False,False,False,False,"Для порівняння, росіяни використовують 10 тисяч одиниць на день."
pl_defence_22_05_2024_n01.txt,10991,11075,"Proszę bardzo, jest projekt Prawa i Sprawiedliwości. (Oklaski) (Głos z sali: 8 lat…)",[],[],False,False,False,False,False,False,"Будь ласка, це проєкт Закону і Справедливості. (Оплески) (Голос із залу: 8 років…)"
pl_defence_07_03_2025_n05.txt,196,223,To jest polska racja stanu.,"['Flag_Waving', 'Slogans']","['Justification', 'Call']",False,True,False,False,True,False,Це польська причина держави.
pl_defence_07_03_2025_n03.txt,6766,6825,"Dostrzega siłę obywateli naszych małych, lokalnych ojczyzn.",[],[],False,False,False,False,False,False,"Помічає силу громадян наших малих, місцевих вітчизн."
pl_defence_22_05_2024_n03.txt,1885,2103,"Wszyscy, którzy wojskiem się zajmują, pewnie panią prezes znają, ale powiem tak: ona za własne pieniądze wybudowała halę, postawiła suwnicę, szykuje się do polonizacji K2 – zwracam się właśnie do pana marszałka Bosaka.",[],[],False,False,False,False,False,False,"Усі, хто займається армією, напевно знають пані президент, але я скажу так: вона за власні гроші збудувала зал, поставила кран, готується до полонізації K2 – я звертаюся саме до пана маршала Босака."
pl_defence_22_05_2024_n04.txt,7255,7337,Jaka polityka ministerstwa obrony będzie kierowana w stosunku do tych organizacji?,['Doubt'],['Attack_on_Reputation'],True,False,False,False,False,False,Яка політика Міністерства оборони буде спрямована на ці організації?
pl_defence_07_03_2025_n03.txt,142,371,"Dlatego zaczynam od tego wezwania do prawdy i apeluję do kierownictwa PiS: porozmawiajcie ze swoimi posłankami i posłami, żeby nie przekraczali tej cienkiej granicy. (Poseł Anna Paluch: Chcemy dialogu z Rosją taką, jaka ona jest.",['Appeal_to_Values'],['Justification'],False,True,False,False,False,False,"Тому я починаю з цього заклику до правди і звертаюся до керівництва PiS: поговоріть зі своїми депутатками та депутатами, щоб вони не перетинали цю тонку межу. (Депутат Анна Палюх: Ми хочемо діалогу з Росією такою, якою вона є."
pl_defence_22_05_2024_n02.txt,5449,5562,"Wielu decydentów, także w mundurach, patrzy na Wojsko Polskie bardziej przez pryzmat operacyjny niż strategiczny.",[],[],False,False,False,False,False,False,"Багато осіб, які приймають рішення, зокрема й у формі, дивляться на Польську армію більше через призму оперативної, ніж стратегічної."
pl_defence_22_05_2024_n01.txt,4659,4706,(Głos z sali: Brawo!) Potem przyszedł rok 2020.,[],[],False,False,False,False,False,False,(Голос з залу: Браво!) Потім настав 2020 рік.
pl_abortion_11_04_2024_n03.txt,6470,6626,"I chociaż łamali w ten sposób prawo, nie wyznaczali podmiotu leczniczego, w którym kobieta mogłaby przerwać ciążę, i nie dokumentowali tej odmowy na piśmie.",['Questioning_the_Reputation'],['Attack_on_Reputation'],True,False,False,False,False,False,"І хоча вони порушували закон, не призначаючи медичний заклад, де жінка могла б перервати вагітність, і не документували цієї відмови письмово."
pl_abortion_11_04_2024_n05.txt,8178,8187,W 2016 r.,[],[],False,False,False,False,False,False,У 2016 р.
pl_defence_22_05_2024_n03.txt,2363,2385,A dlaczego jej nie ma?,['Causal_Oversimplification'],['Simplification'],False,False,False,True,False,False,А чому її немає?
pl_defence_07_03_2025_n08.txt,5446,5595,"Pan premier Tusk powiedział tu bardzo wyraźnie, że wydajemy dzisiaj jako Europa, patrząc na poprzedni rok, 2024, podobne kwoty na obronność co Rosja.",[],[],False,False,False,False,False,False,"Пан прем'єр-міністр Туск дуже чітко сказав тут, що ми сьогодні, як Європа, дивлячись на минулий рік, 2024, виділяємо на оборону такі ж суми, як Росія."
pl_hate_speech_act_19_12_2024_n02.txt,936,1182,"Po naszej zmianie rozszerzającej tę ochronę zostaną objęte ochroną nie tylko osoby bezwyznaniowe, ale także osoby wyznające wiarę, czyli będące w szerokim katalogu osób (Dzwonek), które są związane z tą cechą, ale niekoniecznie muszą ją posiadać.",['Obfuscation-Vagueness-Confusion'],['Manipulative_Wording'],False,False,False,False,False,True,"Після нашої зміни, яка розширює цей захист, захистом будуть охоплені не лише особи без віросповідання, але й особи, які сповідують віру, тобто ті, хто входить до широкого переліку осіб (Дзвоник), які пов'язані з цією ознакою, але не обов'язково повинні її мати."
pl_abortion_11_04_2024_n13.txt,2464,2502,Poseł Tadeusz Woźniak: Pani Marszałek!,[],[],False,False,False,False,False,False,Депутат Тадеуш Возняк: Пані Маршалку!
pl_hate_speech_act_19_12_2024_n09.txt,6569,6864,"Parada hipokrytów, która z lewej połowy tej Izby na tę trybunę wychodziła, to jest zjawisko jednocześnie przezabawne i przerażające. (Oklaski) Zachowujecie się państwo, jakby nienawiść z jakiegoś powodu była kompletnie obca środowiskom, które państwo tutaj reprezentują i których państwo bronią.","['Loaded_Language', 'Appeal_to_Hypocrisy']","['Attack_on_Reputation', 'Manipulative_Wording']",True,False,False,False,False,True,"Парад лицемірів, який виходив з лівої половини цієї зали на цю трибуну, це явище одночасно смішне і жахливе. (Оплески) Ви поводитеся так, ніби ненависть з якоїсь причини є абсолютно чужою середовищам, які ви тут представляєте і які ви захищаєте."
pl_defence_07_03_2025_n08.txt,2736,2940,"My, prawica polska, od lat, od dziesiątek lat mówimy o tym, że grozi nam niebezpieczeństwo ze strony wschodniej, że nie należy dogadywać się z Putinem, z mordercą, że należy o polskie bezpieczeństwo dbać.","['Flag_Waving', 'Loaded_Language', 'Repetition', 'Appeal_to_Fear-Prejudice']","['Justification', 'Manipulative_Wording']",False,True,False,False,False,True,"Ми, польська правиця, роками, десятиліттями говоримо про те, що нам загрожує небезпека зі сходу, що не варто домовлятися з Путіним, з убивцею, що потрібно дбати про польську безпеку."
pl_statements_20_02_2025_n01.txt,202,206,Nie.,[],[],False,False,False,False,False,False,Ні.
pl_statements_20_02_2025_n02.txt,2691,2706,Jest pan poseł?,[],[],False,False,False,False,False,False,Ви депутат?
pl_abortion_11_04_2024_n11.txt,4740,4775,Przed nami bardzo ważne głosowania.,[],[],False,False,False,False,False,False,Перед нами дуже важливі голосування.
pl_abortion_11_04_2024_n09.txt,3777,4017,"Ja również, podobnie jak każdy inny lekarz, lekarka tej specjalności możemy stać się obiektem zainteresowania prokuratury, jeżeli nie będziemy chcieli wystawić zaświadczenia o psychiatrycznych wskazaniach do przeprowadzenia zabiegu aborcji.",['Questioning_the_Reputation'],['Attack_on_Reputation'],True,False,False,False,False,False,"Я також, як і кожен інший лікар, лікар цієї спеціальності, можу стати об'єктом інтересу прокуратури, якщо не захочу видати довідку про психіатричні показання для проведення аборту."
pl_defence_07_03_2025_n05.txt,4591,4673,"Potrzebujemy funduszy na obronność, które będą miały charakter Funduszu Spójności.",[],[],False,False,False,False,False,False,"Нам потрібні кошти на оборону, які матимуть характер Фонду згуртованості."
pl_abortion_11_04_2024_n01.txt,2519,2648,"Za to, za miłość, za empatię, za pomoc, za bycie w związku, za bycie rodziną, za to grożą w tej chwili w Polsce 3 lata więzienia.","['Appeal_to_Pity', 'Appeal_to_Values']","['Justification', 'Distraction']",False,True,True,False,False,False,"За це, за любов, за емпатію, за допомогу, за те, що перебуваєш у стосунках, за те, що єш сім'єю, за це зараз у Польщі загрожує 3 роки ув'язнення."
pl_eu_12_06_2024_n02.txt,5588,5626,Druga dotyczy pozycji pana prezydenta.,[],[],False,False,False,False,False,False,Друга стосується позиції пана президента.
pl_defence_07_03_2025_n03.txt,2439,2503,Polska wydaje odpowiednie środki na bezpieczeństwo i na granice.,[],[],False,False,False,False,False,False,Польща виділяє відповідні кошти на безпеку та кордони.
pl_defence_07_03_2025_n01.txt,1711,1892,"Chciałbym również podejść poważnie do premiera i jego rządu, którzy mają w ręku szereg narzędzi, by Polska z tej wielkiej burzy wyszła silniejsza, bardziej bezpieczna i zjednoczona.","['Flag_Waving', 'Appeal_to_Values']",['Justification'],False,True,False,False,False,False,"Я також хотів би серйозно поговорити з прем'єр-міністром та його урядом, які мають у своїх руках низку інструментів, щоб Польща вийшла з цієї великої бурі сильнішою, безпечнішою та об'єднаною."
pl_eu_12_06_2024_n01.txt,4174,4528,"Kiedy przygotowywaliśmy polską prezydencję jeszcze za czasów mojego urzędowania w Kancelarii Prezesa Rady Ministrów, również rozważaliśmy przygotowanie odpowiedniego projektu ustawy, który da lepsze ramy organizacyjne, także w zakresie zapewnienia bezpieczeństwa, właśnie podczas przygotowań i w trakcie polskiej prezydencji w Radzie w I półroczu 2025 r.",[],[],False,False,False,False,False,False,"Коли ми готували польське головування ще за часів мого перебування на посаді в Канцелярії Прем'єр-міністра, ми також розглядали можливість підготовки відповідного законопроекту, який би забезпечив кращу організаційну структуру, зокрема в частині забезпечення безпеки, під час підготовки та проведення польського головування в Раді в першому півріччі 2025 року."
pl_abortion_11_04_2024_n05.txt,840,1080,"Bo, szanowni państwo, życie to nie jest Instagram i jeżeli chodzi o kobietę, która zajmuje się dziećmi, pracą zawodową, a często też schorowanymi rodzicami bądź teściami, to na piramidzie potrzeb aborcja nie jest jej najważniejszą potrzebą.","['Obfuscation-Vagueness-Confusion', 'Red_Herring']","['Distraction', 'Manipulative_Wording']",False,False,True,False,False,True,"Бо, шановні пані та панове, життя – це не Instagram, і якщо йдеться про жінку, яка займається дітьми, професійною роботою, а часто також хворими батьками чи тестями, то в піраміді потреб аборт не є її найважливішою потребою."
pl_abortion_11_04_2024_n14.txt,927,1111,"Na tej sali słyszałam wypowiedzi, że człowiek zaczyna być i żyć w momencie przyjścia na świat, a wcześniej jest tylko mniej lub bardziej uporządkowanym zlepkiem komórek, jest niebytem.",['Doubt'],['Attack_on_Reputation'],True,False,False,False,False,False,"У цій залі я чула висловлювання, що людина починає бути і жити в момент народження, а раніше вона лише менш або більш упорядкований згусток клітин, є небуттям."
pl_defence_22_05_2024_n01.txt,8740,8858,"Potem, kiedy przyszedł rok 2022, kiedy po raz kolejny Rosja napadła na Ukrainę, nawiązałem relacje z Koreą Południową.",[],[],False,False,False,False,False,False,"Потім, коли настав 2022 рік, коли Росія знову напала на Україну, я налагодив відносини з Південною Кореєю."
pl_eu_12_06_2024_n02.txt,381,397,Jest pani poseł?,[],[],False,False,False,False,False,False,Ви депутатка?
pl_eu_03_04_2025_n05.txt,6006,6162,"Odniosę się do przedłożonego sprawozdania, informacji polskiego rządu o udziale Polski w pracach węgierskiej prezydencji czy w okresie polskiej prezydencji.",[],[],False,False,False,False,False,False,"Звернуся до наданого звіту, інформації польського уряду про участь Польщі в роботі угорського головування або в період польського головування."
pl_abortion_11_04_2024_n10.txt,5030,5047,W jakim zakresie?,[],[],False,False,False,False,False,False,В якій мірі?
pl_hate_speech_act_19_12_2024_n01.txt,3061,3190,"Pojawiają się one najczęściej z prawej strony sali, tak jak takie powątpiewania i pytania, czym tak w ogóle jest mowa nienawiści.",['Questioning_the_Reputation'],['Attack_on_Reputation'],True,False,False,False,False,False,"Вони найчастіше з'являються з правого боку залу, як і такі сумніви та запитання, чим взагалі є мова ненависті."
pl_abortion_11_04_2024_n08.txt,5728,5750,Ale powiem wam więcej.,[],[],False,False,False,False,False,False,Але скажу вам більше.
pl_eu_03_04_2025_n07.txt,3496,3588,"Ale zanim się do tego odniosę, to najpierw odniosę się tutaj do słów pana posła Tumanowicza.",[],[],False,False,False,False,False,False,"Але перш ніж я на це відповім, я спочатку звернуся до слів пана депутата Тумановича."
pl_defence_22_05_2024_n01.txt,4364,4422,(Głos z sali: Hańba.) Ale przejdźmy dalej do tych zakupów.,['Loaded_Language'],['Manipulative_Wording'],False,False,False,False,False,True,(Голос з залу: Ганьба.) Але перейдемо до цих покупок.
pl_abortion_11_04_2024_n05.txt,8973,9130,"Scenariusz, o którym mówię jest scenariuszem dramatycznego filmu opartego na faktach, w którym dochodzi do rzeczywistych tragedii, bo umierają młode kobiety.",['Appeal_to_Fear-Prejudice'],['Justification'],False,True,False,False,False,False,"Сценарій, про який я говорю, – це сценарій драматичного фільму, заснованого на реальних подіях, у якому відбуваються справжні трагедії, адже гинуть молоді жінки."
pl_defence_07_03_2025_n08.txt,9137,9400,"Możemy albo ten czas przespać i dać mu odejść wraz z wiatrem historii, albo go wykorzystać i sprawić, żeby ten moment, w którym się znaleźliśmy, był momentem historycznym, momentem takich reform, po których Europa wreszcie będzie Europą na miarę III dekady XXI w.","['Appeal_to_Time', 'Flag_Waving', 'Slogans']","['Justification', 'Call']",False,True,False,False,True,False,"Ми можемо або проспати цей час і дати йому зникнути разом з вітром історії, або використати його і зробити так, щоб цей момент, в якому ми опинилися, став історичним моментом, моментом таких реформ, після яких Європа нарешті стане Європою на рівні третьої декади XXI століття."
pl_eu_12_06_2024_n04.txt,2746,2812,Sekretarz Stanu w Ministerstwie Spraw Wewnętrznych i Administracji,[],[],False,False,False,False,False,False,Державний секретар у Міністерстві внутрішніх справ та адміністрації
pl_defence_07_03_2025_n04.txt,1721,1848,Ameryka wysłała nam bardzo jasny komunikat: oczekuje większego zaangażowania państw europejskich w budowanie światowego pokoju.,['Appeal_to_Authority'],['Justification'],False,True,False,False,False,False,Америка надіслала нам дуже чіткий сигнал: вона очікує більшого залучення європейських країн до побудови світового миру.
pl_hate_speech_act_19_12_2024_n08.txt,3310,3463,"Gdy w studiu radiowym lub telewizyjnym będę się upierać, że mężczyzna nie może urodzić dziecka, a kobieta nigdy nie będzie mężczyzną, też mnie aresztują.","['Consequential_Oversimplification', 'Straw_Man', 'Appeal_to_Fear-Prejudice']","['Justification', 'Distraction', 'Simplification']",False,True,True,True,False,False,"Коли в радіо- чи телестудії буду наполягати, що чоловік не може народити дитину, а жінка ніколи не буде чоловіком, мене теж заарештують."
pl_defence_07_03_2025_n04.txt,2677,2698,Putin chce niepokoju.,"['Questioning_the_Reputation', 'Repetition', 'Appeal_to_Fear-Prejudice']","['Attack_on_Reputation', 'Justification', 'Manipulative_Wording']",True,True,False,False,False,True,Путін хоче неспокою.
pl_hate_speech_act_19_12_2024_n10.txt,5279,5328,Poseł Iwona Małgorzata Krawczyk: Panie Marszałku!,[],[],False,False,False,False,False,False,Пані Маршалку!
pl_defence_22_05_2024_n01.txt,10781,10928,"To my najpierw przygotowaliśmy projekt ustawy w rządzie, a teraz ten projekt został złożony jako projekt poselski, projekt Prawa i Sprawiedliwości.",[],[],False,False,False,False,False,False,"Спочатку ми підготували проєкт закону в уряді, а тепер цей проєкт було подано як депутатський проєкт, проєкт партії «Право і Справедливість»."
pl_eu_03_04_2025_n01.txt,1948,1989,"To priorytety, które brzmiały obiecująco.",[],[],False,False,False,False,False,False,"Це пріоритети, які звучали багатообіцяюче."
pl_eu_12_06_2024_n02.txt,6170,6363,"Tym sprawdzianem jest obecna sytuacja. 53 polskich europosłów może zadecydować o tym, jak będzie wyglądała Komisja Europejska, i powinniśmy postawić jako warunek to, o czym mówimy od wielu lat.",[],[],False,False,False,False,False,False,"Цим випробуванням є нинішня ситуація. 53 польські євродепутати можуть вирішити, як виглядатиме Європейська комісія, і ми повинні поставити як умову те, про що ми говоримо вже багато років."
pl_abortion_11_04_2024_n05.txt,10424,10478,"Aborcja musi być bezpieczna, aborcja musi być legalna.","['Conversation_Killer', 'Slogans']",['Call'],False,False,False,False,True,False,"Аборт має бути безпечним, аборт має бути законним."
pl_defence_22_05_2024_n02.txt,6402,6562,"Niech nasz system wojskowy w 5 lat osiągnie tylko 1/3 stanu osobowego przedwojennych Niemiec w czasie pokoju i przeszkoli chociaż 500 tys., podkreślam, w 5 lat.",['Repetition'],['Manipulative_Wording'],False,False,False,False,False,True,"Нехай наша військова система досягне лише 1/3 чисельності особового складу довоєнної Німеччини в мирний час за 5 років і підготує хоча б 500 тисяч, підкреслюю, за 5 років."
pl_hate_speech_act_19_12_2024_n07.txt,6615,6660,Poseł Bartłomiej Dorywalski: Panie Marszałku!,[],[],False,False,False,False,False,False,Депутат Бартоломей Доривальський: Пане Маршалку!
pl_abortion_11_04_2024_n03.txt,8369,8494,"Spotkałyśmy się wtedy na ulicach polskich miast, dużych i małych, i w strugach deszczu udało nam się zatrzymać to szaleństwo.","['Loaded_Language', 'Appeal_to_Popularity']","['Justification', 'Manipulative_Wording']",False,True,False,False,False,True,"Ми зустрілися тоді на вулицях польських міст, великих і малих, і в струменях дощу нам вдалося зупинити це безумство."
pl_abortion_11_04_2024_n05.txt,8533,8622,"I to, co się wydarzyło, jest czarnym scenariuszem, który właśnie się cały czas realizuje.","['Exaggeration-Minimisation', 'Loaded_Language']",['Manipulative_Wording'],False,False,False,False,False,True,"І те, що сталося, є чорним сценарієм, який зараз реалізується."
pl_defence_22_05_2024_n01.txt,7208,7278,Dlatego że Stany Zjednoczone posiadają najsilniejszą armię na świecie.,[],[],False,False,False,False,False,False,Тому що Сполучені Штати мають найсильнішу армію в світі.
pl_eu_03_04_2025_n04.txt,1676,1781,"Pan przedstawił tu długi dokument, ale zapamiętamy informacje o pracy, a nie informacje z tego dokumentu.",['Red_Herring'],['Distraction'],False,False,True,False,False,False,"Він представив тут довгий документ, але запам'ятаємо інформацію про роботу, а не інформацію з цього документа."
pl_eu_03_04_2025_n07.txt,7040,7074,"Rozumiem, że kontynuuje pan poseł.",[],[],False,False,False,False,False,False,"Розумію, що продовжує пан депутат."
pl_eu_12_06_2024_n03.txt,6636,6689,Moje pytanie dotyczy kosztów całości przedsięwzięcia.,[],[],False,False,False,False,False,False,Моє питання стосується вартості всього проєкту.
pl_statements_20_02_2025_n03.txt,8910,8981,Bardzo się cieszę z tak dużego odzewu na ogłoszony przeze mnie konkurs.,[],[],False,False,False,False,False,False,"Я дуже радий такому великому відгуку на конкурс, який я оголосив."
pl_abortion_11_04_2024_n11.txt,4570,4668,Czy chcemy mieć w Polsce prawo rodem z wieku XIX… (Głos z sali: Już mamy.) (Głos z sali: W życiu.),"['Conversation_Killer', 'Exaggeration-Minimisation', 'Guilt_by_Association']","['Attack_on_Reputation', 'Call', 'Manipulative_Wording']",True,False,False,False,True,True,Чи хочемо ми мати в Польщі право родом з XIX століття… (Голос з залу: Вже маємо.) (Голос з залу: У житті.)
pl_statements_20_02_2025_n01.txt,4135,4257,"Berlin jest zachwycony upadkiem PKP Cargo, Poczty Polskiej i Zakładów Porcelany Stołowej „Karolina” w Jaworzynie Śląskiej.",['Exaggeration-Minimisation'],['Manipulative_Wording'],False,False,False,False,False,True,"Берлін у захваті від падіння PKP Cargo, Poczty Polskiej та Заводів порцеляни Столової «Кароліна» в Явожині Шльонській."
pl_abortion_11_04_2024_n02.txt,2312,2480,"Art. 152 Kodeksu karnego, czyli kara za pomoc w aborcji, jest przyczyną ludzkich dramatów, ciągania po sądach tych, którzy wykazali się empatią i pomogli swoim bliskim.","['Appeal_to_Pity', 'Appeal_to_Values']","['Justification', 'Distraction']",False,True,True,False,False,False,"Стаття 152 Кримінального кодексу, тобто покарання за допомогу в аборті, є причиною людських драм, тяганини в судах тих, хто виявив співчуття і допоміг своїм близьким."
pl_defence_07_03_2025_n04.txt,3885,4010,"A dobrze wiemy, że zarządzanie ludźmi przez strach to najchętniej wykorzystywany mechanizm dojścia do władzy przez radykałów.","['Conversation_Killer', 'Name_Calling-Labeling']","['Attack_on_Reputation', 'Call']",True,False,False,False,True,False,"Ми добре знаємо, що управління людьми через страх – це найбільш часто використовуваний механізм приходу до влади радикалів."
pl_eu_12_06_2024_n02.txt,2176,2337,Niewątpliwie obejmowanie przez Polskę prezydencji w Radzie Unii Europejskiej w pierwszej połowie 2025 r. jest wydarzeniem o ogromnym znaczeniu dla naszego kraju.,[],[],False,False,False,False,False,False,"Безсумнівно, головування Польщі в Раді Європейського Союзу у першій половині 2025 року є подією величезного значення для нашої країни."
pl_defence_22_05_2024_n04.txt,54,95,"Pan poseł Marcin Skonieczka, Polska 2050.",[],[],False,False,False,False,False,False,"Пан посол Марцін Сконєчка, Польща 2050."
pl_eu_12_06_2024_n02.txt,4857,4862,Jest?,[],[],False,False,False,False,False,False,Чи є?
pl_abortion_11_04_2024_n09.txt,0,63,Wicemarszałek Monika Wielichowska: Pan poseł Jarosław Sachajko.,[],[],False,False,False,False,False,False,Віцемаршалок Моніка Веліховська: Пане Ярославе Сахайко.
pl_abortion_11_04_2024_n08.txt,665,786,Za pośrednictwem mediów społecznościowych co jakiś czas Aborcyjny Dream Team chwali się swoimi morderczymi osiągnięciami.,"['Questioning_the_Reputation', 'Name_Calling-Labeling']",['Attack_on_Reputation'],True,False,False,False,False,False,Через соціальні мережі час від часу Aborcyjny Dream Team хвалиться своїми вбивчими досягненнями.
pl_defence_07_03_2025_n05.txt,5250,5422,"Bo jeżeli jakiekolwiek rakiety będą lecieć ze strony Rosji, w stronę Unii Europejskiej, któregokolwiek z krajów, to w większości przypadków będą lecieć niestety nad Polską.",['Appeal_to_Fear-Prejudice'],['Justification'],False,True,False,False,False,False,"Бо якщо якісь ракети летітимуть з боку Росії, в бік Європейського Союзу, будь-якої з країн, то в більшості випадків вони, на жаль, летітимуть над Польщею."
pl_hate_speech_act_19_12_2024_n04.txt,3020,3258,"Doskonale widzimy również, jak duży jest kryzys zdrowia psychicznego wśród osób młodych, szczególnie ze społeczności LGBT, które starają się odnaleźć swoją tożsamość, które szukają swojej tożsamości, orientacji, wsparcia i bezpieczeństwa.",['Appeal_to_Pity'],['Distraction'],False,False,True,False,False,False,"Чудово бачимо також, наскільки великим є криза психічного здоров'я серед молодих людей, особливо з ЛГБТ-спільноти, які намагаються знайти свою ідентичність, які шукають своєї ідентичності, орієнтації, підтримки та безпеки."
pl_current_affairs_09_01_2025_n01.txt,8463,8552,I to tutaj razem z przedstawicielami ZUS-u i Departamentu Polityki Rodzinnej deklarujemy.,[],[],False,False,False,False,False,False,І тут разом з представниками ZUS та Департаменту сімейної політики ми заявляємо.
pl_statements_20_02_2025_n03.txt,2656,2696,Zgodnie z rozkazem naczelnego wodza gen.,[],[],False,False,False,False,False,False,Згідно з наказом головного командира ген.
pl_abortion_11_04_2024_n03.txt,10450,10495,Wiele z nich potrzebuje wsparcia finansowego.,[],[],False,False,False,False,False,False,Багато з них потребують фінансової підтримки.
pl_eu_12_06_2024_n03.txt,4967,5007,"A więc, proszę państwa, jak to odczytać?",['False_Dilemma-No_Choice'],['Simplification'],False,False,False,True,False,False,"Отже, панове, як це прочитати?"
pl_hate_speech_act_19_12_2024_n04.txt,4915,4961,Przecież to wy padacie ofiarą takich zachowań.,[],[],False,False,False,False,False,False,Адже ви стаєте жертвами такої поведінки.
pl_eu_03_04_2025_n08.txt,4094,4176,"Nie mogę odmówić, jeżeli coś zostało, zgodnie z zasadą sprawiedliwości społecznej.",[],[],False,False,False,False,False,False,"Не можу відмовити, якщо щось залишилося, згідно з принципом соціальної справедливості."
pl_eu_12_06_2024_n04.txt,413,547,W jaki sposób rząd odnosi się do kwestii rozporządzenia… (Poseł Danuta Jazłowiecka: Tego nie dotyczy ustawa.) Proszę mnie nie pouczać.,['Conversation_Killer'],['Call'],False,False,False,False,True,False,Як уряд ставиться до питання регулювання… (Депутат Данута Язловецька: Це не стосується закону.) Не вчіть мене.
pl_hate_speech_act_19_12_2024_n09.txt,6520,6555,Poseł Paweł Szrot: Panie Marszałku!,[],[],False,False,False,False,False,False,Депутат Павел Шрот: Пане Маршалку!
pl_abortion_11_04_2024_n07.txt,8732,8824,"Pani minister Kotula, swoista afirmacja aborcji, serdecznie pozdrowiła Aborcyjny Dream Team.",['Questioning_the_Reputation'],['Attack_on_Reputation'],True,False,False,False,False,False,"Пані міністр Котула, своєрідна афермація аборту, щиро привітала Aborcyjny Dream Team."
pl_abortion_11_04_2024_n05.txt,2324,2417,"Nie wystarczy gadać, dyskutować na ten temat, ale trzeba przeprowadzić skuteczne rozwiązania.",[],[],False,False,False,False,False,False,"Недостатньо говорити, дискутувати на цю тему, але потрібно впровадити ефективні рішення."
pl_statements_20_02_2025_n04.txt,522,662,"Alkohol jest dosłownie na wyciągnięcie ręki: w małych miejscowościach, na stacjach benzynowych, w sklepach osiedlowych – po prostu wszędzie.",[],[],False,False,False,False,False,False,"Алкоголь буквально на відстані витягнутої руки: у невеликих містах, на автозаправках, у місцевих магазинах – просто всюди."
pl_abortion_11_04_2024_n02.txt,467,620,"Boi się o swoje zdrowie, boi się, czy udźwigną kolejne dziecko razem z mężem, bo ich po prostu na to nie stać, i z płaczem prosi przyjaciółkę o pożyczkę.","['Appeal_to_Pity', 'Repetition']","['Distraction', 'Manipulative_Wording']",False,False,True,False,False,True,"Вона боїться за своє здоров'я, боїться, чи зможе виховати ще одну дитину разом з чоловіком, бо вони просто не можуть собі цього дозволити, і з плачем просить подругу про позику."
pl_defence_22_05_2024_n03.txt,5359,5513,"Panie premierze, zabrakło w pańskim wystąpieniu odniesienia do Centralnego Portu Komunikacyjnego, który jest projektem także dotyczącym naszej obronności.",[],[],False,False,False,False,False,False,"Пане прем'єр-міністре, у вашій промові не було згадки про Центральний транспортний вузол, який також є проєктом, що стосується нашої оборони."
pl_abortion_11_04_2024_n09.txt,6877,6909,W sprawie formalnej.) Zapraszam.,[],[],False,False,False,False,False,False,З приводу офіційного.) Запрошую.
pl_defence_07_03_2025_n06.txt,8544,8755,"Albo się robi to, co wy robicie, czyli finansuje niekonsekwentnie, robi duże wydatki, a później nie implementuje prawidłowo, nie kupuje tego, co się rozwijało, nie używa się tego, nie remontuje, nie modernizuje.","['False_Equivalence', 'Doubt']","['Attack_on_Reputation', 'Simplification']",True,False,False,True,False,False,"Або робіть те, що ви робите, тобто фінансуйте непослідовно, робіть великі витрати, а потім не впроваджуйте правильно, не купуйте те, що розвивається, не використовуйте це, не ремонтуйте, не модернізуйте."
pl_abortion_11_04_2024_n01.txt,824,911,Pierwsze czytanie poselskiego projektu ustawy o świadomym rodzicielstwie (druk nr 224).,[],[],False,False,False,False,False,False,Перше читання депутатського законопроекту про свідоме батьківство (№ 224).
pl_defence_07_03_2025_n08.txt,901,1031,"Otóż zarówno bezpieczeństwu, jak i wojsku najbardziej mogą zaszkodzić dwie rzeczy: zbyt duża liczba generałów i polityka w wojsku.",[],[],False,False,False,False,False,False,"Отже, безпеці та армії найбільше можуть нашкодити дві речі: занадто велика кількість генералів та політика у війську."
pl_hate_speech_act_19_12_2024_n07.txt,1481,1600,"Art. 54 konstytucji gwarantuje każdemu obywatelowi prawo do wyrażania opinii, a szczególnie prawdziwych opinii, prawdy.",['Appeal_to_Authority'],['Justification'],False,True,False,False,False,False,"Стаття 54 Конституції гарантує кожному громадянину право висловлювати свою думку, а особливо правдиві думки, правду."
pl_abortion_11_04_2024_n08.txt,6133,6180,"I mówią: oczywiście, że nie zmieniliśmy zdania.",[],[],False,False,False,False,False,False,"І кажуть: звісно, ми не змінили своєї думки."
pl_hate_speech_act_19_12_2024_n03.txt,7676,8005,Właśnie dlatego przedstawiony projekt ustawy o zmianie ustawy – Kodeks karny ma na celu dokonanie zmian w zakresie katalogu znamion przestępstw określonych w art. 119 § 1 Kodeksu karnego i art. 257 Kodeksu karnego oraz wzmocnienie ochrony prawnokarnej przed przestępczymi zachowaniami motywowanymi przesłankami dyskryminacyjnymi.,[],[],False,False,False,False,False,False,"Саме тому представлений проєкт закону про внесення змін до Закону – Кримінального кодексу має на меті внести зміни до переліку ознак злочинів, визначених у статті 119 § 1 Кримінального кодексу та статті 257 Кримінального кодексу, а також посилити кримінально-правовий захист від злочинних дій, мотивованих дискримінаційними мотивами."
pl_eu_03_04_2025_n01.txt,1440,1502,Ten okres przypada na okres od lipca do grudnia zeszłego roku.,[],[],False,False,False,False,False,False,Цей період припадає на період з липня по грудень минулого року.
pl_hate_speech_act_19_12_2024_n09.txt,6865,6891,Podawano wiele przykładów.,['Appeal_to_Hypocrisy'],['Attack_on_Reputation'],True,False,False,False,False,False,Наведено багато прикладів.
pl_eu_12_06_2024_n04.txt,9420,9511,"Powiem tylko o jednym, wynikającym z zakresu działania mojego ministerstwa: bezpieczeństwo.",[],[],False,False,False,False,False,False,"Скажу лише про одне, що випливає з сфери діяльності мого міністерства: безпека."
pl_abortion_11_04_2024_n03.txt,7286,7369,"Czy wasze sumienia są teraz spokojne, gdy kobiety nadal zmusza się do kombinowania?","['Loaded_Language', 'Questioning_the_Reputation', 'Appeal_to_Values']","['Attack_on_Reputation', 'Justification', 'Manipulative_Wording']",True,True,False,False,False,True,"Чи ваше сумління зараз спокійне, коли жінок все ще змушують до компромісів?"
pl_eu_03_04_2025_n06.txt,7312,7369,To jest wasza polityka migracyjna: mydlenie oczu Polakom.,"['Loaded_Language', 'Slogans', 'Doubt']","['Attack_on_Reputation', 'Call', 'Manipulative_Wording']",True,False,False,False,True,True,Це ваша міграційна політика: замилювання очей полякам.
pl_defence_22_05_2024_n03.txt,2930,2956,Jesteśmy 5 lat po temacie.,['Doubt'],['Attack_on_Reputation'],True,False,False,False,False,False,Ми на 5 років відстаємо від теми.
pl_abortion_11_04_2024_n12.txt,5471,5658,"Skończyły się wystąpienia, zaczęły się pytania i ruszyła wataha panów, którzy z pogardą, z nienawiścią do kobiet wygadują bzdury, używając fanatycznego, kłamliwego, ideologicznego języka.","['Loaded_Language', 'Name_Calling-Labeling']","['Attack_on_Reputation', 'Manipulative_Wording']",True,False,False,False,False,True,"Закінчилися виступи, почалися запитання, і рушила вата панів, які з презирством, з ненавистю до жінок говорять нісенітниці, використовуючи фанатичний, брехливий, ідеологічний язик."
pl_defence_22_05_2024_n02.txt,8936,9036,"Co więcej, ani Sztab Generalny, ani pan minister na ten przemysł nie mają żadnego formalnego wpływu.",['Doubt'],['Attack_on_Reputation'],True,False,False,False,False,False,"Більше того, ні Генеральний штаб, ні пан міністр не мають жодного формального впливу на цю промисловість."
pl_abortion_11_04_2024_n09.txt,3102,3149,W Polsce mamy również zabijanie osób dorosłych.,"['False_Equivalence', 'Red_Herring']","['Distraction', 'Simplification']",False,False,True,True,False,False,В Польщі також є вбивства дорослих.
pl_defence_07_03_2025_n01.txt,188,247,"Szanowni państwo, proszę jeszcze raz o wyciszenie dyskusji.",[],[],False,False,False,False,False,False,"Шановні пані та панове, прошу ще раз заспокоїти дискусію."
pl_abortion_11_04_2024_n12.txt,5060,5107,Poseł Wanda Nowicka: Szanowna Pani Marszałkini!,[],[],False,False,False,False,False,False,Депутат Ванда Новіцька: Шановна пані Маршалко!
pl_abortion_11_04_2024_n07.txt,1170,1281,"Wszyscy dookoła, którzy mieli jej przyjść z pomocą w trudnej i niespodziewanej sytuacji, odwrócili się od niej.",[],[],False,False,False,False,False,False,"Всі навколо, хто мав прийти їй на допомогу у складній і несподіваній ситуації, відвернулися від неї."
pl_defence_22_05_2024_n01.txt,10018,10152,"Proszę państwa, nie można dopuścić do tego, żeby Unia Europejska konkurowała z Sojuszem Północnoatlantyckim, a wy do tego prowadzicie.",[],[],False,False,False,False,False,False,"Шановні пані та панове, не можна допустити, щоб Європейський Союз конкурував з Північноатлантичним альянсом, а ви до цього ведете."
pl_defence_07_03_2025_n01.txt,1893,1934,I o tej jedności pan premier mówił sporo.,[],[],False,False,False,False,False,False,І про цю єдність пан прем'єр-міністр говорив багато.
pl_defence_22_05_2024_n04.txt,2122,2160,"Pan poseł Tadeusz Tomaszewski, Lewica.",[],[],False,False,False,False,False,False,"Пане депутате Тадеуше Томашевскі, Лівиця."
pl_eu_03_04_2025_n01.txt,6881,6996,Mołdawia i trwają prace nad utworzeniem takiego zespołu i wysłaniem go do Mołdawii przed zbliżającymi się wyborami.,[],[],False,False,False,False,False,False,Молдова і тривають роботи над створенням такої групи та відправкою її до Молдови перед майбутніми виборами.
pl_abortion_11_04_2024_n07.txt,146,255,"Wysoka Izbo! „Moje ciało, mój wybór” – to hasło w całej debacie aborcyjnej od lat powtarzane jest jak mantra.",['Loaded_Language'],['Manipulative_Wording'],False,False,False,False,False,True,"Висока Ізбо! «Моє тіло, мій вибір» – це гасло в усій дискусії про аборти вже багато років повторюється як мантра."
pl_abortion_11_04_2024_n06.txt,735,805,"Przymykanie na to oczu wcale nie sprawi, że aborcje przestaną istnieć.",[],[],False,False,False,False,False,False,"Заплющування на це очей зовсім не означає, що аборти перестануть існувати."
pl_abortion_11_04_2024_n02.txt,906,974,"Mówi Justynie, że zabije się, jeśli nie będzie mogła przerwać ciąży.","['Loaded_Language', 'Appeal_to_Fear-Prejudice']","['Justification', 'Manipulative_Wording']",False,True,False,False,False,True,"Каже Юстині, що покінчить з собою, якщо не зможе перервати вагітність."
pl_defence_07_03_2025_n03.txt,2504,2643,"Polska szuka w tym planie wewnętrznej synergii, która jest konieczna, tak jak w pierwszych dniach po ataku Rosji na Ukrainę w lutym 2022 r.",[],[],False,False,False,False,False,False,"Польща шукає в цьому плані внутрішню синергію, яка є необхідною, так само як у перші дні після нападу Росії на Україну в лютому 2022 року."
pl_defence_22_05_2024_n01.txt,3249,3314,"Tadeusza Kościuszki, której zadaniem była obrona bramy brzeskiej.",[],[],False,False,False,False,False,False,"Тадеуша Костюшка, завданням якої був захист брами бжеської."
pl_defence_07_03_2025_n03.txt,7893,7914,Jak możemy to zrobić?,[],[],False,False,False,False,False,False,Як ми можемо це зробити?
pl_abortion_11_04_2024_n08.txt,6596,6743,"W wielu sprawach mamy beznadziejną, ale nie w kwestii dotyczącej ochrony życia, zwłaszcza po tym, jak została ona zdefiniowana tymi dwoma wyrokami.",['Loaded_Language'],['Manipulative_Wording'],False,False,False,False,False,True,"У багатьох питаннях ми маємо безнадійну ситуацію, але не в питанні захисту життя, особливо після того, як воно було визначене цими двома рішеннями."
pl_abortion_11_04_2024_n02.txt,2916,2934,Ale to nie koniec.,[],[],False,False,False,False,False,False,Але це ще не кінець.
pl_defence_22_05_2024_n01.txt,3975,4041,"Przypominam, że Rosja po raz pierwszy na Ukrainę napadła w 2014 r.",[],[],False,False,False,False,False,False,"Нагадую, що Росія вперше напала на Україну у 2014 році."
pl_eu_03_04_2025_n07.txt,7862,7925,"To była wojna, która została wywołana przeciwko wolnemu światu.",[],[],False,False,False,False,False,False,"Це була війна, яку було розпочато проти вільного світу."
pl_hate_speech_act_19_12_2024_n10.txt,6477,6559,Przedstawiciele Zjednoczonej Prawicy jednak zachowują pewien poziom w parlamencie.,[],[],False,False,False,False,False,False,Представники Об'єднаної Правиці все ж зберігають певний рівень у парламенті.
pl_abortion_11_04_2024_n14.txt,3270,3438,"Po raz pierwszy od 28 lat stoimy przed szansą dyskutowania o kwestiach aborcyjnych w otwarty i merytoryczny sposób, zgodnie ze zobowiązaniem, jakie podjęła Polska 2050.",['Appeal_to_Time'],['Call'],False,False,False,False,True,False,"Вперше за 28 років ми стоїмо перед шансом обговорити питання абортів відкрито та змістовно, відповідно до зобов'язання, яке взяла на себе Польща 2050."
pl_eu_12_06_2024_n02.txt,1566,1849,"Natomiast jeżeli chcecie wyłączyć procesy inwestycyjne, a nie chcieliście się zgodzić, np. w czasie COVID-u mieliście wiele zastrzeżeń, w czasie budowy zapory na granicy nie chcieliście się zgodzić, jeżeli chodzi o Prawo zamówień publicznych, to był jeden z argumentów, dlaczego nie…",['Questioning_the_Reputation'],['Attack_on_Reputation'],True,False,False,False,False,False,"Проте, якщо ви хочете зупинити інвестиційні процеси, а не хотіли погоджуватися, наприклад, під час COVID-19 мали багато застережень, під час будівництва паркану на кордоні не хотіли погоджуватися, якщо йдеться про Закон про державні закупівлі, то це був один з аргументів, чому ні…"
pl_defence_07_03_2025_n02.txt,7325,7444,"Polska wielokrotnie w swojej historii doświadczała tego, kiedy kłamano na temat wydarzeń związanych z naszymi dziejami.",['Flag_Waving'],['Justification'],False,True,False,False,False,False,"Польща неодноразово в своїй історії відчувала це, коли брехали про події, пов'язані з нашою історією."
pl_abortion_11_04_2024_n12.txt,6209,6356,"Zanim zaproszę na mównicę pana posła Mulawę, chciałam pozdrowić seniorki… (Gwar na sali, dzwonek) (Poseł Fryderyk Sylwester Kapinos: Jestem ojcem…)",[],[],False,False,False,False,False,False,"Перш ніж запросити на трибуну пана посла Мулаву, я хотіла привітати старших жінок… (Шум у залі, дзвінок) (Депутат Фридерик Сильвестр Капінос: Я батько…)"
pl_hate_speech_act_19_12_2024_n04.txt,6403,6487,Klub Parlamentarny Polska 2050 – Trzecia Droga poprze oczywiście ten projekt ustawy.,['Appeal_to_Time'],['Call'],False,False,False,False,True,False,Парламентський клуб «Польща 2050 – Третя Дорога» звісно підтримає цей законопроєкт.
pl_defence_07_03_2025_n08.txt,5817,6003,"To daje nam świetne pole do powtórki z historii, z lat 80., kiedy wyścig zbrojeń imperialną Rosję, wtedy sowiecką, doprowadził na skraj upadku, przede wszystkim upadku bloku wschodniego.","['False_Equivalence', 'Name_Calling-Labeling']","['Attack_on_Reputation', 'Simplification']",True,False,False,True,False,False,"Це дає нам чудовий привід повернутися до історії 80-х років, коли гонка озброєнь імперської Росії, тоді ще радянської, призвела до її падіння, насамперед до падіння східного блоку."
pl_abortion_11_04_2024_n13.txt,4473,4527,Poseł Alicja Łepkowska-Gołaś: Szanowna Pani Marszałek!,[],[],False,False,False,False,False,False,Пані Маршалку!
pl_hate_speech_act_19_12_2024_n01.txt,8905,8984,"Szeroko zakrojone konsultacje pokazały, jak bardzo potrzebna jest to regulacja.",['Appeal_to_Popularity'],['Justification'],False,True,False,False,False,False,"Широкомасштабні консультації показали, наскільки необхідна ця регуляція."
pl_hate_speech_act_19_12_2024_n02.txt,1649,1886,"Bo jeżeli dla kogoś emanacją wolności słowa jest wywoływanie u innych grup – nawet nie jednej osoby, ale u innych grup – stanu zagrożenia, sytuacji, że w stosunku do całych grup jest stosowana przemoc, to inaczej pojmujemy wolność słowa.",['Obfuscation-Vagueness-Confusion'],['Manipulative_Wording'],False,False,False,False,False,True,"Бо якщо для когось еманацією свободи слова є викликання в інших груп – навіть не однієї особи, але в інших груп – стану загрози, ситуації, що стосовно цілих груп застосовується насильство, то інакше розуміємо свободу слова."
pl_abortion_11_04_2024_n04.txt,2047,2092,Przez te wszystkie lata padło już wiele słów.,[],[],False,False,False,False,False,False,За ці роки було сказано багато слів.
pl_statements_20_02_2025_n03.txt,7302,7365,Celem konkursu było m.in. popularyzowanie postaci i postawy ks.,[],[],False,False,False,False,False,False,"Метою конкурсу було, зокрема, популяризація постаті та позиції о."
pl_abortion_11_04_2024_n01.txt,3437,3598,"Rozmawiajmy o życiu kobiet, jak to życie jest niszczone przez to, że mąż kobiety, która przerwała ciążę – podkreślam, miała prawo to zrobić – idzie do więzienia.","['Appeal_to_Pity', 'Appeal_to_Values', 'Repetition']","['Justification', 'Distraction', 'Manipulative_Wording']",False,True,True,False,False,True,"Поговоримо про життя жінок, як це життя знищується тим, що чоловік жінки, яка перервала вагітність – підкреслю, вона мала право це зробити – потрапляє до в’язниці."
pl_abortion_11_04_2024_n10.txt,7759,7781,To jest moje pytanie.),[],[],False,False,False,False,False,False,Це моє питання.)
pl_abortion_11_04_2024_n05.txt,3881,3988,"A może jednak o heroizmie, do którego zmuszane są kobiety, choć żadna z nas nie ma obowiązku być bohaterką?",['Exaggeration-Minimisation'],['Manipulative_Wording'],False,False,False,False,False,True,"А може, йдеться про героїзм, до якого змушують жінок, хоча жодна з нас не зобов'язана бути героїнею?"
pl_abortion_11_04_2024_n07.txt,5248,5537,"Marzę, by wyrastała w kraju, w którym każde dziecko, obojętnie w jakich warunkach się poczęło, będzie postrzegane jako wielki dar i wielka radość, bo w przezwyciężaniu wszelkich przeszkód i trudności kobieta nie będzie sama. (Część posłów wstaje, oklaski) (Poseł Grzegorz Braun: Tak jest.)","['Slogans', 'Appeal_to_Values', 'Repetition']","['Justification', 'Call', 'Manipulative_Wording']",False,True,False,False,True,True,"Мрію, щоб вона зростала в країні, де кожна дитина, незалежно від того, за яких умов вона була зачата, буде сприйматися як великий дар і велика радість, бо в подоланні всіх перешкод і труднощів жінка не буде сама. (Частина депутатів встає, оплески) (Депутат Гжегож Браун: Так є.)"
pl_eu_03_04_2025_n06.txt,8251,8309,No i żeby wzmocnić niemiecki i francuski przemysł obronny.,['Doubt'],['Attack_on_Reputation'],True,False,False,False,False,False,І щоб зміцнити німецьку та французьку оборонну промисловість.
pl_abortion_11_04_2024_n03.txt,4917,4969,Część polityków miała czyste ręce i czyste sumienia.,['Questioning_the_Reputation'],['Attack_on_Reputation'],True,False,False,False,False,False,Частина політиків мала чисті руки та чисте сумління.
pl_eu_03_04_2025_n07.txt,2851,2865,Drodzy Rodacy!,[],[],False,False,False,False,False,False,Шановні співвітчизники!
pl_abortion_11_04_2024_n12.txt,3213,3257,Wstańcie z kolan i dajcie wreszcie kobietom…,"['Flag_Waving', 'Loaded_Language']","['Justification', 'Manipulative_Wording']",False,True,False,False,False,True,Встаньте з колін і нарешті дайте жінкам…
pl_abortion_11_04_2024_n10.txt,606,684,"Poseł Agnieszka Wojciechowska van Heukelom: Dobrze, ale szanujmy się nawzajem.",['Slogans'],['Call'],False,False,False,False,True,False,"Депутат Агнєшка Войцеховська ван Гекелом: Добре, але поважаймо один одного."
pl_current_affairs_09_01_2025_n02.txt,1059,1103,Czy też nie widzicie państwo w tym problemu?,[],[],False,False,False,False,False,False,Чи ви також не бачите в цьому проблеми?
pl_defence_07_03_2025_n06.txt,9068,9090,Jak chcecie to zrobić?,[],[],False,False,False,False,False,False,Як ви хочете це зробити?
pl_eu_03_04_2025_n08.txt,2300,2396,"Objawiło się to i objawia codziennie, wielokrotnie w wypowiedziach tej części sceny politycznej.",['Repetition'],['Manipulative_Wording'],False,False,False,False,False,True,"Це проявилося і проявляється щодня, багато разів у заявах цієї частини політичної сцени."
pl_defence_22_05_2024_n01.txt,2083,2501,"Poseł Mariusz Błaszczak: Otóż wówczas pan prezydent Lech Kaczyński w obronie Gruzji napadniętej przez Rosję pojechał razem z przywódcami państw naszej części Europy do Tbilisi i wypowiedział pamiętne, historyczne słowa: dziś Gruzja, jutro Ukraina, potem państwa nadbałtyckie, a potem być może Polska zostanie zaatakowana przez odradzające się imperium rosyjskie, na którego czele stał wtedy i stoi teraz ten sam Putin.","['Flag_Waving', 'Appeal_to_Authority', 'Appeal_to_Fear-Prejudice']",['Justification'],False,True,False,False,False,False,"Депутат Маріуш Блащак: Тоді президент Лех Качинський, захищаючи Грузію, яку атакувала Росія, поїхав разом з лідерами країн нашої частини Європи до Тбілісі та виголосив пам’ятні, історичні слова: сьогодні Грузія, завтра Україна, потім країни Балтії, а потім, можливо, Польща буде атакована відродженим російським імперіалізмом, на чолі якого тоді стояв і зараз стоїть той самий Путін."
pl_eu_03_04_2025_n03.txt,6757,6811,Czy Polska tamten czas dobrze wykorzystała dla Polski?,[],[],False,False,False,False,False,False,Чи Польща добре використала той час для Польщі?
pl_statements_20_02_2025_n03.txt,6732,6758,Musimy o tym mówić głośno.,[],[],False,False,False,False,False,False,Ми повинні про це говорити голосно.
pl_abortion_11_04_2024_n12.txt,5317,5470,"Padały argumenty, jednak była rozmowa i jednak nie było okazywania braku szacunku dla osób po innej stronie przekonań politycznych czy światopoglądowych.",[],[],False,False,False,False,False,False,"Лунали аргументи, але була розмова, і не було проявів неповаги до людей з іншими політичними чи світоглядними переконаннями."
pl_hate_speech_act_19_12_2024_n07.txt,1735,1832,"Mam, wydawałoby się, że proste, pytanie do ministerstwa, bo wpisujecie płeć jako cechę chronioną.",[],[],False,False,False,False,False,False,"У мене, здавалося б, просте питання до міністерства, бо ви вказуєте стать як захищену ознаку."
pl_abortion_11_04_2024_n08.txt,7824,7874,"Zapraszam pana posła Jarosława Sachajkę, Kukiz’15.",[],[],False,False,False,False,False,False,"Запрошую пана посла Ярослава Сахайку, Kukiz'15."
pl_defence_07_03_2025_n08.txt,3132,3246,"Ale nie zapominajcie, że historia potrafi koło zatoczyć i wróg równie dobrze jak w 1939 r. może przyjść z zachodu.",['Appeal_to_Fear-Prejudice'],['Justification'],False,True,False,False,False,False,"Але не забувайте, що історія може повернутися, і ворог так само добре, як і в 1939 році, може прийти з заходу."
pl_defence_07_03_2025_n03.txt,2936,2958,Mamy się czym chwalić.,[],[],False,False,False,False,False,False,Нам є чим пишатися.
pl_abortion_11_04_2024_n14.txt,827,926,"To teoretycznie czas, gdy poczęte dziecko może już samodzielnie funkcjonować poza organizmem matki.",['Appeal_to_Pity'],['Distraction'],False,False,True,False,False,False,"Це теоретично час, коли зачата дитина вже може самостійно функціонувати поза організмом матері."
pl_eu_03_04_2025_n04.txt,395,766,"Nie chodzi o politykę wschodnią, bo w tym się z Węgrami głęboko nie zgadzamy, ale tam, gdzie chodzi o skuteczność reprezentacji narodowego interesu, akurat temu izolowanemu Orbánowi, temu tak krytykowanemu, w niektórych elementach słusznie, przez was Orbánowi – tak jak powiedziałem – udało się to zrobić, a Polska stała obok i się temu wszystkiemu po prostu przyglądała.","['Loaded_Language', 'Doubt']","['Attack_on_Reputation', 'Manipulative_Wording']",True,False,False,False,False,True,"Не йдеться про східну політику, бо в цьому ми глибоко не погоджуємося з Угорщиною, але там, де йдеться про ефективність представництва національних інтересів, якраз цьому ізольованому Орбану, цьому так критикованому, в деяких елементах справедливо, вами Орбану – як я сказав – вдалося це зробити, а Польща стояла осторонь і просто спостерігала за всім цим."
pl_statements_20_02_2025_n04.txt,966,1131,"W małych miejscowościach, gdzie dostęp do specjalistycznej pomocy jest ograniczony, alkohol staje się lekarstwem na problemy psychiczne, bezrobocie, brak perspektyw.",[],[],False,False,False,False,False,False,"У невеликих містах, де доступ до спеціалізованої допомоги обмежений, алкоголь стає ліками від психічних проблем, безробіття, відсутності перспектив."
pl_abortion_11_04_2024_n13.txt,5923,5932,Posłowie!,[],[],False,False,False,False,False,False,Народні депутати!
pl_abortion_11_04_2024_n04.txt,5601,5727,"Dzisiaj prezentujemy też ustawę, która odwraca bulwersujący wyrok Trybunału Konstytucyjnego, ale także poszerza pewien zakres.",['Name_Calling-Labeling'],['Attack_on_Reputation'],True,False,False,False,False,False,"Сьогодні ми також представляємо законопроект, який скасовує обурливе рішення Конституційного суду, але також розширює певний обсяг."
pl_abortion_11_04_2024_n12.txt,773,817,To małe dziecko miało przed sobą całe życie.,"['Appeal_to_Pity', 'Repetition']","['Distraction', 'Manipulative_Wording']",False,False,True,False,False,True,Ця маленька дитина мала перед собою все життя.
pl_hate_speech_act_19_12_2024_n03.txt,2013,2110,"Projekt ten jest bardzo groźny, przypomina najgorsze mechanizmy ideologii przeciwnych demokracji.","['Straw_Man', 'Guilt_by_Association']","['Attack_on_Reputation', 'Distraction']",True,False,True,False,False,False,"Цей проєкт дуже небезпечний, він нагадує найгірші механізми ідеологій, протилежних демократії."
pl_abortion_11_04_2024_n08.txt,4683,4806,"Technicznie tzw. łyżeczkowanie, pozbywanie się łożyska jest dokładnie tym samym, co za komuny wulgarnie nazywano skrobanką.",[],[],False,False,False,False,False,False,"Технічно так зване «ложечкування», видалення плаценти, є тим самим, що за часів комунізму вульгарно називали «скробанкою»."
pl_defence_07_03_2025_n05.txt,1643,1679,Poseł Anna Maria Żukowska: Dziękuję.,[],[],False,False,False,False,False,False,Депутат Анна Марія Жуковська: Дякую.
pl_eu_03_04_2025_n05.txt,7235,7462,"27 czerwca w konkluzjach Rady odnoszących się do bezpieczeństwa i obrony stwierdzono m.in., że dyskusja na temat możliwości uruchomienia finansowania na rzecz europejskiej obrony powinna być europejskim czy unijnym priorytetem.",[],[],False,False,False,False,False,False,"27 червня у висновках Ради, що стосуються безпеки та оборони, було зазначено, зокрема, що дискусія щодо можливості запуску фінансування для європейської оборони має бути європейським чи європейським пріоритетом."
pl_defence_22_05_2024_n03.txt,6142,6213,Bardzo dużo (Dzwonek) pan premier powiedział o konsensusie politycznym.,[],[],False,False,False,False,False,False,Дуже багато (Дзвоник) пан прем'єр-міністр сказав про політичний консенсус.
pl_eu_12_06_2024_n04.txt,378,412,Jakie są priorytety w tej sprawie?,[],[],False,False,False,False,False,False,Які є пріоритети в цьому питанні?
pl_statements_20_02_2025_n03.txt,7071,7121,Poseł Fryderyk Sylwester Kapinos: Dziękuję bardzo.,[],[],False,False,False,False,False,False,Депутат Фридерик Сильвестр Капінос: Дуже дякую.
pl_defence_07_03_2025_n05.txt,4243,4590,"Po to, żeby tą logiką polityki obronnej, też polityki NATO-wskiej nie były kolonializm, eksploatacja i wyzysk, tak jak proponuje prezydent Trump, Europa musi się zjednoczyć wokół wspólnego celu, wokół wspólnego systemu budowy bezpieczeństwa na naszym kontynencie, tak żeby USA Trumpa nie były w stanie rozsadzić tego bezpieczeństwa i tego sojuszu.","['Flag_Waving', 'Loaded_Language', 'Appeal_to_Values', 'Straw_Man', 'Appeal_to_Fear-Prejudice']","['Justification', 'Distraction', 'Manipulative_Wording']",False,True,True,False,False,True,"Щоб ця логіка оборонної політики, також політики НАТО, не була колоніалізмом, експлуатацією та визиском, як пропонує президент Трамп, Європа повинна об'єднатися навколо спільної мети, навколо спільної системи побудови безпеки на нашому континенті, щоб США Трампа не змогли зруйнувати цю безпеку та цей союз."
pl_hate_speech_act_19_12_2024_n09.txt,4720,4802,"Poseł Włodzimierz Tomaszewski: Ochrona, która staje się atakiem, nie jest ochroną.","['Appeal_to_Hypocrisy', 'Slogans']","['Attack_on_Reputation', 'Call']",True,False,False,False,True,False,"Депутат Влодзімеж Томашевський: Захист, який стає нападом, не є захистом."
pl_eu_12_06_2024_n01.txt,4530,4782,"Natomiast to, co jest kłopotem przedłożonego projektu, to fakt, po pierwsze, że szereg rozwiązań, które znalazły się w tym projekcie, nie ma związku z tym celem, a dodatkowo budzi wątpliwości, które nie zostały wyjaśnione w toku procesu legislacyjnego.",['Doubt'],['Attack_on_Reputation'],True,False,False,False,False,False,"Проте, що є проблемою запропонованого проєкту, так це те, що, по-перше, ряд рішень, які містяться в цьому проєкті, не мають відношення до цієї мети, а крім того, викликають сумніви, які не були роз’яснені під час законодавчого процесу."
pl_eu_12_06_2024_n03.txt,8410,8514,Czy są prowadzone negocjacje z panem prezydentem dotyczące przygotowania prezydencji w Unii Europejskiej?,['Doubt'],['Attack_on_Reputation'],True,False,False,False,False,False,Чи ведуться переговори з паном президентом щодо підготовки головування в Європейському Союзі?
pl_abortion_11_04_2024_n09.txt,1354,1473,"Polki oczekują dalszego skokowego zwiększania finansowania służby zdrowia, aby żadna kobieta w ciąży więcej nie umarła.",['Appeal_to_Fear-Prejudice'],['Justification'],False,True,False,False,False,False,"Українки очікують подальшого стрімкого збільшення фінансування охорони здоров'я, щоб жодна вагітна жінка більше не померла."
pl_eu_12_06_2024_n03.txt,4270,4343,"Może trzeba wziąć się do roboty, zamiast zmieniać przepisy, wyłączać PZP.",['Questioning_the_Reputation'],['Attack_on_Reputation'],True,False,False,False,False,False,"Можливо, варто взятися за роботу, замість того, щоб змінювати правила, вимикати ПЗП."
pl_hate_speech_act_19_12_2024_n10.txt,5970,6080,"Jest to forma dyskryminowania, która może powodować i powoduje ogromne szkody psychiczne i fizyczne. (Dzwonek)",['Appeal_to_Fear-Prejudice'],['Justification'],False,True,False,False,False,False,"Це форма дискримінації, яка може спричиняти і спричиняє величезні психічні та фізичні збитки. (Дзвоник)"
pl_eu_03_04_2025_n02.txt,6783,6874,"Po piąte, organizacja 7 listopada szczytu Europejskiej Wspólnoty Politycznej w Budapeszcie.",[],[],False,False,False,False,False,False,"По-п'яте, організація 7 листопада саміту Європейської політичної спільноти в Будапешті."
pl_abortion_11_04_2024_n08.txt,473,510,Jego matka była w 37. tygodniu ciąży.,[],[],False,False,False,False,False,False,Його мати була на 37-му тижні вагітності.
pl_abortion_11_04_2024_n02.txt,2158,2241,Czy pan Grzegorz z Pińczowa powinien zostawić swoją partnerkę samą i jej nie pomóc?,"['Appeal_to_Values', 'False_Dilemma-No_Choice']","['Justification', 'Simplification']",False,True,False,True,False,False,Чи пан Ґжеґож з Пінчова повинен залишити свою партнерку саму і не допомагати їй?
pl_statements_20_02_2025_n02.txt,357,474,"We współczesnej Jałcie Putin z Trumpem chcą podziału świata na nowo, zapominają o bestialskich zbrodniach w Ukrainie.","['Exaggeration-Minimisation', 'Loaded_Language', 'Guilt_by_Association']","['Attack_on_Reputation', 'Manipulative_Wording']",True,False,False,False,False,True,"У сучасній Ялті Путін і Трамп хочуть знову поділити світ, забуваючи про звірячі злочини в Україні."
pl_eu_03_04_2025_n02.txt,7959,8070,"Działo się to zgodnie z poglądem premiera Węgier, że prezydencja Węgier była polityczna, a nie administracyjna.",[],[],False,False,False,False,False,False,"Це відбувалося відповідно до думки прем'єр-міністра Угорщини, що головування Угорщини було політичним, а не адміністративним."
pl_statements_20_02_2025_n04.txt,4248,4422,Kilka dni temu wystąpiłem do pani minister kultury i dziedzictwa narodowego Hanny Wróblewskiej z protestem przeciwko destrukcyjnym działaniom wobec Muzeum Pamięć i Tożsamość.,['Loaded_Language'],['Manipulative_Wording'],False,False,False,False,False,True,Кілька днів тому я звернувся до пані міністра культури та національної спадщини Ганни Вроблевської з протестом проти деструктивних дій щодо Музею Пам'ять та Тотожність.
pl_statements_20_02_2025_n04.txt,3922,4009,"Jeżeli pani poseł nie ma, to zapraszam panią poseł Małgorzatę Golińską, także klub PiS.",[],[],False,False,False,False,False,False,"Якщо пані посол не має, то запрошую пані посол Маґдалену Ґолінську, також клуб PiS."
pl_defence_07_03_2025_n06.txt,4824,4846,O szczycie w Brukseli?,['Doubt'],['Attack_on_Reputation'],True,False,False,False,False,False,Про саміт у Брюсселі?
pl_eu_03_04_2025_n01.txt,3881,3967,Także to możemy zapisać jako ważne z punktu widzenia bezpieczeństwa i interesu Polski.,[],[],False,False,False,False,False,False,Також ми можемо записати це як важливе з точки зору безпеки та інтересу Польщі.
pl_defence_07_03_2025_n08.txt,1544,1644,"Mam wrażenie, że Donald Tusk po dzisiejszym exposé, czy jakkolwiek by to nazwać, decyzję już podjął.",['Doubt'],['Attack_on_Reputation'],True,False,False,False,False,False,"Маю враження, що Дональд Туск після сьогоднішнього виступу, чи як би це назвати, вже прийняв рішення."
pl_defence_07_03_2025_n06.txt,9246,9277,Jak chcecie ten problem usunąć?,['Doubt'],['Attack_on_Reputation'],True,False,False,False,False,False,Як ви хочете вирішити цю проблему?
pl_current_affairs_09_01_2025_n02.txt,2713,2820,"Tutaj zdecydowana większość żłobków oferuje opiekę bezpłatną, co oznacza, że likwidujemy bariery finansowe.",[],[],False,False,False,False,False,False,"Тут переважна більшість дитячих садків пропонує безкоштовне виховання, що означає, що ми усуваємо фінансові бар’єри."
pl_hate_speech_act_19_12_2024_n10.txt,5638,5969,"Moje pytanie jednak brzmi: Skoro już nowelizujemy zapisy Kodeksu karnego, to czy do katalogu przestępstw nie należałoby dodać przesłanki związanej z body shaming, praktyką krytykowania, oceniania lub poniżania innych osób ze względu na ich wygląd fizyczny, w tym kształt ciała, wagę, stan skóry lub inne cechy wyglądu zewnętrznego?",[],[],False,False,False,False,False,False,"Моє питання, проте, таке: якщо ми вже вносимо зміни до Кримінального кодексу, то чи не варто додати до переліку злочинів підставу, пов’язану з бодішеймінгом, практикою критики, оцінювання або приниження інших людей через їхній фізичний вигляд, зокрема форму тіла, вагу, стан шкіри або інші ознаки зовнішності?"
pl_statements_20_02_2025_n01.txt,4683,4956,"To nie są błędy w zarządzaniu, niekompetencja waszych ministrów – to jest zaplanowany i precyzyjny prowadzony sabotaż gospodarki na zlecenie Unii Europejskiej Polska ma wrócić do szeregu państw usługujących Berlinowi i Brukseli, a Polacy mają wrócić na plantację szparagów.","['Consequential_Oversimplification', 'Exaggeration-Minimisation', 'Loaded_Language', 'Questioning_the_Reputation', 'Appeal_to_Fear-Prejudice']","['Attack_on_Reputation', 'Justification', 'Simplification', 'Manipulative_Wording']",True,True,False,True,False,True,"Це не помилки в управлінні, не некомпетентність ваших міністрів – це спланований і точний саботаж економіки на замовлення Європейського Союзу. Польща має повернутися до ряду країн, які обслуговують Берлін і Брюссель, а поляки мають повернутися на плантації спаржі."
pl_defence_22_05_2024_n01.txt,11403,11488,(Głos z sali: Dla ojczyzny ratowania…) …dla ojczyzny ratowania rzucił się przez most.,"['Flag_Waving', 'Red_Herring']","['Justification', 'Distraction']",False,True,True,False,False,False,(Голос з залу: Для порятунку батьківщини…) …для порятунку батьківщини кинувся через міст.
pl_defence_07_03_2025_n07.txt,6435,6561,"Mają one też potencjał, który razem z polskim potencjałem daje realną synergię, jeżeli chodzi o budowanie zdolności obronnych.",[],[],False,False,False,False,False,False,"Вони також мають потенціал, який разом з польським потенціалом дає реальну синергію, коли йдеться про будівництво оборонних можливостей."
pl_defence_07_03_2025_n05.txt,3406,3634,"Tak powinniśmy traktować ten sojusz i apelujemy także do naszego partnera ze Stanów Zjednoczonych, do pana prezydenta Trumpa, żeby również nie odchodził od tego głównego logicznego założenia, z powodu którego ten sojusz powstał.",['Appeal_to_Values'],['Justification'],False,True,False,False,False,False,"Так ми повинні ставитися до цього союзу, і ми також звертаємося до нашого партнера зі Сполучених Штатів, до пана президента Трампа, щоб він також не відходив від цієї основної логічної основи, через яку цей союз виник."
pl_defence_07_03_2025_n06.txt,7906,8029,"Spoważniejcie, wydoroślejcie wreszcie. (Oklaski) To jest zły pomysł, proszę państwa. (Poseł Piotr Kaleta: Czas na Wiplera.)","['Conversation_Killer', 'Loaded_Language', 'Questioning_the_Reputation']","['Attack_on_Reputation', 'Call', 'Manipulative_Wording']",True,False,False,False,True,True,"Посерйознішайте, нарешті подорослішайте. (Оплески) Це погана ідея, панове. (Депутат Петро Калета: Час для Віплера.)"
pl_abortion_11_04_2024_n13.txt,5615,5662,Dajmy polskim kobietom poczucie bezpieczeństwa.,"['Slogans', 'Appeal_to_Values', 'Repetition']","['Justification', 'Call', 'Manipulative_Wording']",False,True,False,False,True,True,Подаруймо польським жінкам відчуття безпеки.
pl_eu_03_04_2025_n06.txt,6058,6198,"Z tego się wyłania to, że głównym celem Polski jest zwiększenie wsparcia dla Ukrainy i szybka droga akcesji tego kraju do Unii Europejskiej.",[],[],False,False,False,False,False,False,"З цього випливає, що головною метою Польщі є збільшення підтримки України та швидкий шлях приєднання цієї країни до Європейського Союзу."
pl_hate_speech_act_19_12_2024_n01.txt,8357,8409,Czy tylko dlatego powinny padać ofiarą przestępstwa?,['Obfuscation-Vagueness-Confusion'],['Manipulative_Wording'],False,False,False,False,False,True,Чи тільки тому вони повинні ставати жертвами злочинів?
pl_abortion_11_04_2024_n08.txt,2449,2473,Premier rządu rewolucji.,"['False_Equivalence', 'Name_Calling-Labeling']","['Attack_on_Reputation', 'Simplification']",True,False,False,True,False,False,Прем'єр-міністр уряду революції.
pl_defence_07_03_2025_n02.txt,5945,5969,"Tak mówicie, codziennie.",['Doubt'],['Attack_on_Reputation'],True,False,False,False,False,False,"Так говорите, щодня."
pl_eu_03_04_2025_n03.txt,4098,4140,Poseł Szymon Szynkowski vel Sęk: Dziękuję.,[],[],False,False,False,False,False,False,Депутат Шимон Шиньковський вель Сек: Дякую.
pl_abortion_11_04_2024_n10.txt,3616,3647,Czy chcemy karać tych rodziców…,['Appeal_to_Pity'],['Distraction'],False,False,True,False,False,False,Чи хочемо карати цих батьків…
pl_hate_speech_act_19_12_2024_n03.txt,5485,5589,"Na jakie wydarzenia zareagował minister Bodnar w lipcu, uzasadniając konieczność prac nad tym projektem?",['Appeal_to_Hypocrisy'],['Attack_on_Reputation'],True,False,False,False,False,False,"На які події відреагував міністр Боднар у липні, обґрунтовуючи необхідність роботи над цим проектом?"
pl_abortion_11_04_2024_n01.txt,6359,6404,"Wszystko jest w porządku, wszystko jest okej.",['Repetition'],['Manipulative_Wording'],False,False,False,False,False,True,"Все гаразд, все добре."
pl_eu_03_04_2025_n06.txt,4773,4859,Wy mentalnie nie jesteście w stanie choćby pomyśleć o suwerenności – tylko ślepy kurs.,"['Loaded_Language', 'Questioning_the_Reputation']","['Attack_on_Reputation', 'Manipulative_Wording']",True,False,False,False,False,True,Ви ментально не здатні навіть подумати про суверенітет – лише сліпий курс.
pl_eu_12_06_2024_n01.txt,5069,5366,"To jest oczywiście zrozumiałe, jednak cel deklarowany oraz rzeczywisty skutek przyjęcia takiego przepisu w takim brzmieniu, takiego rozwiązania to jest bardzo szerokie wyłączenie z Prawa zamówień publicznych, które obejmuje nie tylko zamówienia dotyczące bezpieczeństwa, lecz wszystkie zamówienia.",[],[],False,False,False,False,False,False,"Це, звісно, зрозуміло, але оголошена мета та фактичний результат прийняття такого положення в такій редакції, такого рішення – це дуже широке виключення з Закону про державні закупівлі, яке охоплює не лише замовлення, пов’язані з безпекою, але й усі замовлення."
pl_hate_speech_act_19_12_2024_n09.txt,4981,5094,"O Julianie Tuwimie już tutaj mówiono przy okazji „Murzynka Bambo”, ale pytam też o „Chłopów” Władysława Reymonta.",[],[],False,False,False,False,False,False,"Про Юліана Тувіма вже говорили тут з нагоди «Муринки Бамбо», але я також питаю про «Хлопів» Владислава Реймонта."
pl_defence_07_03_2025_n08.txt,783,812,Zaczęła się panika w Europie.,['Repetition'],['Manipulative_Wording'],False,False,False,False,False,True,Почалася паніка в Європі.
pl_defence_07_03_2025_n04.txt,7022,7076,Widzimy i odnotowujemy również antyukraińskie akcenty.,[],[],False,False,False,False,False,False,Ми бачимо та фіксуємо також антиукраїнські акценти.
pl_defence_07_03_2025_n03.txt,1548,1739,"Otóż Jan Nowak-Jeziorański mówił tak: Poczucie bezpieczeństwa, jakie zapewnia przymierze atlantyckie, nie może stać się mitem, który rozbroi nas psychicznie i zrodzi lenistwo myśli wojskowej.",['Appeal_to_Authority'],['Justification'],False,True,False,False,False,False,"Ось що сказав Ян Новак-Єзьоранський: Почуття безпеки, яке забезпечує атлантичний альянс, не повинно стати міфом, який роззброїть нас психічно і породить лінощі військової думки."
pl_abortion_11_04_2024_n03.txt,2560,2815,"Ale jeszcze smutniejsze jest to, że dzisiaj jestem matką 23-latki, która jest gdzieś tutaj, na galerii i która całe swoje życie żyła w państwie, które jej i jej koleżankom odbiera podstawowe prawo do podejmowania samodzielnej decyzji o ich macierzyństwie.","['Appeal_to_Pity', 'Questioning_the_Reputation', 'Appeal_to_Values', 'Red_Herring']","['Attack_on_Reputation', 'Justification', 'Distraction']",True,True,True,False,False,False,"Але ще сумніше те, що сьогодні я мама 23-річної дівчини, яка десь тут, на галереї, і яка все своє життя жила в державі, яка відбирає у неї та її подруг основне право приймати самостійні рішення щодо свого материнства."
pl_statements_20_02_2025_n02.txt,1871,1981,"Nie mogąc zatem słuchać tych kłamstw, zabrałem głos i w emocjonalnej wypowiedzi przejęzyczyłem się kilka razy.",['Loaded_Language'],['Manipulative_Wording'],False,False,False,False,False,True,"Не змігши слухати ці брехні, я взяв слово і в емоційній промові кілька разів помилився."
pl_defence_07_03_2025_n06.txt,3601,3713,"Proszę, żebyście skupili się na tym, co mamy do powiedzenia, bo 10 minut to mało czasu na omówienie tych rzeczy.",[],[],False,False,False,False,False,False,"Будь ласка, зосередьтеся на тому, що ми маємо сказати, адже 10 хвилин – це мало часу, щоб обговорити ці речі."
pl_statements_20_02_2025_n04.txt,3451,3539,"Warto jednak zwrócić uwagę, że PiS próbuje przypisywać zamykanie kopalń wszystkim innym.",['Appeal_to_Hypocrisy'],['Attack_on_Reputation'],True,False,False,False,False,False,"Варто звернути увагу, що PiS намагається приписувати закриття шахт усім іншим."
pl_hate_speech_act_19_12_2024_n10.txt,5359,5525,"Nowelizacja przepisów Kodeksu karnego w zakresie poszerzania katalogu przesłanek przestępstw popełnianych na tle uprzedzeń jest i koniecznością, i naszym obowiązkiem.","['Conversation_Killer', 'Appeal_to_Values', 'False_Dilemma-No_Choice']","['Justification', 'Simplification', 'Call']",False,True,False,True,True,False,"Оновлення положень Кримінального кодексу щодо розширення переліку підстав для злочинів, скоєних на ґрунті упереджень, є і необхідністю, і нашим обов’язком."
pl_defence_22_05_2024_n02.txt,4925,4975,"Pan poseł Andrzej Tomasz Zapałowski, Konfederacja.",[],[],False,False,False,False,False,False,"Пан посол Анджей Томаш Запаловський, Конфедерація."
pl_eu_03_04_2025_n07.txt,7381,7434,"Kontynuuje pan poseł Piotr Strach, także Polska 2050.",[],[],False,False,False,False,False,False,"Продовжує пан депутат Пьотр Страх, також Польща 2050."
pl_abortion_11_04_2024_n03.txt,5206,5262,Na przełomie lat 90. i 2000. kwitło podziemie aborcyjne.,['Appeal_to_Popularity'],['Justification'],False,True,False,False,False,False,На рубежі 90-х і 2000-х років процвітало підпільне абортивне середовище.
pl_defence_07_03_2025_n08.txt,3247,3333,Bowiem dzisiaj… (Poseł Witold Zembaczyński: To są bzdury.) Ja nie mówię o naleśnikach.,['Loaded_Language'],['Manipulative_Wording'],False,False,False,False,False,True,Бо сьогодні… (Депутат Вітольд Зембачинський: Це нісенітниця.) Я не кажу про млинці.
pl_abortion_11_04_2024_n12.txt,7005,7050,"Wręcz przeciwnie, mówi się o prawie do życia.","['Appeal_to_Values', 'Appeal_to_Popularity']",['Justification'],False,True,False,False,False,False,"Навпаки, йдеться про право на життя."
pl_defence_07_03_2025_n04.txt,6192,6321,"Przekonujemy pozostałe kraje, iż budżety krajów unijnych krótko- i długoterminowe powinny lepiej uwzględniać środki na obronność.",[],[],False,False,False,False,False,False,"Переконуємо інші країни, що бюджети країн ЄС у короткостроковій та довгостроковій перспективі повинні краще враховувати кошти на оборону."
pl_hate_speech_act_19_12_2024_n08.txt,548,795,"Jakże nisko upadł niestety nasz parlamentaryzm, a także upadło nasze społeczeństwo, skoro osoby, które szerzą mowę nienawiści, ze skrajnej prawicy, na które głosują tysiące osób, zasiadają tu, m.in. w tych ławach. (Poseł Bartłomiej Pejo: Miliony.)",['Doubt'],['Attack_on_Reputation'],True,False,False,False,False,False,"Як низько впав наш парламентаризм, і як впало наше суспільство, якщо люди, які поширюють мову ненависті, з крайньої правої сторони, за яких голосують тисячі людей, сидять тут, зокрема в цих лавах. (Депутат Бартоломей Пейо: Мільйони.)"
pl_abortion_11_04_2024_n08.txt,787,947,Uruchomiona przez nich infolinia umożliwia konsultacje aborcyjne i zamawianie tabletek poronnych oraz umawianie wyjazdów na zabicie dziecka za granicami Polski.,['Loaded_Language'],['Manipulative_Wording'],False,False,False,False,False,True,"Запущена ними інформаційна лінія дозволяє проводити консультації з питань абортів та замовляти таблетки для переривання вагітності, а також домовлятися про поїздки для вбивства дитини за межами Польщі."
pl_defence_22_05_2024_n02.txt,3834,3918,Ukraińskie firmy zbrojeniowe po wybuchu wojny chciały przenieść produkcję do Polski.,"['Causal_Oversimplification', 'Questioning_the_Reputation']","['Attack_on_Reputation', 'Simplification']",True,False,False,True,False,False,Українські збройові компанії після початку війни хотіли перенести виробництво до Польщі.
pl_abortion_11_04_2024_n09.txt,3150,3197,Czy tu również państwo będą szukali kompromisu?,"['False_Equivalence', 'Repetition']","['Simplification', 'Manipulative_Wording']",False,False,False,True,False,True,Чи тут також держава шукатиме компромісу?
pl_eu_03_04_2025_n03.txt,8737,8841,"Szukałem bardzo szczegółowo, gdzie byliśmy rzeczywiście aktywni, i znalazłem jeden taki obszar, wie pan.",[],[],False,False,False,False,False,False,"Я дуже детально шукав, де ми дійсно були активні, і знайшов одну таку територію, пане."
pl_abortion_11_04_2024_n03.txt,10613,10776,W poniedziałek w holenderskim parlamencie przy udziale holenderskiej ministry zdrowia odbyła się debata na temat dostępu do tabletek aborcyjnych dla osób z Polski.,['Appeal_to_Authority'],['Justification'],False,True,False,False,False,False,У понеділок у голландському парламенті за участю голландського міністра охорони здоров'я відбулася дискусія щодо доступу до таблеток для аборту для людей з Польщі.
pl_eu_12_06_2024_n04.txt,5821,5864,No ale to nie jest najbardziej zaskakujące.,[],[],False,False,False,False,False,False,Але це не найдивніше.
pl_abortion_11_04_2024_n01.txt,2205,2292,"Za inne przestęp- stwa, absolutne przestępstwa to zagrożenie karą jest znacznie wyższe.",['Obfuscation-Vagueness-Confusion'],['Manipulative_Wording'],False,False,False,False,False,True,"За інші злочини, абсолютні злочини, загроза покарання значно вища."
pl_hate_speech_act_19_12_2024_n02.txt,5002,5099,To groźby śmierci w kierunku aktywistek na rzecz praw kobiet i odważnych działaczek i polityczek.,['Appeal_to_Fear-Prejudice'],['Justification'],False,True,False,False,False,False,Це погрози вбивством на адресу активісток за права жінок та сміливих діячок і політикинь.
pl_defence_22_05_2024_n03.txt,4623,4718,"Nikt się nie interesuje, żadna armia, nikt. (Dzwonek) A więc pytam, co tu jest grane. (Oklaski)","['Exaggeration-Minimisation', 'Loaded_Language', 'Doubt']","['Attack_on_Reputation', 'Manipulative_Wording']",True,False,False,False,False,True,"Ніхто не цікавиться, жодна армія, ніхто. (Дзвінок) Отже, я питаю, що тут відбувається. (Оплески)"
pl_abortion_11_04_2024_n04.txt,6399,6498,"Usunięcie ciąży będzie możliwe zarówno w podmiocie medycznym, jak i poza nim, np. poprzez tabletkę.",[],[],False,False,False,False,False,False,"Видалення вагітності буде можливим як у медичному закладі, так і поза ним, наприклад, за допомогою таблетки."
pl_defence_22_05_2024_n02.txt,6728,6821,"Mamy zdiagnozowany problem, nie czekamy na następne poprawki, tylko natychmiast nowelizujemy.",[],[],False,False,False,False,False,False,"У нас є діагностована проблема, ми не чекаємо на наступні виправлення, а негайно вносимо зміни."
pl_current_affairs_09_01_2025_n03.txt,2109,2400,"A raport, podkreślam, nie został poprawiony i nie został uzupełniony o brakujące, ustawowo obowiązkowe elementy, w tym analizę wielowariantową, w tym wpływ na jednolite części wód powierzchniowych, w tym wpływ na obszary Natura 2000 i tę przyrodę, o której również państwo tu wspominaliście.",['Repetition'],['Manipulative_Wording'],False,False,False,False,False,True,"Звіт, наголошую, не був виправлений і не був доповнений відсутніми, законодавчо обов'язковими елементами, включаючи багатоваріантний аналіз, включаючи вплив на однорідні частини поверхневих вод, включаючи вплив на території Natura 2000 та ту природу, про яку ви також згадували тут."
pl_current_affairs_09_01_2025_n01.txt,7468,7681,"Dwoje rodziców, co się bardzo często zdarza, złożyło wniosek na to samo dziecko, co powoduje konieczność ustalenia, który z rodziców sprawuje rzeczywistą opiekę nad dzieckiem i któremu należy wypłacić świadczenie.",[],[],False,False,False,False,False,False,"Двоє батьків, що часто трапляється, подали заяву на одну й ту ж дитину, що вимагає визначення, який з батьків фактично опікується дитиною і якому слід виплатити допомогу."
pl_hate_speech_act_19_12_2024_n09.txt,7243,7333,"Nie zrzucicie całej odpowiedzialności na stronę ideową, którą my reprezentujemy. (Oklaski)",[],[],False,False,False,False,False,False,"Не скидайте всю відповідальність на ідеологічну сторону, яку ми представляємо. (Оплески)"
pl_abortion_11_04_2024_n09.txt,6189,6291,"Karola Miarki w Mikołowie, którzy dzisiaj w Sejmie goszczą na zaproszenie pana posła Łukasza Osmalaka.",[],[],False,False,False,False,False,False,"Кароля Міарки в Міколуві, які сьогодні перебувають у Сеймі на запрошення пана депутата Лукаша Осмаляка."
pl_eu_03_04_2025_n08.txt,4614,4726,"W tym przypadku jest to akt wrogości ze strony Węgier wobec Polski, który utrzymuje się, trwa od grudnia 2024 r.","['Flag_Waving', 'Questioning_the_Reputation', 'Name_Calling-Labeling']","['Attack_on_Reputation', 'Justification']",True,True,False,False,False,False,"У цьому випадку це акт ворожості з боку Угорщини щодо Польщі, який зберігається, триває з грудня 2024 року."
pl_defence_07_03_2025_n08.txt,6004,6079,Dzisiaj możemy zrobić to samo. (Poseł Piotr Kaleta: Bardzo mądry człowiek.),"['False_Equivalence', 'Questioning_the_Reputation']","['Attack_on_Reputation', 'Simplification']",True,False,False,True,False,False,Сьогодні ми можемо зробити те саме. (Депутат Петро Калета: Дуже мудра людина.)
pl_abortion_11_04_2024_n03.txt,3887,4026,"Niemki, Francuzki, Brytyjki walczyły wtedy o prawo do samostanowienia i przyjeżdżały do nas, do Polski, aby taką niechcianą ciążę przerwać.",['Appeal_to_Popularity'],['Justification'],False,True,False,False,False,False,"Німки, француженки, британки боролися тоді за право на самовизначення і приїжджали до нас, до Польщі, щоб перервати таку небажану вагітність."
pl_eu_03_04_2025_n07.txt,6061,6136,"I tu wracamy do tematu właśnie Ukrainy, tego, o którym pan tutaj wspomniał.",[],[],False,False,False,False,False,False,"І тут ми повертаємося до теми України, про яку ви тут згадали."
pl_abortion_11_04_2024_n07.txt,919,989,"Ale ona słyszy tylko jedno: twoja ciąża, twój problem, załatw go sama.",['Repetition'],['Manipulative_Wording'],False,False,False,False,False,True,"Але вона чує лише одне: твоя вагітність, твоя проблема, розберися з нею сама."
pl_defence_22_05_2024_n01.txt,10712,10780,"Proszę państwa, powiedzmy sobie wprost: obrona cywilna nie istniała.",['Conversation_Killer'],['Call'],False,False,False,False,True,False,"Шановні пані та панове, скажемо прямо: цивільної оборони не існувало."
pl_eu_03_04_2025_n01.txt,7118,7223,Zgodnie z deklaracjami Węgry w polityce rozszerzenia skupiły się głównie na obszarze Bałkanów Zachodnich.,[],[],False,False,False,False,False,False,"Згідно з заявами, Угорщина в політиці розширення зосередилася переважно на Західних Балканах."
pl_hate_speech_act_19_12_2024_n10.txt,4770,4825,"Jakie kryteria przyjęliście państwo, aby ją definiować…",[],[],False,False,False,False,False,False,"Які критерії ви прийняли, щоб її визначити…"
pl_eu_03_04_2025_n08.txt,2626,2934,"I to bezpieczeństwo, przede wszystkim bezpieczeństwo militarne, w obliczu zagrożenia wy po prostu zdeprecjonowaliście, głosowaliście ramię w ramię z AfD, z nacjonalistami, wrogami Polski, którzy praktycznie jawnie mówią o tym, że polskie ziemie, chociażby zachodnie, powinny być nazywane Niemcami Wschodnimi.","['Loaded_Language', 'Flag_Waving', 'Appeal_to_Values', 'Name_Calling-Labeling', 'Guilt_by_Association']","['Attack_on_Reputation', 'Justification', 'Manipulative_Wording']",True,True,False,False,False,True,"І ця безпека, насамперед військова безпека, перед обличчям загрози, яку ви просто знецінили, голосували пліч-о-пліч з AfD, з націоналістами, ворогами Польщі, які практично відкрито говорять про те, що польські землі, хоча б західні, повинні називатися Східною Німеччиною."
pl_defence_22_05_2024_n02.txt,1232,1315,"Produkujemy śladowe ilości amunicji, 30 tys. sztuk amunicji artyleryjskiej rocznie.",[],[],False,False,False,False,False,False,"Виробляємо незначні обсяги боєприпасів, 30 тис. одиниць артилерійських боєприпасів на рік."
pl_hate_speech_act_19_12_2024_n01.txt,636,732,"Projekt ustawy odnosi się do przestępstw motywowanych nienawiścią, uprzedzeniami, dyskryminacją.",[],[],False,False,False,False,False,False,"Проект закону стосується злочинів, мотивованих ненавистю, упередженнями, дискримінацією."
pl_abortion_11_04_2024_n07.txt,1789,1840,Aborcjoniści nie mówią w imieniu wszystkich kobiet.,['Appeal_to_Popularity'],['Justification'],False,True,False,False,False,False,Абортники не говорять від імені всіх жінок.
pl_abortion_11_04_2024_n01.txt,3975,4029,"Bo aborcje były, są i będą. (Głos z sali: Nielegalne.)","['Conversation_Killer', 'Appeal_to_Values', 'False_Dilemma-No_Choice']","['Justification', 'Simplification', 'Call']",False,True,False,True,True,False,"Бо аборти були, є і будуть. (Голос із залу: Нелегальні.)"
pl_abortion_11_04_2024_n10.txt,6997,7064,Wicemarszałek Monika Wielichowska: Szanowny Panie Pośle Tumanowicz!,[],[],False,False,False,False,False,False,Віцемаршалок Моніка Веліховська: Шановний пане посол Тумановіч!
pl_abortion_11_04_2024_n06.txt,0,95,Wicemarszałek Włodzimierz Czarzasty: Bardzo proszę o zabranie głosu panią posłankę Monikę Rosę.,[],[],False,False,False,False,False,False,Віцемаршалок Влодзімеж Чарзастий: Дуже прошу взяти слово пані депутатку Моніку Розу.
pl_defence_22_05_2024_n04.txt,9638,9720,Jak to wygląda na wypadek ewentualnej wojny (Dzwonek) na terenie Rzeczypospolitej?,['Appeal_to_Fear-Prejudice'],['Justification'],False,True,False,False,False,False,Як це виглядає у разі можливої війни (Дзвоник) на території Речі Посполитої?
pl_statements_20_02_2025_n01.txt,4258,4282,Pracę straciło 180 osób.,[],[],False,False,False,False,False,False,Роботу втратили 180 осіб.
pl_defence_22_05_2024_n03.txt,2546,2693,"Wojsko utajnia posiedzenie Komisji Obrony Narodowej i nie mogę wam powiedzieć teraz, co się mówi na Komisji Obrony Narodowej, i tak w koło Macieju.",['Loaded_Language'],['Manipulative_Wording'],False,False,False,False,False,True,"Армія засекречує засідання Комісії оборони країни, і я не можу вам зараз сказати, що говорять на Комісії оборони країни, і так по колу Мацю."
pl_defence_07_03_2025_n03.txt,3176,3287,Dzisiaj na tym budujemy i do tego próbujemy zaprosić wszystkich obywateli polskich i wszystkie siły polityczne.,[],[],False,False,False,False,False,False,Сьогодні ми будуємо на цьому і намагаємося запросити до цього всіх польських громадян та всі політичні сили.
pl_abortion_11_04_2024_n07.txt,2147,2340,"Popieranie aborcji przez mężczyzn to dla nich doskonałe rozwiązanie, pozbawione wad, bo pozwala zdjąć z nich 100% obowiązku i 100% odpowiedzialności. (Oklaski) (Poseł Grzegorz Braun: Tak jest.)",['Conversation_Killer'],['Call'],False,False,False,False,True,False,"Підтримка абортів чоловіками для них є ідеальним рішенням, яке не має недоліків, оскільки дозволяє зняти з них 100% обов’язку та 100% відповідальності. (Оплески) (Депутат Гжегож Браун: Так є.)"
pl_abortion_11_04_2024_n05.txt,8759,8946,"Nieważne, czy dziecko z gwałtu, czy dziecko z niepełnosprawnością, która zakończy jego życie w cierpieniach, nie ważne, czy płód jest martwy i czy przy okazji trudnego porodu umrze matka.","['Appeal_to_Pity', 'Appeal_to_Fear-Prejudice']","['Justification', 'Distraction']",False,True,True,False,False,False,"Неважливо, чи це дитина, зачата внаслідок зґвалтування, чи дитина з інвалідністю, яка закінчить своє життя в стражданнях, неважливо, чи плід мертвий і чи під час важких пологів помре мати."
pl_abortion_11_04_2024_n10.txt,2701,2828,"Za kilka dni do jego drzwi może zapukać prokurator, ale za kilka dni już będzie po wszystkim, i tylko to się dla rodzica liczy.",['Appeal_to_Fear-Prejudice'],['Justification'],False,True,False,False,False,False,"За кілька днів до його дверей може постукати прокурор, але за кілька днів все вже буде закінчено, і лише це має значення для батька."
pl_statements_20_02_2025_n04.txt,3540,3616,"Jak widać, sami to robili – w stopniu wcale nie mniejszym, a nawet większym.",['Appeal_to_Hypocrisy'],['Attack_on_Reputation'],True,False,False,False,False,False,"Як бачимо, вони самі це робили – в жодному разі не менше, а навіть більше."
pl_eu_12_06_2024_n04.txt,5596,5820,"Przywołujecie państwo granicę, jednocześnie zapowiadacie, że będziecie głosować przeciwko działaniom i regulacjom, które mają stworzyć podstawę do właściwego działania polskich służb bezpieczeństwa w tym tak ważnym momencie.",['Appeal_to_Hypocrisy'],['Attack_on_Reputation'],True,False,False,False,False,False,"Ви закликаєте до кордону, водночас оголошуючи, що голосуватимете проти дій та правил, які мають створити основу для належного функціонування польських служб безпеки в цей важливий момент."
pl_defence_07_03_2025_n06.txt,9148,9245,"Nie ma wspólnej percepcji ryzyka i interesów od Islandii po Grecję, czy od Estonii po Portugalię.",['Doubt'],['Attack_on_Reputation'],True,False,False,False,False,False,"Немає спільного сприйняття ризиків та інтересів від Ісландії до Греції, чи від Естонії до Португалії."
pl_hate_speech_act_19_12_2024_n09.txt,6142,6308,"Bo mówiliśmy o Polsce otwartej i bezpiecznej dla wszystkich osób, niezależnie od tego, kogo kochają (Dzwonek), w jakim są stanie zdrowia, w co wierzą bądź nie wierzą.","['Flag_Waving', 'Appeal_to_Values']",['Justification'],False,True,False,False,False,False,"Бо ми говорили про Польщу, відкриту та безпечну для всіх людей, незалежно від того, кого вони люблять (Дзвоник), в якому вони стані здоров’я, у що вірять або не вірять."
pl_eu_12_06_2024_n04.txt,827,906,Chciałabym przy tej okazji zapytać: Jakie będzie stanowisko rządu na ten temat?,['Repetition'],['Manipulative_Wording'],False,False,False,False,False,True,Хотів би запитати: Якою буде позиція уряду з цього питання?
pl_hate_speech_act_19_12_2024_n09.txt,4550,4585,Ta ustawa jest potrzebna. (Oklaski),['Conversation_Killer'],['Call'],False,False,False,False,True,False,Цей закон потрібен. (Оплески)
pl_defence_22_05_2024_n01.txt,11257,11401,"Mam propozycję lepszą – powinien nosić imię polskiego hetmana Stefana Czarnieckiego (Oklaski): Jak Czarniecki do Poznania, po szwedzkim zaborze…","['Flag_Waving', 'Red_Herring']","['Justification', 'Distraction']",False,True,True,False,False,False,"У мене є краща пропозиція – він повинен носити ім'я польського гетьмана Стефана Чарнецького (Оплески): Як Чарнецький до Познані, після шведського завоювання…"
pl_defence_07_03_2025_n06.txt,5613,5685,Czy są ustalenia w sprawie proporcji rozdziału pomiędzy konkretne kraje?,['Doubt'],['Attack_on_Reputation'],True,False,False,False,False,False,Чи є домовленості щодо пропорцій розподілу між конкретними країнами?
pl_current_affairs_09_01_2025_n01.txt,4410,4509,"Jak przyznają sami rodzice, złożenie wniosku jest proste, intuicyjne i zajmuje średnio ok. 8 minut.",[],[],False,False,False,False,False,False,"Як визнають самі батьки, подання заявки є простим, інтуїтивно зрозумілим і займає в середньому близько 8 хвилин."
pl_eu_12_06_2024_n04.txt,9512,10034,"Chodzi tu też o dalsze przekonywanie państw unijnych do finansowania wysiłku obronnego Ukrainy, doprowadzenie do tego, by migracja, temat, który nas tak dotyka, nielegalna migracja, nie była wykorzystywana instrumentalnie, wspólne działania Unii Europejskiej, wspieranie Polski w zakresie ochrony granicy wschodniej, a także ochronę ludności, zaniedbaną przez was – wy doprowadziliście do niewyobrażalnego stanu: z przepisów, z systemu prawnego wyrugowaliście w ogóle przepisy dotyczące ochrony ludności i obrony cywilnej.","['Loaded_Language', 'Questioning_the_Reputation', 'Appeal_to_Values']","['Attack_on_Reputation', 'Justification', 'Manipulative_Wording']",True,True,False,False,False,True,"Йдеться також про подальше переконання країн ЄС фінансувати оборонні зусилля України, забезпечення того, щоб міграція, тема, яка нас так стосується, незаконна міграція, не використовувалася інструментально, спільні дії Європейського Союзу, підтримка Польщі в захисті східного кордону, а також захист населення, занедбаний вами – ви довели до немислимого стану: з правил, з правової системи ви взагалі вилучили правила щодо захисту населення та цивільної оборони."
pl_abortion_11_04_2024_n05.txt,10479,10536,"Aborcja musi być dostępna, a kobieta musi być bezpieczna.","['Conversation_Killer', 'Slogans']",['Call'],False,False,False,False,True,False,"Аборт має бути доступним, а жінка має бути в безпеці."
pl_eu_03_04_2025_n05.txt,5498,5552,Unia Europejska musi być jeszcze silniejsza. (Dzwonek),"['Flag_Waving', 'Slogans', 'Repetition']","['Justification', 'Call', 'Manipulative_Wording']",False,True,False,False,True,True,Європейський Союз має бути ще сильнішим. (Дзвоник)
pl_defence_07_03_2025_n07.txt,8632,8717,"Wystarczy odciąć nas od dostępu do substancji czynnych, z których produkuje się leki.","['Consequential_Oversimplification', 'Exaggeration-Minimisation']","['Simplification', 'Manipulative_Wording']",False,False,False,True,False,True,"Достатньо відрізати нас від доступу до діючих речовин, з яких виробляються ліки."
pl_defence_07_03_2025_n08.txt,3335,3407,"Dziś, proszę państwa, powiem tak: bądźmy ostrożni, myślmy na przyszłość.","['Appeal_to_Time', 'Slogans']",['Call'],False,False,False,False,True,False,"Сьогодні, панове, я скажу так: будьмо обережні, думаймо про майбутнє."
pl_eu_12_06_2024_n02.txt,144,256,"Witam państwa. (Oklaski) Proszę państwa, przechodzimy do zadawania pytań. 15 osób zgłosiło się do zadania pytań.",[],[],False,False,False,False,False,False,"Вітаю вас. (Оплески) Шановні, переходимо до запитань. 15 осіб зголосилися ставити запитання."
pl_current_affairs_09_01_2025_n02.txt,11713,11735,Ta lista jest dłuższa.,[],[],False,False,False,False,False,False,Цей список довший.
pl_defence_22_05_2024_n04.txt,1880,2056,"Pytanie moje brzmi: Czy jest realna szansa, że co najmniej połowa wydatków na potrzeby obronne będzie lokowana w polskim przemyśle zbrojeniowym i w polskich przedsiębiorstwach?",[],[],False,False,False,False,False,False,"Моє питання таке: Чи є реальна можливість, що принаймні половина витрат на оборону буде інвестована в польський оборонний сектор та польські підприємства?"
pl_hate_speech_act_19_12_2024_n09.txt,7335,7439,"Wicemarszałek Włodzimierz Czarzasty: Pani poseł Katarzyna Osos, Klub Parlamentarny Koalicja Obywatelska.",[],[],False,False,False,False,False,False,"Віцемаршалок Влодзімеж Чарзастий: Пані депутатко Катаржино Осос, Парламентський клуб Громадянська коаліція."
pl_abortion_11_04_2024_n09.txt,5890,5981,"Wicemarszałek Monika Wielichowska: Proszę kończyć, minął czas na oświadczenia, panie pośle…",[],[],False,False,False,False,False,False,"Віцемаршалок Моніка Веліховська: Прошу закінчувати, час на заяви закінчився, пане депутате…"
pl_defence_07_03_2025_n06.txt,3872,3922,"Cieszę się, że usłyszą to, co mamy do powiedzenia.",[],[],False,False,False,False,False,False,"Я радий, що вони почують те, що ми маємо сказати."
pl_abortion_11_04_2024_n13.txt,7375,7387,Druga rzecz.,[],[],False,False,False,False,False,False,Друга річ.
pl_hate_speech_act_19_12_2024_n03.txt,930,1002,"Każdy i każda z was zasługuje na to, żeby w Polsce czuć się bezpiecznie.","['Slogans', 'Appeal_to_Values']","['Justification', 'Call']",False,True,False,False,True,False,"Кожен і кожна з вас заслуговує на те, щоб почуватися в безпеці в Польщі."
pl_abortion_11_04_2024_n08.txt,3462,3502,Poseł Przemysław Wipler: Pani Marszałek!,[],[],False,False,False,False,False,False,Депутат Пшемислав Віплер: Пані Маршалку!
pl_eu_03_04_2025_n07.txt,3312,3388,Polska 2050 zgadza się tutaj z projektem przygotowanym przez Radę Ministrów.,[],[],False,False,False,False,False,False,"Польща 2050 погоджується з проектом, підготовленим Міністерством."
pl_abortion_11_04_2024_n04.txt,4462,4563,"Uspokojenia, empatii, wrażliwości, bo i tak w samym społeczeństwie ten temat wywołuje potężne emocje.",['Appeal_to_Values'],['Justification'],False,True,False,False,False,False,"Заспокоєння, емпатії, чутливості, адже в самому суспільстві ця тема викликає потужні емоції."
pl_abortion_11_04_2024_n03.txt,11822,11864,"To nie wasze sumienie, to sumienie kobiet.","['Appeal_to_Hypocrisy', 'Appeal_to_Values']","['Attack_on_Reputation', 'Justification']",True,True,False,False,False,False,"Це не ваша совість, це совість жінок."
pl_defence_22_05_2024_n01.txt,9741,9772,Co najmniej 300 tys. żołnierzy.,[],[],False,False,False,False,False,False,Принаймні 300 тисяч солдатів.
pl_hate_speech_act_19_12_2024_n09.txt,2533,2576,Poseł Elżbieta Anna Polak: Panie Marszałku!,[],[],False,False,False,False,False,False,Пані Маршалку!
pl_defence_07_03_2025_n06.txt,3205,3395,"Pokazuje, że jest to sytuacja propagandowa, w której głosy opozycji, wszystkich klubów nie liczą się. (Poseł Tomasz Zimoch: A gdzie Mentzen?) (Poseł Anna Maria Żukowska: Gdzie jest Mentzen?)","['Appeal_to_Hypocrisy', 'Doubt', 'Repetition']","['Attack_on_Reputation', 'Manipulative_Wording']",True,False,False,False,False,True,"Це показує, що це пропагандистська ситуація, де голоси опозиції, всіх клубів не враховуються. (Депутат Томаш Зімох: А де Менцен?) (Депутат Анна Марія Жуковська: Де Менцен?)"
pl_defence_22_05_2024_n02.txt,7844,7874,Pan marszałek Krzysztof Bosak.,[],[],False,False,False,False,False,False,Пан маршалок Кшиштоф Босак.
pl_defence_07_03_2025_n08.txt,6496,6656,"Tę linę, którą ciągniemy jako Zachód, musimy ciągnąć w jednym kierunku, a nie sprawiać, że poprzez niezintegrowanie naszych działań wytracamy swoją wspólną moc.","['False_Dilemma-No_Choice', 'Repetition']","['Simplification', 'Manipulative_Wording']",False,False,False,True,False,True,"Цю мотузку, яку ми тягнемо як Захід, ми повинні тягнути в одному напрямку, а не допускати, щоб через неінтегрованість наших дій ми втрачали свою спільну силу."
pl_defence_07_03_2025_n08.txt,9671,9698,Musimy się taką Europą stać.,['Conversation_Killer'],['Call'],False,False,False,False,True,False,Ми повинні стати такою Європою.
pl_abortion_11_04_2024_n14.txt,4993,5117,Odróżnijmy poglądy osobiste od interpretacji prawa i od obiektywnej wykładni prawa. (Poseł Przemysław Wipler: I wyroków TK.),[],[],False,False,False,False,False,False,Розрізнимо особисті погляди від інтерпретації права та від об'єктивного тлумачення права. (Депутат Пшемислав Віплер: І рішень Конституційного Трибуналу.)
pl_abortion_11_04_2024_n06.txt,2701,2762,"Wicemarszałek Włodzimierz Czarzasty: Nie, przepraszam bardzo.",[],[],False,False,False,False,False,False,"Віцемаршалок Влодзімеж Чарзастий: Ні, вибачте, будь ласка."
pl_defence_07_03_2025_n08.txt,4632,4667,Poseł Adam Gomoła: Panie Marszałku!,[],[],False,False,False,False,False,False,Депутат Адам Гомола: Пане Маршалку!
pl_statements_20_02_2025_n04.txt,3027,3101,Wymagają też dialogu opartego na szczerości wobec górników i całej branży.,['Appeal_to_Values'],['Justification'],False,True,False,False,False,False,"Вони також вимагають діалогу, заснованого на щирості по відношенню до шахтарів та всієї галузі."
pl_statements_20_02_2025_n04.txt,8793,8852,"Zapraszam pana posła Artura Łąckiego, Koalicja Obywatelska.",[],[],False,False,False,False,False,False,"Запрошую пана посла Артура Лацького, Коаліція Громадянська."
pl_defence_22_05_2024_n04.txt,2987,3070,"Chciałbym zapytać, kto będzie zobowiązany przekazywać środki na ten fundusz celowy.",[],[],False,False,False,False,False,False,"Я хотів би запитати, хто буде зобов'язаний перераховувати кошти до цього цільового фонду."
pl_abortion_11_04_2024_n14.txt,7447,7573,"Poseł Władysław Kurowski: Chodzi o dobro, które was może czekać, kiedy odrzucicie te dzisiejsze projekty, które przedkładacie.",['Appeal_to_Values'],['Justification'],False,True,False,False,False,False,"Депутат Владислав Куровський: Йдеться про благо, яке може вас чекати, коли ви відкинете ці сьогоднішні проєкти, які ви пропонуєте."
pl_abortion_11_04_2024_n03.txt,586,678,"Paulina miała zaświadczenie od specjalisty, które zapewniało, że jej zdrowie jest zagrożone.","['Doubt', 'Appeal_to_Fear-Prejudice']","['Attack_on_Reputation', 'Justification']",True,True,False,False,False,False,"Поліна мала довідку від фахівця, яка засвідчувала, що її здоров'ю загрожує небезпека."
pl_statements_20_02_2025_n03.txt,9000,9087,"Jerzy Popiełuszko zdecydowanie jest osobą, która zasługuje na tak piękne upamiętnienie.",[],[],False,False,False,False,False,False,"Єжи Попелушко, безсумнівно, є людиною, яка заслуговує на таке прекрасне вшанування."
pl_abortion_11_04_2024_n11.txt,1164,1293,"To nie prawo człowieka, a najgorszy przykład zbrodni, bo dokonany na człowieku bezbronnym, na dziecku, które nie może się bronić.","['Exaggeration-Minimisation', 'Loaded_Language', 'Appeal_to_Pity', 'Appeal_to_Values', 'Appeal_to_Fear-Prejudice']","['Justification', 'Distraction', 'Manipulative_Wording']",False,True,True,False,False,True,"Це не право людини, а найгірший приклад злочину, бо скоєний над беззбройною людиною, над дитиною, яка не може себе захистити."
pl_abortion_11_04_2024_n11.txt,1653,1930,"Wiele morderstw aborcyjnych zostało popełnionych przez tchórzostwo mężczyzn, którzy nie mieli odwagi wziąć odpowiedzialności za nowo powstałe życie, zostawiając kobiety same sobie. (Oklaski) Niestety często, zbyt często kobiety te wpadały w ręce aborcyjnych szwadronów śmierci.","['Causal_Oversimplification', 'Exaggeration-Minimisation', 'Loaded_Language', 'Appeal_to_Pity', 'Name_Calling-Labeling', 'Repetition']","['Attack_on_Reputation', 'Distraction', 'Simplification', 'Manipulative_Wording']",True,False,True,True,False,True,"Багато вбивств немовлят було скоєно через боягузтво чоловіків, які не мали мужності взяти на себе відповідальність за нове життя, залишаючи жінок наодинці. (Оплески) На жаль, часто, занадто часто ці жінки потрапляли в руки абортивних загонів смерті."
pl_hate_speech_act_19_12_2024_n03.txt,3062,3236,"Np. minister stwierdza, że dyskryminujące wypowiedzi wobec członków społeczności LGBT mogą skutkować podziałem społeczeństwa oraz wpływać na bezpieczeństwo i dobro tych grup.",['Straw_Man'],['Distraction'],False,False,True,False,False,False,"Наприклад, міністр заявляє, що дискримінаційні висловлювання щодо членів спільноти ЛГБТ можуть призвести до поділу суспільства та вплинути на безпеку та добробут цих груп."
pl_current_affairs_09_01_2025_n03.txt,5790,5957,"Dopiero tej zimy polscy żołnierze, służący w bardzo trudnych warunkach na naszej wschodniej granicy z Białorusią, dostaną normalne kurtki, ciepłe, zimowe, standardowe.",[],[],False,False,False,False,False,False,"Лише цієї зими польські солдати, які служать у дуже складних умовах на нашому східному кордоні з Білоруссю, отримають нормальні куртки, теплі, зимові, стандартні."
pl_statements_20_02_2025_n04.txt,407,521,"W całej Szwecji funkcjonuje ok. 450 sklepów, w których można kupić alkohol, podczas gdy w Radomiu jest ich więcej.",[],[],False,False,False,False,False,False,"По всій Швеції працює близько 450 магазинів, де можна купити алкоголь, тоді як у Радомі їх більше."
pl_defence_07_03_2025_n03.txt,7727,7769,To jest prawdziwa transformacja militarna.,['Repetition'],['Manipulative_Wording'],False,False,False,False,False,True,Це справжня військова трансформація.
pl_defence_07_03_2025_n07.txt,3806,3904,"Jana Nowaka-Jeziorańskiego z Łodzi, którzy przybyli na zaproszenie pana posła Marcina Józefaciuka.",[],[],False,False,False,False,False,False,"Яна Новака-Єзьоранського з Лодзя, які прибули на запрошення пана посла Марціна Йозефаціука."
pl_defence_07_03_2025_n03.txt,8144,8160,Gdzie jest siła?,['False_Dilemma-No_Choice'],['Simplification'],False,False,False,True,False,False,Де є сила?
pl_abortion_11_04_2024_n04.txt,1320,1486,"Zakaz aborcji w Polsce nie działa i wiedzą o tym doskonale pomagające w aborcjach aktywistki i przedstawicielki organizacji pozarządowych, które są tutaj dziś z nami.","['Conversation_Killer', 'Repetition']","['Call', 'Manipulative_Wording']",False,False,False,False,True,True,"Заборона абортів у Польщі не діє, і про це чудово знають активістки та представниці неурядових організацій, які сьогодні з нами."
pl_eu_03_04_2025_n06.txt,3569,3624,"Zapraszam pana posła Witolda Tumanowicza, Konfederacja.",[],[],False,False,False,False,False,False,"Запрошую пана посла Вітольда Тумановича, Конфедерація."
pl_abortion_11_04_2024_n04.txt,5828,5868,Koniec ze zmuszaniem kobiet do heroizmu.,"['Conversation_Killer', 'Appeal_to_Pity', 'Slogans']","['Distraction', 'Call']",False,False,True,False,True,False,Кінець примушуванню жінок до героїзму.
pl_defence_07_03_2025_n06.txt,5780,5805,Gdzie pójdą te pieniądze?,['Doubt'],['Attack_on_Reputation'],True,False,False,False,False,False,Куди підуть ці гроші?
pl_current_affairs_09_01_2025_n03.txt,301,404,"To prawda.) Jeśli chodzi o tę decyzję, to ona została zaskarżona i zmieniona jeszcze za naszych czasów.",[],[],False,False,False,False,False,False,"Це правда.) Щодо цього рішення, то його було оскаржено та змінено ще за нашого часу."
pl_hate_speech_act_19_12_2024_n09.txt,5843,5938,"Dzięki tej ustawie szerzenie mizoginii, homofobii, transfobii, ageizmu przestanie być bezkarne.",[],[],False,False,False,False,False,False,"Завдяки цьому закону поширення мізогінії, гомофобії, трансфобії, ейджизму перестане бути безкарним."
pl_abortion_11_04_2024_n12.txt,157,296,"Przecież każdy z nas przynajmniej raz w życiu słyszał o sytuacji, w której małe, 2–3 dziecko zginęło w jakichś tragicznych okolicznościach.","['False_Equivalence', 'Exaggeration-Minimisation', 'Appeal_to_Pity', 'Appeal_to_Popularity']","['Justification', 'Distraction', 'Simplification', 'Manipulative_Wording']",False,True,True,True,False,True,"Адже кожен з нас хоча б раз у житті чув про ситуацію, коли маленька, 2-3-річна дитина загинула за трагічних обставин."
pl_defence_07_03_2025_n06.txt,4365,4528,"Mamy do czynienia z pewnym błędem polegającym na skupianiu się w sytuacji realnego zagrożenia militarnego głównie na pieniądzach, a w niewielkim stopniu na wojsku.",['Doubt'],['Attack_on_Reputation'],True,False,False,False,False,False,"Ми маємо справу з певною помилкою, яка полягає в тому, що в ситуації реальної військової загрози ми зосереджуємося переважно на грошах, а в незначній мірі – на війську."
pl_defence_22_05_2024_n01.txt,2673,2706,Potem przyszedł zamach smoleński.,['Doubt'],['Attack_on_Reputation'],True,False,False,False,False,False,Потім стався смоленський замах.
pl_abortion_11_04_2024_n05.txt,3621,3731,"Nie wiedziałam, od czego zacząć i na jakim aspekcie skupić swoje wystąpienie, na czym postawić większy akcent.",[],[],False,False,False,False,False,False,"Не знала, з чого почати і на якому аспекті зосередитися у своїй промові, на чому зробити більший акцент."
pl_abortion_11_04_2024_n11.txt,3645,3781,"Poseł Włodzisław Giziński: …we własnym sumieniu, bez strachu przed karą, osądzeniem czy ostracyzmem społecznym podjąć tę trudną decyzję.",[],[],False,False,False,False,False,False,"Депутат Влодзіслав Ґізінський: …у власному сумлінні, без страху перед покаранням, засудженням чи соціальною ізоляцією, прийняти це важке рішення."
pl_hate_speech_act_19_12_2024_n01.txt,7947,8093,"Właśnie wręcz przeciwnie – ofiarą tych przestępstw padają najczęściej grupy osób Bogu ducha winne, niezwiązane nawet z ofiarą danego przestępstwa.","['Obfuscation-Vagueness-Confusion', 'Appeal_to_Fear-Prejudice']","['Justification', 'Manipulative_Wording']",False,True,False,False,False,True,"Саме навпаки – жертвами цих злочинів найчастіше стають групи людей, які не мають до злочину жодного відношення."
pl_eu_03_04_2025_n05.txt,6295,6415,"Wszystkie elementy, które wymieniłem, przedstawiając sprawozdanie komisji, są w pełni aktualne również w tej wypowiedzi.",[],[],False,False,False,False,False,False,"Усі елементи, які я згадав, представляючи звіт комісії, є повністю актуальними також у цьому виступі."
pl_hate_speech_act_19_12_2024_n08.txt,1316,1391,Poseł Sylwia Bielawska: …mowie nienawiści wobec konkretnych grup. (Oklaski),[],[],False,False,False,False,False,False,Депутат Сільвія Бєлявська: …мова ненависті щодо конкретних груп. (Оплески)
pl_hate_speech_act_19_12_2024_n07.txt,1010,1052,"Pan poseł Witold Tumanowicz, Konfederacja.",[],[],False,False,False,False,False,False,"Пан посол Вітольд Туманович, Конфедерація."
pl_hate_speech_act_19_12_2024_n08.txt,4333,4515,"Proponowane zmiany mają na celu zwiększenie ochrony pokrzywdzonych przed mową nienawiści i przestępstwami z nienawiści, a także wpłynąć na skuteczne i efektywne ściganie przestępców.",[],[],False,False,False,False,False,False,"Запропоновані зміни спрямовані на посилення захисту постраждалих від ненависті та злочинів на ґрунті ненависті, а також на ефективне та результативне переслідування злочинців."
pl_abortion_11_04_2024_n03.txt,7757,7913,"Państwo musi też zrobić wszystko, żeby aborcja była darmowa, bo aborcja to zwykły zabieg albo świadczenie medyczne, które powinno być kobietom gwarantowane.","['False_Equivalence', 'Exaggeration-Minimisation']","['Simplification', 'Manipulative_Wording']",False,False,False,True,False,True,"Держава також повинна зробити все, щоб аборт був безкоштовним, оскільки аборт – це звичайна операція або медична послуга, яка повинна бути гарантована жінкам."
pl_abortion_11_04_2024_n13.txt,3551,3673,"Zoll, który był rzecznikiem praw dziecka, wyraźnie stwierdza, że prawem człowieka jest prawo do życia, a nie do zabijania.","['Appeal_to_Authority', 'Repetition']","['Justification', 'Manipulative_Wording']",False,True,False,False,False,True,"Золл, який був речником прав дитини, чітко стверджує, що правом людини є право на життя, а не на вбивство."
pl_abortion_11_04_2024_n08.txt,1310,1385,Przekonały się o tym feministki popierające wcześniej Aborcyjny Dream Team.,['Name_Calling-Labeling'],['Attack_on_Reputation'],True,False,False,False,False,False,"Переконалися в цьому феміністки, які раніше підтримували Aborcyjny Dream Team."
pl_eu_12_06_2024_n04.txt,3678,3795,"Warto przypomnieć, że po raz pierwszy Polska sprawowała przewodnictwo w Radzie Unii Europejskiej w II połowie 2011 r.",[],[],False,False,False,False,False,False,"Варто нагадати, що вперше Польща головувала в Раді Європейського Союзу у другій половині 2011 року."
pl_eu_03_04_2025_n04.txt,4158,4292,"Namawiam pana do tego, żeby spróbować chociaż wejść do tej pierwszej ligi i w tej pierwszej lidze zagrać. (Głos z sali: Ekstraklasie.)",['Questioning_the_Reputation'],['Attack_on_Reputation'],True,False,False,False,False,False,Закликаю вас спробувати хоча б увійти до першої ліги та зіграти в цій першій лізі. (Голос із залу: Екстракляса.)
pl_abortion_11_04_2024_n02.txt,4074,4229,Wykreślenie z Kodeksu karnego zapisów o karze więzienia za pomoc w aborcji to jest pierwszy niezbędny krok do bezpieczeństwa kobiet w ciąży w naszym kraju.,['Appeal_to_Values'],['Justification'],False,True,False,False,False,False,Вилучення з Кримінального кодексу положень про покарання у вигляді позбавлення волі за допомогу в аборті – це перший необхідний крок до безпеки вагітних жінок у нашій країні.
pl_defence_22_05_2024_n01.txt,3222,3248,Dywizję Zmechanizowaną im.,[],[],False,False,False,False,False,False,Механізовану дивізію ім.
pl_hate_speech_act_19_12_2024_n04.txt,5516,5681,"Jak sobie mają z tym radzić dzieci, które nie są do końca ukształtowane, które mogą nie mieć oparcia w swoich rodzicach, bo np. wstydzą się z nimi o tym porozmawiać?",['Appeal_to_Pity'],['Distraction'],False,False,True,False,False,False,"Як з цим справляються діти, які ще не повністю сформовані, які можуть не мати опори у своїх батьків, бо, наприклад, соромляться з ними про це поговорити?"
pl_defence_07_03_2025_n03.txt,1204,1379,"To jest istota pracy premiera Donalda Tuska, to jest istota pracy rządu kierowanego przez pana premiera, to jest istota pracy dyplomacji kierowanej przez ministra Sikorskiego.",[],[],False,False,False,False,False,False,"Це суть роботи прем'єр-міністра Дональда Туска, це суть роботи уряду, очолюваного паном прем'єр-міністром, це суть роботи дипломатії, очолюваної міністром Сікорським."
pl_defence_07_03_2025_n06.txt,7309,7401,Tych problemów nie da się rozwiązać przez program Komisji Europejskiej w systemie grantowym.,[],[],False,False,False,False,False,False,Ці проблеми неможливо вирішити за допомогою програми Європейської комісії в системі грантів.
pl_eu_03_04_2025_n08.txt,1996,2298,"Jak słyszę pana posła Tumanowicza z Konfederacji i słucham jego kandydata na prezydenta, pana Mentzena, to widzę, że Konfederacja idzie z Węgrami ramię w ramię, dokładnie w tym samym kierunku: chodzi o to, żeby wprowadzać chaos i destabilizować jednolitość tej wspólnoty, do której my również należymy.","['Loaded_Language', 'Flag_Waving', 'Appeal_to_Values', 'Guilt_by_Association', 'Appeal_to_Fear-Prejudice']","['Attack_on_Reputation', 'Justification', 'Manipulative_Wording']",True,True,False,False,False,True,"Коли я чую пана посла Тумановича з Конфедерації та слухаю його кандидата на посаду президента, пана Менцена, я бачу, що Конфедерація йде з Угорщиною пліч-о-пліч, точно в тому ж напрямку: йдеться про те, щоб вносити хаос і дестабілізувати єдність цієї спільноти, до якої ми також належимо."
pl_hate_speech_act_19_12_2024_n09.txt,717,788,"Przytoczę jedną wypowiedź, która mogłaby być potencjalnie penalizowana.",[],[],False,False,False,False,False,False,"Наведу один вислів, який потенційно може бути покараний."
pl_abortion_11_04_2024_n02.txt,264,291,Do Ewy dzwoni przyjaciółka.,[],[],False,False,False,False,False,False,До Єви телефонує подруга.
pl_eu_12_06_2024_n04.txt,9337,9419,Będziecie państwo mogli w tej Izbie debatować na temat celów polskiej prezydencji.,[],[],False,False,False,False,False,False,Ви зможете обговорити в цій залі цілі польського головування.
pl_defence_22_05_2024_n02.txt,342,410,"Niestety nie widzę tego, żeby państwo polskie było gotowe do obrony.",['Appeal_to_Fear-Prejudice'],['Justification'],False,True,False,False,False,False,"На жаль, я не бачу, щоб польська держава була готова до оборони."
pl_eu_03_04_2025_n02.txt,6367,6458,"Po czwarte, nowy impuls w zakresie rozszerzenia, jeżeli chodzi o kraje Bałkanów Zachodnich.",[],[],False,False,False,False,False,False,"По-четверте, новий імпульс щодо розширення, коли йдеться про країни Західних Балкан."
pl_defence_07_03_2025_n01.txt,6214,6259,Mógłbym wymieniać wiele tego typu przypadków.,[],[],False,False,False,False,False,False,Я міг би навести багато таких прикладів.
pl_eu_03_04_2025_n01.txt,711,732,Sprzeciwu nie słyszę.,[],[],False,False,False,False,False,False,Я не чую заперечень.
pl_abortion_11_04_2024_n08.txt,948,1251,"Aborcjonistki przyznały również, że preferowaną metodą zabicia dziecka w tak zaawansowanym stadium rozwoju jest rozszerzenie szyjki macicy umożliwiające wydobycie go narzędziami, a wcześniej podanie bezbronnemu dziecku morderczego zastrzyku, który zatrzymuje akcję serca. (Poseł Krzysztof Bosak: Hańba!)","['Loaded_Language', 'Slogans', 'Appeal_to_Fear-Prejudice']","['Justification', 'Call', 'Manipulative_Wording']",False,True,False,False,True,True,"Абортністки також визнали, що кращим методом вбивства дитини на такому просунутому етапі розвитку є розширення шийки матки, що дозволяє витягти її інструментами, а раніше – введення безневинній дитині смертельного уколу, який зупиняє серцебиття. (Депутат Кшиштоф Босак: Ганьба!)"
pl_eu_03_04_2025_n08.txt,1319,1374,"Kontynuuje pan poseł Rafał Kasprzyk, także Polska 2050.",[],[],False,False,False,False,False,False,"Продовжує пан посол Рафал Касприк, також Польща 2050."
pl_eu_12_06_2024_n01.txt,2158,2304,"Minister zwrócił uwagę na czasowy charakter ustawy, obejmujący okres przygotowania, przeprowadzenia i rozliczenia prezydencji w Unii Europejskiej.",[],[],False,False,False,False,False,False,"Міністр звернув увагу на тимчасовий характер закону, який охоплює період підготовки, проведення та звітування про головування в Європейському Союзі."
pl_abortion_11_04_2024_n04.txt,239,273,Zakaz aborcji w Polsce nie działa.,['Conversation_Killer'],['Call'],False,False,False,False,True,False,Заборона абортів у Польщі не діє.
pl_abortion_11_04_2024_n01.txt,5610,5992,"To jest absolutnie destrukcyjne też dla naszego społeczeństwa obywatelskiego, żeby w trudnej sytuacji kobietę pozostawić samą, pozostawić ją samotną, przerażoną, bezbronną, w lęku nawet nie tylko o siebie, nie tylko o swoje zdrowie, z racji którego czasami właśnie jest ta decyzja o przerwaniu ciąży podejmowana, ale również w lęku o bliskich, bo to im grozi odpowiedzialność karna.","['Exaggeration-Minimisation', 'Appeal_to_Pity', 'Appeal_to_Values', 'Repetition']","['Justification', 'Distraction', 'Manipulative_Wording']",False,True,True,False,False,True,"Це абсолютно руйнівно також для нашого громадянського суспільства, щоб у складній ситуації залишити жінку саму, залишити її самотньою, переляканою, беззахисною, в страху навіть не тільки за себе, не тільки за своє здоров'я, через яке іноді саме приймається рішення про переривання вагітності, але також у страху за близьких, бо їм загрожує кримінальна відповідальність."
pl_eu_12_06_2024_n03.txt,3905,4018,"Swoją drogą pytanie, które mi się nasuwa, jest takie: Co się działo przez te prawie pół roku, od kiedy rządzicie?",['Questioning_the_Reputation'],['Attack_on_Reputation'],True,False,False,False,False,False,"До речі, питання, яке мені спадає на думку, таке: Що відбувалося протягом цих майже півроку, відколи ви керуєте?"
pl_defence_22_05_2024_n01.txt,556,609,"Zabrakło jeszcze jednego, czegoś niezwykle istotnego.",['Repetition'],['Manipulative_Wording'],False,False,False,False,False,True,"Не вистачило ще одного, чогось надзвичайно важливого."
pl_abortion_11_04_2024_n07.txt,2753,2883,"Jest wiele kobiet, które gdy widzą dwie kreski na teście ciążowym, mogą czuć w sobie jakiś rodzaj niepokoju: Czy ja sobie poradzę?",[],[],False,False,False,False,False,False,"Є багато жінок, які, побачивши дві смужки на тесті на вагітність, можуть відчувати певний неспокій: Чи впораюся я?"
pl_statements_20_02_2025_n01.txt,3449,3509,Zapraszam pana posła Krzysztofa Szymańskiego z Konfederacji.,[],[],False,False,False,False,False,False,Запрошую пана посла Кшиштофа Шиманського з Конфедерації.
pl_defence_07_03_2025_n05.txt,801,866,"Europa budzi się ze snu o idealnym świecie, o świecie bez granic.",['Exaggeration-Minimisation'],['Manipulative_Wording'],False,False,False,False,False,True,"Європа прокидається від сну про ідеальний світ, про світ без кордонів."
pl_eu_12_06_2024_n01.txt,3783,3877,"Bardzo proszę, pan poseł Szymon Szynkowski vel Sęk, Klub Parlamentarny Prawo i Sprawiedliwość.",[],[],False,False,False,False,False,False,"Дуже прошу, пане посол Шимон Шиньковський вель Сєк, Парламентський клуб Право і Справедливість."
pl_statements_20_02_2025_n01.txt,3964,4058,Uległość rządu wobec unijnego ekoszaleństwa doprowadziła do drastycznych podwyżek cen energii.,"['Loaded_Language', 'Appeal_to_Fear-Prejudice']","['Justification', 'Manipulative_Wording']",False,True,False,False,False,True,Покірність уряду перед європейським економічним шаленством призвела до різкого підвищення цін на енергію.
pl_eu_03_04_2025_n08.txt,5086,5113,O tym nie należy zapominać.,[],[],False,False,False,False,False,False,Про це не варто забувати.
pl_abortion_11_04_2024_n08.txt,7643,7680,"Te dzieci żyją, są kochane i kochają.",[],[],False,False,False,False,False,False,"Ці діти живуть, їх люблять і вони люблять."
pl_defence_07_03_2025_n03.txt,7084,7132,Bo wspólna obrona… Razem jest lepiej niż osobno.,[],[],False,False,False,False,False,False,"Бо спільний захист… Разом краще, ніж окремо."
pl_defence_07_03_2025_n01.txt,7017,7064,"Tak, budujmy potencjał europejskiego przemysłu.",['Flag_Waving'],['Justification'],False,True,False,False,False,False,"Так, давайте будувати потенціал європейської промисловості."
pl_abortion_11_04_2024_n11.txt,2876,3030,"Wśród moich pacjentek były ofiary gwałtów, także małżeńskich, ofiary stosunków kazirodczych, a także kobiety, które po prostu zaszły w nieplanowaną ciążę.",['Appeal_to_Pity'],['Distraction'],False,False,True,False,False,False,"Серед моїх пацієнток були жертви зґвалтувань, зокрема подружніх, жертви кровозмішення, а також жінки, які просто завагітніли незаплановано."
pl_abortion_11_04_2024_n04.txt,274,425,"Obowiązujący od ponad 30 lat fałszywy, zakłamany kompromis pozbawiający nas, Polki, naszych podstawowych praw, prawa do decydowania o sobie nie działa.","['Conversation_Killer', 'Loaded_Language', 'Flag_Waving']","['Justification', 'Call', 'Manipulative_Wording']",False,True,False,False,True,True,"Цей фальшивий, перекручений компроміс, який діє вже понад 30 років і позбавляє нас, жінок, наших основних прав, права вирішувати за себе, не працює."
pl_hate_speech_act_19_12_2024_n08.txt,8102,8220,"Tymczasem niestety mamy długą historię prześladowań mniejszości religijnych, etnicznych, a ostatnio także seksualnych.","['Appeal_to_Hypocrisy', 'Doubt']",['Attack_on_Reputation'],True,False,False,False,False,False,"Тим часом, на жаль, ми маємо довгу історію переслідувань релігійних, етнічних, а останнім часом також сексуальних меншин."
pl_statements_20_02_2025_n03.txt,7366,7445,Jerzego i głoszonego przez niego słowa oraz upamiętnienie wspomnianej rocznicy.,[],[],False,False,False,False,False,False,"Георгія та проголошеного ним слова, а також вшанування згаданої річниці."
pl_eu_03_04_2025_n05.txt,2661,2699,Poseł Krzysztof Truskolaski: Dziękuję.,[],[],False,False,False,False,False,False,Депутат Кшиштоф Трусколяскі: Дякую.
pl_hate_speech_act_19_12_2024_n07.txt,6538,6613,"Pan poseł Bartłomiej Dorywalski, Klub Parlamentarny Prawo i Sprawiedliwość.",[],[],False,False,False,False,False,False,"Пане депутате Бартоломею Доривальському, Парламентський клуб «Право і Справедливість»."
pl_eu_12_06_2024_n03.txt,5443,5531,Czy nie 3 lata czasem? (Poseł Szymon Szynkowski vel Sęk: Dlaczego głosowaliście przeciw?,['Appeal_to_Hypocrisy'],['Attack_on_Reputation'],True,False,False,False,False,False,Чи не 3 роки часом? (Депутат Шимон Шиньковський вель Сєк: Чому ви голосували проти?
pl_hate_speech_act_19_12_2024_n07.txt,1169,1227,Mamy tutaj do czynienia naprawdę z ideologicznym bełkotem.,"['Loaded_Language', 'Name_Calling-Labeling']","['Attack_on_Reputation', 'Manipulative_Wording']",True,False,False,False,False,True,Тут ми маємо справу з дійсно ідеологічним маренням.
pl_current_affairs_09_01_2025_n02.txt,9440,9498,Wreszcie raport nie zawierał analizy wpływu na jakość wód.,[],[],False,False,False,False,False,False,"Нарешті, звіт не містив аналізу впливу на якість води."
pl_abortion_11_04_2024_n05.txt,5266,5399,"Można też uznać, że woda w kranie nie jest mokra, można też mówić, że Kopernik się mylił i że to jednak Słońce kręci się wokół Ziemi.",['Straw_Man'],['Distraction'],False,False,True,False,False,False,"Можна також вважати, що вода з крана не мокра, можна також сказати, що Коперник помилявся і що саме Сонце обертається навколо Землі."
pl_eu_12_06_2024_n04.txt,8299,8472,"W ustawie nie jest wymieniony również prezes Rady Ministrów, ale przecież chyba nie wyobraża pan sobie, że prezes Rady Ministrów nie będzie brał udziału w tych wydarzeniach.",[],[],False,False,False,False,False,False,"У законі також не згадується прем'єр-міністр, але, мабуть, ви не уявляєте, що прем'єр-міністр не братиме участі в цих подіях."
pl_current_affairs_09_01_2025_n01.txt,8318,8462,"Chodzi o to, aby to świadczenie do niego wpłynęło, by go nie stracił przez to, że popełnił jakiś błąd, przez który chwilę dłużej na nie poczeka.",[],[],False,False,False,False,False,False,"Йдеться про те, щоб ця виплата надійшла до нього, щоб він не втратив її через те, що допустив помилку, через яку трохи довше на неї чекатиме."
pl_hate_speech_act_19_12_2024_n04.txt,530,637,Klub Koalicji Obywatelskiej poprze oczywiście ten bardzo ważny i szczególnie dziś potrzebny projekt ustawy.,[],[],False,False,False,False,False,False,"Клуб Коаліції Громадянської Платформи, звичайно, підтримає цей дуже важливий і особливо необхідний сьогодні законопроект."
pl_defence_07_03_2025_n02.txt,7266,7324,"Można powiedzieć, że w wielu wymiarach nastał czas prawdy.",['Appeal_to_Time'],['Call'],False,False,False,False,True,False,"Можна сказати, що в багатьох вимірах настав час правди."
pl_defence_07_03_2025_n02.txt,5102,5200,"Tu nie może być symetryzowania, tu nie może być niuansowania, tu nie może być żadnych wątpliwości.","['Loaded_Language', 'Repetition']",['Manipulative_Wording'],False,False,False,False,False,True,"Тут не може бути симетрії, тут не може бути нюансування, тут не може бути жодних сумнівів."
pl_abortion_11_04_2024_n09.txt,3198,3238,W Polsce sprzedaje się twarde narkotyki.,"['False_Equivalence', 'Red_Herring', 'Repetition']","['Distraction', 'Simplification', 'Manipulative_Wording']",False,False,True,True,False,True,В Польщі продаються важкі наркотики.
pl_abortion_11_04_2024_n05.txt,1722,1908,"Kolejnym krokiem winno być referendum i o to również postulujemy w ustawie, bo skoro 460 posłów powinno zagłosować w tej sprawie, to czy 30 mln Polaków to nie jest więcej niż 460 posłów?",['False_Equivalence'],['Simplification'],False,False,False,True,False,False,"Наступним кроком має бути референдум, і ми також пропонуємо це в законі, адже якщо 460 депутатів мають проголосувати з цього питання, то чи 30 мільйонів поляків не є більше, ніж 460 депутатів?"
pl_eu_12_06_2024_n03.txt,1233,1270,Poseł Paweł Hreniak: Panie Marszałku!,[],[],False,False,False,False,False,False,Депутат Павел Хреніак: Пане Маршалку!
pl_abortion_11_04_2024_n07.txt,2016,2054,Tu należy zadać pytanie: Ale dla kogo?,[],[],False,False,False,False,False,False,Тут потрібно поставити запитання: Але для кого?
pl_hate_speech_act_19_12_2024_n10.txt,2868,3090,"Ataki na osoby z powodu ich przynależności etnicznej, religijnej czy jakiejkolwiek innej są nie tylko przestępstwami, ale są także wyrazem głęboko zakorzenionych uprzedzeń, które mają szkodliwy wpływ na całe społeczeństwo.","['Appeal_to_Values', 'Appeal_to_Fear-Prejudice']",['Justification'],False,True,False,False,False,False,"Атаки на людей через їхню етнічну, релігійну чи будь-яку іншу приналежність є не лише злочинами, але й проявом глибоко вкорінених упереджень, які мають шкідливий вплив на все суспільство."
pl_defence_07_03_2025_n02.txt,4391,4524,"Naród ukraiński zmaga się z ludobójstwem, czystkami etnicznymi, uprowadzaniem dzieci i nieustannymi terrorystycznymi bombardowaniami.","['Repetition', 'Appeal_to_Fear-Prejudice']","['Justification', 'Manipulative_Wording']",False,True,False,False,False,True,"Український народ бореться з геноцидом, етнічними чистками, викраденням дітей та безперервними терористичними бомбардуваннями."
pl_current_affairs_09_01_2025_n02.txt,1257,1269,Do widzenia.,[],[],False,False,False,False,False,False,До побачення.
pl_hate_speech_act_19_12_2024_n01.txt,8745,8822,"My uważamy, że te osoby w tego typu okolicznościach należy po prostu chronić.",['Appeal_to_Values'],['Justification'],False,True,False,False,False,False,"Ми вважаємо, що цих людей у таких обставинах слід просто захищати."
pl_abortion_11_04_2024_n10.txt,685,810,"Ja jestem posłem i proszę mnie nazywać… (Wicemarszałek wyłącza mikrofon, poseł przemawia przy wyłączonym mikrofonie) …posłem.",[],[],False,False,False,False,False,False,"Я є депутатом і прошу називати мене… (Віце-маршалок вимикає мікрофон, депутат говорить з вимкненим мікрофоном) …депутатом."
pl_abortion_11_04_2024_n03.txt,4168,4274,"W latach 90., które już bardzo dobrze pamiętam, miały miejsce kolejne próby zaostrzenia prawa aborcyjnego.",[],[],False,False,False,False,False,False,"У 90-х роках, які я вже дуже добре пам'ятаю, відбулися чергові спроби посилити законодавство про аборти."
pl_statements_20_02_2025_n01.txt,1244,1304,Odsyłam państwa do dzisiejszego posiedzenia Komisji Zdrowia.,[],[],False,False,False,False,False,False,Звертаю вашу увагу на сьогоднішнє засідання Комісії з питань охорони здоров'я.
pl_defence_07_03_2025_n04.txt,237,255,Od słów do czynów.,['Slogans'],['Call'],False,False,False,False,True,False,Від слів до справ.
pl_statements_20_02_2025_n01.txt,6600,6775,"Zwracam się o podjęcie działań na rzecz podwyżek wynagrodzeń dla szkolnych intendentek, kucharek i pomocy kuchennych oraz usankcjonowanie tych regulacji w przepisach prawnych.",[],[],False,False,False,False,False,False,"Звертаюся з проханням вжити заходів для підвищення заробітної плати шкільним інтенданткам, кухарям та помічникам кухарів, а також закріпити ці норми в законодавстві."
pl_defence_07_03_2025_n06.txt,9298,9330,Dzisiaj go nie przedstawiliście.,['Doubt'],['Attack_on_Reputation'],True,False,False,False,False,False,Сьогодні ви його не представили.
pl_statements_20_02_2025_n01.txt,3119,3395,"Z degradacją lasów, gospodarki leśnej, niszczeniem przemysłu drzewnego. (Dzwonek) Ostatnio 130 profesorów z zakresu nauk leśnych po prostu wystosowało list otwarty wskazujący wprost, że gospodarka leśna prowadzona przez ten rząd to jest dewastacja lasów państwowych. (Oklaski)","['Causal_Oversimplification', 'Exaggeration-Minimisation', 'Appeal_to_Authority', 'Appeal_to_Popularity', 'Doubt']","['Attack_on_Reputation', 'Justification', 'Simplification', 'Manipulative_Wording']",True,True,False,True,False,True,"З деградацією лісів, лісового господарства, знищенням деревообробної промисловості. (Дзвоник) Нещодавно 130 професорів з галузі лісового господарства просто надіслали відкритий лист, у якому прямо зазначено, що лісове господарство, яке проводить цей уряд, є спустошенням державних лісів. (Оплески)"
pl_hate_speech_act_19_12_2024_n08.txt,5894,5981,"Wicemarszałek Włodzimierz Czarzasty: Pan poseł Paweł Jabłoński, Prawo i Sprawiedliwość.",[],[],False,False,False,False,False,False,"Віцемаршалок Влодзімеж Чарзастий: Пане депутате Павле Яблонський, Право і Справедливість."
pl_abortion_11_04_2024_n04.txt,4858,5002,"Dzisiaj, tak jak wtedy stałam na tych protestach, stoję tu w imieniu wszystkich tych kobiet, którą chcą natychmiastowego powrotu do normalności.",['Flag_Waving'],['Justification'],False,True,False,False,False,False,"Сьогодні, як і тоді, коли я стояла на цих протестах, я стою тут від імені всіх тих жінок, які хочуть негайного повернення до нормального життя."
pl_eu_03_04_2025_n04.txt,1152,1285,"Ale te efekty, panie ministrze, ciężkiej pracy pani przewodniczącej są na razie, z mojego punktu widzenia, cały czas niezadowalające.",['Doubt'],['Attack_on_Reputation'],True,False,False,False,False,False,"Але ці результати, пане міністре, важкої праці пані голови, з моєї точки зору, досі незадовільні."
pl_abortion_11_04_2024_n13.txt,1492,1582,"Polacy nie chcą robić z tak ważnej sprawy kwestii politycznej, oni chcą mieć prawo wyboru.",['Appeal_to_Values'],['Justification'],False,True,False,False,False,False,"Українці не хочуть робити з такого важливого питання політичне питання, вони хочуть мати право вибору."
pl_abortion_11_04_2024_n04.txt,1245,1318,"Zakaz aborcji w Polsce nie działa, a takie osoby jak ja są na to dowodem.","['Conversation_Killer', 'Repetition']","['Call', 'Manipulative_Wording']",False,False,False,False,True,True,"Заборона абортів у Польщі не діє, і такі люди, як я, є доказом цього."
pl_abortion_11_04_2024_n11.txt,3927,4045,Poseł Włodzisław Giziński: Po prostu przywróćmy kobietom prawo do decydowania o sobie. (Oklaski) (Głos z sali: Brawo!),"['Flag_Waving', 'Slogans', 'Appeal_to_Values']","['Justification', 'Call']",False,True,False,False,True,False,Депутат Влодзіслав Ґізінський: Просто повернімо жінкам право вирішувати за себе. (Оплески) (Голос із залу: Браво!)
pl_eu_03_04_2025_n06.txt,998,1069,"Konkluzje są przyjmowane jednogłośnie, one mają być wypełnione treścią.",[],[],False,False,False,False,False,False,"Висновки приймаються одноголосно, вони повинні бути наповнені змістом."
pl_defence_22_05_2024_n01.txt,11127,11164,Poseł Mariusz Błaszczak: I na koniec.,[],[],False,False,False,False,False,False,Депутат Маріуш Блащак: І насамкінець.
pl_current_affairs_09_01_2025_n03.txt,1857,1984,"Proszę słuchać uważnie.) To jest nieprawda, ten raport nie został poprawiony. (Poseł Anna Gembicka: Decyzja została zmieniona.)",['Repetition'],['Manipulative_Wording'],False,False,False,False,False,True,"Будь ласка, уважно слухайте.) Це неправда, цей звіт не був виправлений. (Депутат Анна Гембіцька: Рішення було змінено.)"
pl_abortion_11_04_2024_n02.txt,3309,3373,"Nawet wtedy, kiedy ta decyzja zagraża życiu i zdrowiu pacjentki.",['Appeal_to_Values'],['Justification'],False,True,False,False,False,False,"Навіть тоді, коли це рішення загрожує життю та здоров’ю пацієнтки."
pl_eu_03_04_2025_n02.txt,974,1146,"Nie jest to zasługa prezydencji węgierskiej, ale w tym czasie interwencja Polski, zabiegi w tym zakresie pana premiera Tuska i Polski przyniosły bardzo jednoznaczne efekty.",[],[],False,False,False,False,False,False,"Це не заслуга угорського головування, але в цей час втручання Польщі, зусилля в цьому напрямку пана прем'єр-міністра Туска та Польщі принесли дуже чіткі результати."
pl_eu_03_04_2025_n06.txt,6790,6994,"Przypomnę, że jednocześnie w grudniu 2024 r. przyjęliśmy 18-miesięczny harmonogram tria prezydencji, gdzie jasno zostało wpisane, że będziemy dążyć do pełnego wdrożenia zapisów paktu migracyjnego i azylu.",['Appeal_to_Hypocrisy'],['Attack_on_Reputation'],True,False,False,False,False,False,"Нагадаю, що у грудні 2024 року ми ухвалили 18-місячний графік тріа президентства, де чітко зазначено, що ми прагнутимемо до повного впровадження положень міграційного та притулку."
pl_eu_03_04_2025_n04.txt,3716,3909,"Może to, co powiem, ta moja niecierpliwość w oczekiwaniu na sytuację za pół roku, kiedy będziemy pana pytać, co pan uzyskał jako minister odpowiedzialny za polską prezydencję, pana zmobilizuje.",['Questioning_the_Reputation'],['Attack_on_Reputation'],True,False,False,False,False,False,"Можливо, те, що я скажу, ця моя нетерплячість в очікуванні на ситуацію за півроку, коли ми будемо питати пана, що пан досяг як міністр, відповідальний за польське головування, пана мобілізує."
pl_defence_07_03_2025_n02.txt,6562,6636,"Polscy żołnierze szkolą się, a nie uczestniczą w propagandowych piknikach.",['Name_Calling-Labeling'],['Attack_on_Reputation'],True,False,False,False,False,False,"Польські солдати навчаються, а не беруть участь у пропагандистських пікніках."
pl_eu_03_04_2025_n03.txt,9135,9202,Włączenie Bułgarii i Rumunii do strefy Schengen Orbánowi się udało.,[],[],False,False,False,False,False,False,Включення Болгарії та Румунії до Шенгенської зони Орбану вдалося.
pl_statements_20_02_2025_n01.txt,1305,1462,Omawiano tam kwestię wykonywania obowiązkowych szczepień ochronnych dzieci i młodzieży w kontekście raportu Najwyższej Izby Kontroli dotyczącego tego tematu.,[],[],False,False,False,False,False,False,Обговорювали питання проведення обов'язкових профілактичних щеплень дітей та молоді в контексті звіту Вищої контрольної палати з цієї теми.
pl_defence_07_03_2025_n07.txt,3467,3556,"Zacznijmy współpracować, ponieważ to zależy od nas, a nie od kaprysów zewnętrznych potęg.","['Appeal_to_Time', 'Loaded_Language', 'Slogans']","['Call', 'Manipulative_Wording']",False,False,False,False,True,True,"Почнімо співпрацювати, бо це залежить від нас, а не від примх зовнішніх сил."
pl_defence_22_05_2024_n04.txt,9149,9284,"Zdaję sobie sprawę z tego, w jak dobrym, jak ogromnym, jak dużym stopniu przygotowane są polskie wojska do prowadzenia tego typu walki.",['Repetition'],['Manipulative_Wording'],False,False,False,False,False,True,"Я розумію, наскільки добре, наскільки масштабно, наскільки масштабно підготовлені польські війська до ведення такого типу бойових дій."
pl_defence_07_03_2025_n07.txt,7796,7856,Jak szeroko będą rozumiane wydatki na obronność i odporność?,['Obfuscation-Vagueness-Confusion'],['Manipulative_Wording'],False,False,False,False,False,True,Як широко будуть розумітися витрати на оборону та стійкість?
pl_abortion_11_04_2024_n05.txt,3259,3401,"Bardzo proszę panią poseł Monikę Wielichowską, wicemarszałkinię Sejmu, o przedstawienie uzasadnienia projektu ustawy zawartego w druku nr 224.",[],[],False,False,False,False,False,False,"Дуже прошу пані депутатку Моніку Веліховську, віцемаршалку Сейму, представити обґрунтування проєкту закону, що міститься в документі № 224."
pl_defence_22_05_2024_n01.txt,4346,4362,To jest skandal.,['Repetition'],['Manipulative_Wording'],False,False,False,False,False,True,Це скандал.
pl_eu_12_06_2024_n01.txt,4783,4999,"Z istotnym ryzykiem prawnym i faktycznym wiąże się art. 8 projektu, który wyłącza stosowanie Prawa zamówień publicznych do wszystkich zamówień na roboty budowlane, dostawy i usługi związane z przewodnictwem w Radzie.",['Doubt'],['Attack_on_Reputation'],True,False,False,False,False,False,"З істотним юридичним та фактичним ризиком пов'язана стаття 8 проєкту, яка виключає застосування Закону про державні закупівлі до всіх замовлень на будівельні роботи, поставки та послуги, пов'язані з головуванням у Раді."
pl_abortion_11_04_2024_n06.txt,5208,5272,"Potem czeka na list, otwiera skrzynkę pocztową, bierze tabletki.",[],[],False,False,False,False,False,False,"Потім чекає на лист, відкриває поштову скриньку, приймає таблетки."
pl_hate_speech_act_19_12_2024_n07.txt,5498,5800,"Co prawda w toku konsultacji porzucono ten termin w projekcie ustawy i pozostawiono po prostu płeć, jednak w uzasadnieniu jest wprost napisane, że wykładnia pojęcia „płeć” będzie w duchu konwencji stambulskiej, gdzie płeć jest rozumiana nie jako biologiczna rzeczywistość, ale jako konstrukt społeczny.",[],[],False,False,False,False,False,False,"Хоча під час консультацій цей термін було виключено з проєкту закону і залишено просто стать, в обґрунтуванні прямо зазначено, що тлумачення поняття «стать» буде в дусі Стамбульської конвенції, де стать розуміється не як біологічна реальність, а як соціальний конструкт."
pl_defence_07_03_2025_n04.txt,586,789,"Polska dzięki temu, że już teraz przekazuje tak wysokie środki z PKB, ma szansę na to, aby robić to we własnych fabrykach, zaspokajać część własnych potrzeb, ale także sprzedawać to później innym krajom.",[],[],False,False,False,False,False,False,"Польща, завдяки тому, що вже зараз передає такі високі кошти з ВВП, має шанс робити це на власних фабриках, задовольняти частину власних потреб, але також продавати це пізніше іншим країнам."
pl_defence_07_03_2025_n01.txt,5831,6029,"Mamy mniejsze przyrosty proporcjonalne liczby żołnierzy, niż było to za rządów Zjednoczonej Prawicy, i nie spełnicie tego harmonogramu, który myśmy sobie założyli, jeśli chodzi o wzrost liczebności.",['Doubt'],['Attack_on_Reputation'],True,False,False,False,False,False,"Маємо менші пропорційні прирости кількості солдатів, ніж було за часів уряду Об'єднаної Правиці, і ви не виконаєте цього графіку, який ми собі поставили, коли йдеться про збільшення чисельності."
pl_abortion_11_04_2024_n14.txt,6520,6571,I do tego okrucieństwa włącza się aparat państwowy.,"['Loaded_Language', 'Doubt']","['Attack_on_Reputation', 'Manipulative_Wording']",True,False,False,False,False,True,І до цієї жорстокості долучається державний апарат.
pl_eu_03_04_2025_n03.txt,4408,4660,"A nawet powiem więcej, jeśli te warunki atmosferyczne są trudne, panie ministrze, a teraz niewątpliwie tak jest – nie mówię o ostatnich tygodniach, mówię o ostatnich miesiącach, żeby nie powiedzieć: latach – ta aktywność powinna być szczególnie wysoka.",[],[],False,False,False,False,False,False,"І навіть скажу більше, якщо ці атмосферні умови складні, пане міністре, а зараз, безсумнівно, так і є – я не кажу про останні тижні, я кажу про останні місяці, щоб не сказати: роки – ця активність має бути особливо високою."
pl_abortion_11_04_2024_n08.txt,3516,3777,"Mówimy o sprawach budzących wielkie emocje i mających budzić wielkie emocje, o sprawach cynicznie wykorzystywanych w kampaniach wyborczych i w życiu politycznym, o sprawach, w których dzielimy się właśnie tymi znamionami cywilizacji życia i cywilizacji śmierci.",['Loaded_Language'],['Manipulative_Wording'],False,False,False,False,False,True,"Говоримо про справи, які викликають великі емоції і повинні викликати великі емоції, про справи, які цинічно використовуються в виборчих кампаніях і в політичному житті, про справи, в яких ми ділимо саме ці ознаки цивілізації життя і цивілізації смерті."
pl_abortion_11_04_2024_n05.txt,6173,6254,"Dlatego my, politycy i polityczki, musimy zrobić wszystko, by naprawić złe prawo.",['Name_Calling-Labeling'],['Attack_on_Reputation'],True,False,False,False,False,False,"Тому ми, політики та політикині, повинні зробити все, щоб виправити погане законодавство."
pl_abortion_11_04_2024_n10.txt,5541,5717,"Mam takie właśnie pytanie do lewicy i do prawicy, czy stać będzie nas, polityków, polityczki, na to, żeby prowadzić te prace w komisji z poszanowaniem intymności i wrażliwości…",['Appeal_to_Values'],['Justification'],False,True,False,False,False,False,"У мене є таке саме питання до лівих і правих, чи зможемо ми, політики, проводити ці роботи в комісії з повагою до інтимності та чутливості…"
pl_defence_07_03_2025_n01.txt,2437,2451,Brzmi znajomo?,['Guilt_by_Association'],['Attack_on_Reputation'],True,False,False,False,False,False,Звучить знайомо?
pl_defence_22_05_2024_n02.txt,6320,6401,Dla wielu decydentów w mundurach i garniturach jest to dzisiaj nie do pomyślenia.,[],[],False,False,False,False,False,False,Для багатьох чиновників у мундирах і костюмах це сьогодні немислимо.
pl_abortion_11_04_2024_n07.txt,2056,2146,"Radykalny feminizm, próbując wyrwać kobiety z rąk mężczyzn, oddaje im niebywałą przysługę.","['Loaded_Language', 'Name_Calling-Labeling']","['Attack_on_Reputation', 'Manipulative_Wording']",True,False,False,False,False,True,"Радикальний фемінізм, намагаючись вирвати жінок з рук чоловіків, робить їм неймовірну послугу."
pl_defence_22_05_2024_n03.txt,6214,6269,Ja chciałbym zaapelować do pana premiera o jedną rzecz.,[],[],False,False,False,False,False,False,Я хотів би звернутися до пана прем'єр-міністра з одним проханням.
pl_eu_03_04_2025_n05.txt,4396,4491,"Priorytetem jest to, aby Unia Europejska, zewnętrzna granica Unii Europejskiej była bezpieczna.","['Flag_Waving', 'Slogans']","['Justification', 'Call']",False,True,False,False,True,False,"Пріоритетом є те, щоб Європейський Союз, зовнішній кордон Європейського Союзу був безпечним."
pl_hate_speech_act_19_12_2024_n07.txt,7055,7176,"Nie może być ona rozumiana selektywnie, nie powinna być narzędziem do realizacji interesów jednej strony kosztem drugiej.",[],[],False,False,False,False,False,False,"Вона не може бути зрозуміла вибірково, не повинна бути інструментом для реалізації інтересів однієї сторони за рахунок іншої."
pl_current_affairs_09_01_2025_n01.txt,7257,7467,"Konieczne jest potwierdzenie, że dana osoba jest rodzicem dziecka lub jego opiekunem, ponieważ dane w dostępnych rejestrach nie są wystarczające i konieczne jest uzyskanie dodatkowego dokumentu od wnioskodawcy.",[],[],False,False,False,False,False,False,"Необхідно підтвердити, що особа є батьком або опікуном дитини, оскільки дані в доступних реєстрах недостатні і необхідно отримати додатковий документ від заявника."
pl_defence_22_05_2024_n04.txt,2261,2286,Szanowny Panie Premierze!,[],[],False,False,False,False,False,False,Шановний пане Прем'єр-міністре!
pl_abortion_11_04_2024_n04.txt,1703,1814,"A przecież to u tych aktywistek, u tych działaczek, u tych organizacji państwo polskie zaciągnęło ogromny dług.","['Flag_Waving', 'Appeal_to_Pity', 'Repetition']","['Justification', 'Distraction', 'Manipulative_Wording']",False,True,True,False,False,True,"Адже саме перед цими активістками, цими діячками, цими організаціями польська держава заборгувала величезну суму."
pl_defence_22_05_2024_n01.txt,9251,9296,"Pan powiedział, że piloci tak dużo zarabiają.",['Red_Herring'],['Distraction'],False,False,True,False,False,False,"Він сказав, що пілоти заробляють так багато."
pl_hate_speech_act_19_12_2024_n08.txt,2721,2759,Poseł Grzegorz Lorek: Panie Marszałku!,[],[],False,False,False,False,False,False,Депутат Гжегож Лорек: Пане Маршалку!
pl_defence_07_03_2025_n01.txt,6261,6326,"Po drugie, wzrost wydatków na obronność w relacji do wzrostu PKB.",[],[],False,False,False,False,False,False,"По-друге, зростання витрат на оборону у співвідношенні до зростання ВВП."
pl_defence_07_03_2025_n02.txt,277,519,"Ze świadomością jednakże, że dla Stanów Zjednoczonych dzisiaj głównym zdefiniowanym adwersarzem są Chiny, dla nas największym zagrożeniem jest Rosja i to będzie rodzić różnego rodzaju niuanse i różnice, jeśli chodzi o stosunki międzynarodowe.",['Appeal_to_Fear-Prejudice'],['Justification'],False,True,False,False,False,False,"З усвідомленням того, що для Сполучених Штатів сьогодні головним визначеним противником є Китай, для нас найбільшою загрозою є Росія, і це породжуватиме різні нюанси та відмінності у міжнародних відносинах."
pl_eu_03_04_2025_n05.txt,5221,5356,"Szanowni państwo, ta deklaracja pozwoli Unii również mierzyć się z globalną konkurencją i tworzyć lepsze warunki rozwoju dla obywateli.",[],[],False,False,False,False,False,False,"Шановні пані та панове, ця декларація дозволить Союзу також боротися з глобальною конкуренцією та створювати кращі умови розвитку для громадян."
pl_defence_22_05_2024_n02.txt,3558,3601,Co trzeba robić tu i teraz w trybie pilnym?,['Appeal_to_Time'],['Call'],False,False,False,False,True,False,Що потрібно робити тут і зараз у терміновому порядку?
pl_abortion_11_04_2024_n13.txt,3136,3250,I to wtedy byłoby ostateczne rozwiązanie kwestii polskiej. (Dzwonek) I to jest działanie zdecydowanie antypolskie.,"['Consequential_Oversimplification', 'Flag_Waving']","['Justification', 'Simplification']",False,True,False,True,False,False,І тоді було б остаточне вирішення польського питання. (Дзвоник) І це однозначно антипольська дія.
pl_defence_07_03_2025_n07.txt,6067,6174,"To tłumaczenie, perswadowanie jest po prostu odbierane przez amerykańską administrację jako wyraz słabości.","['Obfuscation-Vagueness-Confusion', 'Repetition']",['Manipulative_Wording'],False,False,False,False,False,True,"Цей переклад, переконання просто сприймається американською адміністрацією як прояв слабкості."
pl_eu_12_06_2024_n02.txt,4432,4720,"Nie będzie również bezpieczeństwa wewnętrznego polskiego państwa (Dzwonek), nie będzie również bezpieczeństwa uczestników różnego rodzaju wydarzeń związanych z polską prezydencją, jeśli nie zapewnimy bezpieczeństwa polskiej granicy wschodniej i bezpieczeństwa prawnego polskich żołnierzy.",['Causal_Oversimplification'],['Simplification'],False,False,False,True,False,False,"Не буде також внутрішньої безпеки польської держави (Дзвоник), не буде також безпеки учасників різних заходів, пов'язаних з польським президентством, якщо ми не забезпечимо безпеку східного кордону Польщі та правову безпеку польських солдатів."
pl_abortion_11_04_2024_n05.txt,1297,1360,"To są problemy, które dzisiaj wymagają i dyskusji, i regulacji.",['Appeal_to_Time'],['Call'],False,False,False,False,True,False,"Це проблеми, які сьогодні потребують і обговорення, і регулювання."
pl_abortion_11_04_2024_n02.txt,2048,2157,"Czy naprawdę chcemy, żeby aktywistki, które pomagają kobietom w kryzysie, były ciągane po sądach i skazywane?","['Appeal_to_Values', 'False_Dilemma-No_Choice', 'Repetition']","['Justification', 'Simplification', 'Manipulative_Wording']",False,True,False,True,False,True,"Чи справді ми хочемо, щоб активістки, які допомагають жінкам у кризі, були притягнуті до суду та засуджені?"
pl_statements_20_02_2025_n04.txt,8375,8730,"(Poseł Marcin Józefaciuk: To katolickie życzenia.) …aż nie zrozumiecie… (Głos z sali: Aż zrozumiemy.) …jak podle się zachowujecie, i aż publicznie nie wyznacie waszych win i nie spróbujecie zadośćuczynić tym krzywdom, które wyrządzacie panu ministrowi Zbigniewowi Ziobrze i jego rodzinie. (Oklaski) (Poseł Marcin Józefaciuk: Piękne życzenia, panie pośle.)","['Appeal_to_Hypocrisy', 'Loaded_Language', 'Questioning_the_Reputation']","['Attack_on_Reputation', 'Manipulative_Wording']",True,False,False,False,False,True,"(Депутат Марцін Йозефак: Це католицькі побажання.) …аж поки не зрозумієте… (Голос із залу: Аж зрозуміємо.) …як підло ви поводитеся, і аж публічно не визнаєте своїх гріхів і не спробуєте відшкодувати ті кривди, які ви завдаєте пану міністру Збіґнєву Зьобро та його родині. (Оплески) (Депутат Марцін Йозефак: Гарні побажання, пане депутате.)"
pl_abortion_11_04_2024_n09.txt,6292,6328,Serdecznie was pozdrawiam. (Oklaski),[],[],False,False,False,False,False,False,Щиро вас вітаю. (Оплески)
pl_current_affairs_09_01_2025_n03.txt,4907,4946,"Myślę, że na podsumowanie to wystarczy.",['Conversation_Killer'],['Call'],False,False,False,False,True,False,"Думаю, що на цьому можна закінчити."
pl_current_affairs_09_01_2025_n02.txt,8069,8235,"W decyzji generalny dyrektor ochrony środowiska podkreśla, że poważne ustawowe braki w raporcie o oddziaływaniu na środowisko nie pozwalały na wydanie takiej decyzji.",['Appeal_to_Authority'],['Justification'],False,True,False,False,False,False,"У рішенні генеральний директор з охорони навколишнього середовища підкреслює, що серйозні законодавчі недоліки в звіті про вплив на навколишнє середовище не дозволяли прийняти таке рішення."
pl_current_affairs_09_01_2025_n03.txt,1351,1445,"Nawet politycy Lewicy, Platformy i PSL w naszym regionie mówią, że to jest bardzo zła decyzja.",['Appeal_to_Popularity'],['Justification'],False,True,False,False,False,False,"Навіть політики Лівиці, Платформи та ПСЛ у нашому регіоні кажуть, що це дуже погане рішення."
pl_abortion_11_04_2024_n01.txt,6405,6465,Mamy pluralizm i pełnię praw do wyznawania różnych poglądów.,['Doubt'],['Attack_on_Reputation'],True,False,False,False,False,False,Маємо плюралізм і повну свободу сповідувати різні погляди.
pl_hate_speech_act_19_12_2024_n08.txt,2425,2604,"To są fakty naukowe i zachowanie pani poseł Żukowskiej w tej sprawie jest właśnie przykładem tego, jak będziecie używać mowy nienawiści, żeby zakazywać podawania faktów naukowych.",['Questioning_the_Reputation'],['Attack_on_Reputation'],True,False,False,False,False,False,"Це наукові факти, і поведінка пані депутатки Жуковської в цьому питанні є прикладом того, як ви будете використовувати мову ненависті, щоб забороняти подавати наукові факти."
pl_hate_speech_act_19_12_2024_n09.txt,5416,5456,Poseł Małgorzata Tracz: Panie Marszałku!,[],[],False,False,False,False,False,False,Пані Маршалку!
pl_eu_03_04_2025_n08.txt,5899,6120,"Jak można określić to, że w czasie agresji, mordowania ludności cywilnej, porywania dzieci, dokonywania gwałtów ktoś się nie zgadza z tym, że ktoś inny gdzieś pojechał do agresora i prowadzi z nim rozmowy wbrew wszystkim?","['Loaded_Language', 'Questioning_the_Reputation']","['Attack_on_Reputation', 'Manipulative_Wording']",True,False,False,False,False,True,"Як можна визначити, що під час агресії, вбивства цивільного населення, викрадення дітей, скоєння зґвалтувань хтось не погоджується з тим, що хтось інший кудись поїхав до агресора і веде з ним переговори всупереч усьому?"
pl_eu_03_04_2025_n06.txt,3853,3996,"Rozumiem, że w ostatnich latach w związku z różnym podejściem do rosyjskiej inwazji na Ukrainę relacje z tym krajem znacznie nam się ostudziły.",['Loaded_Language'],['Manipulative_Wording'],False,False,False,False,False,True,"Розумію, що в останні роки, через різне ставлення до російського вторгнення в Україну, наші відносини з цією країною значно охололи."
pl_abortion_11_04_2024_n07.txt,8391,8412,Pytanie referendalne.,['Questioning_the_Reputation'],['Attack_on_Reputation'],True,False,False,False,False,False,Референдне питання.
pl_eu_03_04_2025_n06.txt,6699,6789,"Tutaj rząd chwalił się, jak wielki wpływ Polska miała na zaostrzenie polityki migracyjnej.",['Appeal_to_Hypocrisy'],['Attack_on_Reputation'],True,False,False,False,False,False,"Тут уряд хвалився, як великий вплив Польща мала на загострення міграційної політики."
pl_defence_07_03_2025_n04.txt,2721,2766,"Putin zabija dzieci, nie dba o ochronę życia.","['Appeal_to_Values', 'Appeal_to_Fear-Prejudice']",['Justification'],False,True,False,False,False,False,"Путін вбиває дітей, не турбується про захист життя."
pl_eu_03_04_2025_n01.txt,5952,6084,Mandat miał obejmować rozszerzenie dotychczasowych zadań o doradztwo strategiczne dla Ukrainy oraz poprawę koordynacji z partnerami.,[],[],False,False,False,False,False,False,"Мандат мав включати розширення існуючих завдань, таких як стратегічне консультування для України, та покращення координації з партнерами."
pl_current_affairs_09_01_2025_n01.txt,5155,5263,"W okresie od 1 października do 31 grudnia ZUS wypłacił łącznie 558 685 świadczeń na kwotę 670 279 596,83 zł.",[],[],False,False,False,False,False,False,"У період з 1 жовтня до 31 грудня ZUS виплатив загалом 558 685 виплат на суму 670 279 596,83 злотих."
pl_hate_speech_act_19_12_2024_n03.txt,1771,1804,Poseł Sebastian Kaleta: Dziękuję.,[],[],False,False,False,False,False,False,Депутат Себастьян Калета: Дякую.
pl_defence_07_03_2025_n07.txt,0,41,Poseł Przemysław Wipler: Panie Marszałku!,[],[],False,False,False,False,False,False,Депутат Пшемислав Віплер: Пане Маршалку!
pl_defence_07_03_2025_n05.txt,7302,7459,"Musi wiedzieć, że ten kraj gwarantuje mu prawo do mieszkania, realnie, a nie tylko w konstytucji, równouprawnienie, równość płac i też np. równość małżeńską.","['Obfuscation-Vagueness-Confusion', 'Appeal_to_Values']","['Justification', 'Manipulative_Wording']",False,True,False,False,False,True,"Він повинен знати, що ця країна гарантує йому право на проживання, реально, а не лише в конституції, рівноправність, рівність оплати праці та, наприклад, рівність у шлюбі."
pl_eu_03_04_2025_n06.txt,7508,7576,Ramadan w Gdańsku i wielkie manifestacje Turków na ulicach Warszawy.,['Appeal_to_Hypocrisy'],['Attack_on_Reputation'],True,False,False,False,False,False,Рамадан у Гданську та великі маніфестації турків на вулицях Варшави.
pl_defence_07_03_2025_n08.txt,4546,4587,Wicemarszałek Piotr Zgorzelski: Dziękuję.,[],[],False,False,False,False,False,False,Віцемаршалок Пьотр Згожельський: Дякую.
pl_hate_speech_act_19_12_2024_n02.txt,2072,2193,"Bardzo proszę, nie mylmy tych dwóch pojęć, bo jeżeli tu, u podnóża zgodzimy się co do tego, dalsza dyskusja będzie łatwa.",['Obfuscation-Vagueness-Confusion'],['Manipulative_Wording'],False,False,False,False,False,True,"Дуже прошу, не плутаймо ці два поняття, бо якщо тут, біля підніжжя, ми погодимося з цим, подальша дискусія буде легкою."
pl_abortion_11_04_2024_n04.txt,5728,5827,"Po pierwsze, bezapelacyjnie należy przywrócić możliwość przerywania ciąży ze względu na wadę płodu.",['Conversation_Killer'],['Call'],False,False,False,False,True,False,"По-перше, без сумніву, необхідно відновити можливість переривання вагітності через вади розвитку плода."
pl_defence_07_03_2025_n05.txt,5970,6040,"Słyszeliśmy dużo o zbrojeniach, ja też o nich dużo mówię w tej chwili.",[],[],False,False,False,False,False,False,"Ми чули багато про озброєння, я теж про них багато говорю зараз."
pl_abortion_11_04_2024_n14.txt,5764,5805,Poseł Władysław Kurowski: Pani Marszałek!,[],[],False,False,False,False,False,False,Депутат Владислав Куровський: Пані Маршалку!
pl_eu_12_06_2024_n03.txt,5680,5752,"Nie, proszę państwa, musieliśmy dobijać się w interpelacjach o te fakty.",['Appeal_to_Hypocrisy'],['Attack_on_Reputation'],True,False,False,False,False,False,"Ні, панове, нам довелося домагатися цих фактів через інтерпеляції."
pl_eu_03_04_2025_n01.txt,640,710,"Jeżeli nie usłyszę sprzeciwu, będę uważał, że Sejm propozycję przyjął.",[],[],False,False,False,False,False,False,"Якщо я не почую заперечень, вважатиму, що Сейм пропозицію прийняв."
pl_abortion_11_04_2024_n12.txt,3480,3582,"Wicemarszałek Monika Wielichowska: Zapraszam panią poseł Ewę Szymanowską, Polska 2050 – Trzecia Droga.",[],[],False,False,False,False,False,False,"Віцемаршалок Моніка Веліховська: Запрошую пані депутатку Еву Шимановську, Польща 2050 – Третя Дорога."
pl_hate_speech_act_19_12_2024_n07.txt,1601,1733,"Okaże się, że zaraz będziecie ścigać np. tych, którzy zwracają się do innych zaimkami związanymi z ich płcią realną, a nie wydumaną.","['Loaded_Language', 'Questioning_the_Reputation', 'Appeal_to_Fear-Prejudice']","['Attack_on_Reputation', 'Justification', 'Manipulative_Wording']",True,True,False,False,False,True,"З’ясується, що незабаром ви будете переслідувати, наприклад, тих, хто звертається до інших займенниками, пов’язаними з їхньою реальною статтю, а не вигаданою."
pl_abortion_11_04_2024_n09.txt,6405,6557,"Wyznaczam czas na zadanie pytania – 1 minuta. (Głos z sali: Nie.) (Głos z sali: 2 minuty.) (Głos z sali: Pani marszałek, jeszcze ja.) Proszę się wpisać.",[],[],False,False,False,False,False,False,"Призначаю час на запитання – 1 хвилина. (Голос із залу: Ні.) (Голос із залу: 2 хвилини.) (Голос із залу: Пані маршалку, ще я.) Будь ласка, запишіться."
pl_abortion_11_04_2024_n07.txt,1154,1169,Co za paradoks.,['Loaded_Language'],['Manipulative_Wording'],False,False,False,False,False,True,Який парадокс.
pl_abortion_11_04_2024_n03.txt,5787,5819,Pojawiły się kredyty na aborcję.,[],[],False,False,False,False,False,False,З'явилися кредити на аборт.
pl_statements_20_02_2025_n03.txt,9217,9273,Po dziś jego osoba to wspaniały wzór dla nas wszystkich.,[],[],False,False,False,False,False,False,До сьогодні його особа є чудовим прикладом для всіх нас.
pl_hate_speech_act_19_12_2024_n07.txt,3145,3228,"Atakowanie Kościoła, atakowanie polskich żołnierzy to też nie jest mowa nienawiści?",['Appeal_to_Hypocrisy'],['Attack_on_Reputation'],True,False,False,False,False,False,"Напад на Церкву, напад на польських солдатів – це теж не є мовою ненависті?"
pl_eu_03_04_2025_n06.txt,4585,4706,"W kampanii wyborczej jesteście tak przywiązani do tych wartości, a w Europie na podwójnym gazie dążycie do federalizacji.","['Appeal_to_Hypocrisy', 'Loaded_Language']","['Attack_on_Reputation', 'Manipulative_Wording']",True,False,False,False,False,True,"У передвиборчій кампанії ви так прив'язані до цих цінностей, а в Європі на подвоєній швидкості прагнете до федералізації."
pl_abortion_11_04_2024_n02.txt,2242,2310,"Jak rozumiem, to jest właśnie podejście do życia prawej strony sali.","['Questioning_the_Reputation', 'Straw_Man']","['Attack_on_Reputation', 'Distraction']",True,False,True,False,False,False,"Як я розумію, це саме підхід до життя правої сторони зали."
pl_defence_22_05_2024_n01.txt,4707,4724,Zamówiliśmy F-35.,[],[],False,False,False,False,False,False,Ми замовили F-35.
pl_eu_03_04_2025_n03.txt,7315,7365,"Ona też się skończyła, zanim się na dobre zaczęła.",['Doubt'],['Attack_on_Reputation'],True,False,False,False,False,False,"Вона теж закінчилася, перш ніж по-справжньому почалася."
pl_abortion_11_04_2024_n01.txt,1155,1201,Płodu nie da się przeszczepić do innego ciała.,[],[],False,False,False,False,False,False,Плода не можна пересадити в інше тіло.
pl_defence_22_05_2024_n04.txt,7857,7892,Raptem się pani zmieniło. (Oklaski),['Appeal_to_Hypocrisy'],['Attack_on_Reputation'],True,False,False,False,False,False,Раптом ви змінилися. (Оплески)
pl_abortion_11_04_2024_n10.txt,3440,3615,"Rodzice pomagający im w takiej sytuacji nie chcą być bohaterami, nie chcą łamać prawa, ale nie odwrócą się plecami do swojego dziecka, mówiąc: radź sobie sam, to twoja sprawa.",['Appeal_to_Pity'],['Distraction'],False,False,True,False,False,False,"Батьки, які допомагають їм у такій ситуації, не хочуть бути героями, не хочуть порушувати закон, але не відвернуться від своєї дитини, кажучи: розбирайся сам, це твоя справа."
pl_eu_12_06_2024_n02.txt,2509,2764,"(Poseł Zbigniew Bogucki: 7 miesięcy.) Nic nie zostało w tym aspekcie przygotowane, a dzisiaj nie macie wstydu i krytykujecie nas za to, że przygotowujemy tę prezydencję po to, żeby wykorzystać maksymalnie dobrze ten czas dla spełnienia polskich interesów.","['Appeal_to_Hypocrisy', 'Loaded_Language']","['Attack_on_Reputation', 'Manipulative_Wording']",True,False,False,False,False,True,"(Депутат Збігнєв Богуцький: 7 місяців.) Нічого не було підготовлено в цьому аспекті, а сьогодні ви не маєте сорому і критикуєте нас за те, що ми готуємо це президентство, щоб максимально добре використати цей час для задоволення польських інтересів."
pl_hate_speech_act_19_12_2024_n09.txt,1591,1633,Poseł Władysław Kurowski: Panie Marszałku!,[],[],False,False,False,False,False,False,Депутат Владислав Куровський: Пане Маршалку!
pl_eu_03_04_2025_n03.txt,5248,5528,"Uważam, że pańskim obowiązkiem i obowiązkiem rządu nie jest w tej chwili skupianie się na krytyce Węgier czy jakiegokolwiek innego kraju prowadzącego prezydencję za to, co robi źle, tylko na tym, żeby w tych warunkach, nawet jeśli są trudniejsze, reprezentować polską rację stanu.","['Exaggeration-Minimisation', 'Flag_Waving', 'Questioning_the_Reputation', 'Straw_Man']","['Attack_on_Reputation', 'Justification', 'Distraction', 'Manipulative_Wording']",True,True,True,False,False,True,"Вважаю, що обов'язком пана та уряду не є зараз зосереджуватися на критиці Угорщини чи будь-якої іншої країни, яка головує, за те, що вона робить неправильно, а на тому, щоб за цих умов, навіть якщо вони складніші, представляти польську державну справу."
pl_eu_03_04_2025_n04.txt,4294,4356,Unia Europejska i polityka unijna to nie jest gra w chowanego.,['Loaded_Language'],['Manipulative_Wording'],False,False,False,False,False,True,Європейський Союз і політика ЄС – це не гра в хованки.
pl_abortion_11_04_2024_n10.txt,6450,6674,"Czy my podczas głosowań będziemy mogli przynieść na tę salę transparent dokładnie takiej samej wielkości jak ten proaborcyjny? (Oklaski) Czy będzie możliwość, żeby postawić go właśnie tu, przy mównicy, bez reakcji Prezydium?",['Whataboutism'],['Distraction'],False,False,True,False,False,False,"Чи зможемо ми під час голосування принести до цієї зали транспарант точно такого ж розміру, як той проабортний? (Оплески) Чи буде можливість поставити його саме тут, біля трибуни, без реакції Президії?"
pl_statements_20_02_2025_n03.txt,6780,7041,"Wicemarszałek Krzysztof Bosak: Dziękuję bardzo, pani poseł. (Poseł Artur Jarosław Łącki: Pani poseł, zrobiliście z Poczty turecki bazar przez 8 lat.) (Poseł Anna Baluch: A wy nie zrobiliście niczego.) Zapraszam pana posła Fryderyka Sylwestra Kapinosa, klub PiS.","['Questioning_the_Reputation', 'Guilt_by_Association']",['Attack_on_Reputation'],True,False,False,False,False,False,"Віцемаршалок Кшиштоф Босак: Дуже дякую, пані депутатко. (Депутат Артур Ярослав Лацький: Пані депутатко, ви зробили з Пошти турецький базар за 8 років.) (Депутат Анна Балух: А ви нічого не зробили.) Запрошую пана депутата Фридерика Сильвестра Капіноса, клуб PiS."
pl_abortion_11_04_2024_n14.txt,429,481,"Szanowni państwo, pani poseł… Pani poseł, zapraszam.",[],[],False,False,False,False,False,False,"Шановні пані та панове, пані депутатко… Пані депутатко, запрошую."
pl_current_affairs_09_01_2025_n01.txt,4511,4607,Od momentu startu programu do dnia 7 stycznia złożono łącznie 461 233 wnioski na 469 379 dzieci.,[],[],False,False,False,False,False,False,З моменту старту програми до 7 січня було подано загалом 461 233 заяви на 469 379 дітей.
pl_defence_07_03_2025_n05.txt,2120,2267,"W tej chwili historia właśnie przyspieszyła i mamy koniec takiego ładu powojennego, w którym mocarstwa miały nie tylko prawa, lecz także obowiązki.",['Exaggeration-Minimisation'],['Manipulative_Wording'],False,False,False,False,False,True,"Зараз історія прискорилася, і ми спостерігаємо кінець післявоєнного порядку, в якому держави мали не лише права, але й обов’язки."
pl_abortion_11_04_2024_n12.txt,5735,5764,Dajcie nam o sobie decydować.,"['Flag_Waving', 'Slogans', 'Straw_Man', 'Repetition']","['Justification', 'Distraction', 'Call', 'Manipulative_Wording']",False,True,True,False,True,True,Дозвольте нам вирішувати за себе.
pl_abortion_11_04_2024_n04.txt,3994,4093,"W związku z tym proponuję państwu: swoje uwagi zachowajcie dla siebie, gdyż nie zmienię tej zasady.",[],[],False,False,False,False,False,False,"У зв'язку з цим пропоную вам: свої зауваження зберігайте при собі, оскільки я не зміню цієї правила."
pl_defence_07_03_2025_n04.txt,6955,6980,Wszyscy pragniemy pokoju.,[],[],False,False,False,False,False,False,Всі ми прагнемо миру.
pl_abortion_11_04_2024_n05.txt,154,364,"Dlatego dzisiaj jako Trzecia Droga przedstawiamy projekt ustawy, który skutecznie rozwiąże problem terminacji ciąży, ponieważ jako jedyny ma szansę zarówno na poparcie prawej strony, jak i na podpis prezydenta.",['Appeal_to_Authority'],['Justification'],False,True,False,False,False,False,"Тому сьогодні, як Третя Дорога, ми представляємо проєкт закону, який ефективно вирішить проблему переривання вагітності, оскільки він має шанс отримати підтримку як правої сторони, так і президента."
pl_hate_speech_act_19_12_2024_n09.txt,544,716,"Czy wy myślicie, że idziecie kompletnie wbrew megatrendom globalnym, w których się odchodzi od penalizacji tego, co ktoś mówi i myśli, nawet gdy mówi i myśli głupie rzeczy?","['Loaded_Language', 'Appeal_to_Popularity']","['Justification', 'Manipulative_Wording']",False,True,False,False,False,True,"Чи думаєте ви, що йдете повністю всупереч глобальним мегатрендам, в яких відбувається відхід від покарання за те, що хтось говорить і думає, навіть якщо він говорить і думає дурнуваті речі?"
pl_defence_07_03_2025_n06.txt,8394,8543,"Jeżeli wydatkuje się pieniądze konsekwentnie, w stopniu rzeczywiście niezbędnym, to prowadzi to do tego, że po prostu wpada się w pułapkę zadłużenia.","['False_Equivalence', 'Consequential_Oversimplification']",['Simplification'],False,False,False,True,False,False,"Якщо витрачати гроші послідовно, в дійсно необхідній мірі, це призводить до того, що просто потрапляєш у пастку заборгованості."
pl_defence_22_05_2024_n03.txt,3184,3277,"Nie ma tutaj urzędniczego gadania, ględzenia w kółko, przerzucania papierów ze stołu na stół.",['Loaded_Language'],['Manipulative_Wording'],False,False,False,False,False,True,"Тут немає чиновницького базікання, пустопорожніх балачок, перекидання паперів зі столу на стіл."
pl_abortion_11_04_2024_n01.txt,2922,3037,"…wszyscy bardzo interesują się jajnikami, wszyscy interesują się lekarzami ginekologami, bardzo interesują się tzw.",[],[],False,False,False,False,False,False,"…всі дуже цікавляться яєчниками, всі цікавляться гінекологами, дуже цікавляться так званими."
pl_abortion_11_04_2024_n13.txt,5760,5873,Wicemarszałek Monika Wielichowska: Zapraszam panią poseł Żanetę Cwalinę-Śliwowską z Polski 2050 – Trzeciej Drogi.,[],[],False,False,False,False,False,False,Віцемаршалок Моніка Веліховська: Запрошую пані депутатку Жанету Цваліну-Сливовську з Польщі 2050 – Третьої Дороги.
pl_abortion_11_04_2024_n12.txt,513,573,"Pojawiają się pytania, dlaczego wydarzyła się taka tragedia.","['Appeal_to_Pity', 'Appeal_to_Popularity', 'Repetition']","['Justification', 'Distraction', 'Manipulative_Wording']",False,True,True,False,False,True,"З'являються питання, чому сталася така трагедія."
pl_current_affairs_09_01_2025_n02.txt,7441,7604,"Tutaj jest ta decyzja, wielostronicowe, bardzo solidne uzasadnienie, dla której uchylił decyzję środowiskową (Poseł Joanna Borowiak: Została zaskarżona i przegrał.",['Repetition'],['Manipulative_Wording'],False,False,False,False,False,True,"Ось це рішення, багатосторінкове, дуже ґрунтовне обґрунтування, чому було скасовано рішення про екологічну оцінку (Депутат Йоанна Боров’як: Його було оскаржено, і він програв."
pl_abortion_11_04_2024_n04.txt,162,199,"Drogie Koleżanki, Siostry Aktywistki!",['Flag_Waving'],['Justification'],False,True,False,False,False,False,"Дорогі колежанки, сестри активістки!"
pl_abortion_11_04_2024_n06.txt,4456,4614,"Projekt, który mówi jasno, jakie są terminy na przerwanie ciąży dla lekarzy, aby nie mu- sieli odsyłać kobiety od lekarza do lekarza, od szpitala do szpitala.",['Repetition'],['Manipulative_Wording'],False,False,False,False,False,True,"Проект, який чітко визначає терміни для переривання вагітності для лікарів, щоб їм не доводилося відправляти жінок від лікаря до лікаря, від лікарні до лікарні."
pl_abortion_11_04_2024_n14.txt,2872,2904,"W ciąży się albo jest, albo nie.",[],[],False,False,False,False,False,False,"Вагітною можна бути або так, або ні."
pl_eu_03_04_2025_n03.txt,6322,6362,Do tego pana bardzo serdecznie zachęcam.,[],[],False,False,False,False,False,False,"Дуже вас прошу, пане."
pl_hate_speech_act_19_12_2024_n10.txt,991,1073,To zlikwidujcie choćby farmy trolli związane z politykami Platformy Obywatelskiej.,"['Appeal_to_Hypocrisy', 'Name_Calling-Labeling', 'Guilt_by_Association']",['Attack_on_Reputation'],True,False,False,False,False,False,"Щоб ви ліквідували хоча б ферми тролів, пов'язані з політиками Громадянської платформи."
pl_defence_07_03_2025_n06.txt,4032,4059,Nic takiego nie wybrzmiało.,['Doubt'],['Attack_on_Reputation'],True,False,False,False,False,False,Нічого такого не прозвучало.
pl_defence_07_03_2025_n02.txt,3205,3423,"Bo jeżeli chodzi o retorykę, to pan wspaniale… (Poseł Marcin Ociepa: Dziękuję, panie pośle.) Tak jak to często wy – w retoryce antyrosyjscy, tylko jak spojrzymy na fakty i na 8 lat waszych rządów, to co z tego zostaje?","['Appeal_to_Hypocrisy', 'Doubt']",['Attack_on_Reputation'],True,False,False,False,False,False,"Бо якщо говорити про риторику, то ви чудово… (Депутат Марцін Оцепка: Дякую, пане депутате.) Так як це часто у вас – в риториці антиросійській, але якщо подивитися на факти та на 8 років вашого правління, то що з цього залишається?"
pl_defence_22_05_2024_n01.txt,5974,6004,To już jest brygada artylerii.,[],[],False,False,False,False,False,False,Це вже артилерійська бригада.
pl_defence_22_05_2024_n01.txt,9297,9320,Trzeba szkolić pilotów.,[],[],False,False,False,False,False,False,Потрібно навчати пілотів.
pl_hate_speech_act_19_12_2024_n03.txt,1230,1296,"Wicemarszałek Monika Wielichowska: Bardzo dziękuję, pani minister.",[],[],False,False,False,False,False,False,"Віцемаршалок Моніка Веліховська: Дуже дякую, пані міністре."
pl_eu_12_06_2024_n01.txt,827,1275,"Podkreślił, że z uwagi na zmieniający się poziom bezpieczeństwa związany z położeniem Polski w bliskiej strefie działań wojennych w Ukrainie, obowiązującymi na terenie Polski stopniami bezpieczeństwa, stopniami alarmowymi zobowiązani jesteśmy do wprowadzenia rozwiązań prawnych, które jako mechanizmy prewencyjne stworzą warunki do skutecznego podniesienia poziomu bezpieczeństwa na czas przygotowania i sprawowania prezydencji w Unii Europejskiej.",[],[],False,False,False,False,False,False,"Він наголосив, що з огляду на зміну рівня безпеки, пов’язану з розташуванням Польщі в близькій зоні бойових дій в Україні, чинними в Польщі рівнями безпеки та рівнями тривоги, ми зобов’язані запровадити правові рішення, які як превентивні механізми створять умови для ефективного підвищення рівня безпеки на час підготовки та здійснення головування в Європейському Союзі."
pl_abortion_11_04_2024_n12.txt,8054,8088,Aborcja nie jest prawem człowieka.,"['Conversation_Killer', 'Slogans', 'Appeal_to_Values']","['Justification', 'Call']",False,True,False,False,True,False,Аборт не є правом людини.
pl_abortion_11_04_2024_n13.txt,5950,6147,"Stoję tutaj i wiem, że nie przekonam ani prawej strony, ani lewej strony, ale z równym poszanowaniem poglądów zarówno prawej strony, jak i lewej strony, w pełnym szacunku przedstawię swój argument.",['Whataboutism'],['Distraction'],False,False,True,False,False,False,"Я стою тут і знаю, що не переконаю ні праву сторону, ні ліву сторону, але з однаковою повагою до поглядів як правої сторони, так і лівої сторони, з повною повагою представлю свій аргумент."
